bear-apps/2022b/live
bear-apps/2024a/live
quarto-cli/1.4.533
GCCcore/13.3.0
zlib/1.3.1-GCCcore-13.3.0
binutils/2.42-GCCcore-13.3.0
GCC/13.3.0
OpenBLAS/0.3.27-GCC-13.3.0
FlexiBLAS/3.4.4-GCC-13.3.0
FFTW/3.3.10-GCC-13.3.0
gfbf/2024a
bzip2/1.0.8-GCCcore-13.3.0
expat/2.6.2-GCCcore-13.3.0
libpng/1.6.43-GCCcore-13.3.0
Brotli/1.1.0-GCCcore-13.3.0
freetype/2.13.2-GCCcore-13.3.0
ncurses/6.5-GCCcore-13.3.0
libreadline/8.2-GCCcore-13.3.0
Tcl/8.6.14-GCCcore-13.3.0
SQLite/3.45.3-GCCcore-13.3.0
util-linux/2.40-GCCcore-13.3.0
fontconfig/2.15.0-GCCcore-13.3.0
xorg-macros/1.20.1-GCCcore-13.3.0
libpciaccess/0.18.1-GCCcore-13.3.0
X11/20240607-GCCcore-13.3.0
gzip/1.13-GCCcore-13.3.0
XZ/5.4.5-GCCcore-13.3.0
lz4/1.9.4-GCCcore-13.3.0
zstd/1.5.6-GCCcore-13.3.0
libdrm/2.4.122-GCCcore-13.3.0
libglvnd/1.7.0-GCCcore-13.3.0
libunwind/1.8.1-GCCcore-13.3.0
LLVM/18.1.8-GCCcore-13.3.0-minimal
libffi/3.4.5-GCCcore-13.3.0
libxml2/2.12.7-GCCcore-13.3.0
Wayland/1.23.0-GCCcore-13.3.0
Mesa/24.1.3-GCCcore-13.3.0
libGLU/9.0.3-GCCcore-13.3.0
pixman/0.43.4-GCCcore-13.3.0
libiconv/1.17-GCCcore-13.3.0
gettext/0.22.5-GCCcore-13.3.0
PCRE2/10.43-GCCcore-13.3.0
GLib/2.80.4-GCCcore-13.3.0
cairo/1.18.0-GCCcore-13.3.0
NASM/2.16.03-GCCcore-13.3.0
libjpeg-turbo/3.0.1-GCCcore-13.3.0
jbigkit/2.1-GCCcore-13.3.0
libdeflate/1.20-GCCcore-13.3.0
LibTIFF/4.6.0-GCCcore-13.3.0
Java/17.0.15
OpenSSL/3
libgit2/1.8.1-GCCcore-13.3.0
cURL/8.7.1-GCCcore-13.3.0
Tk/8.6.14-GCCcore-13.3.0
ICU/75.1-GCCcore-13.3.0
HarfBuzz/9.0.0-GCCcore-13.3.0
FriBidi/1.0.15-GCCcore-13.3.0
R/4.5.0-gfbf-2024a
[1] "/rds/homes/a/axv209/R/library/4.5.0/EL8-ice"                             
[2] "/rds/bear-apps/2024a/EL8-ice/software/R/4.5.0-gfbf-2024a/lib64/R/library"
[1] "/rds/homes/a/axv209/R/library/4.5.0/EL8-ice"                             
[2] "/rds/bear-apps/2024a/EL8-ice/software/R/4.5.0-gfbf-2024a/lib64/R/library"
[1] "/rds/homes/a/axv209/R/library/4.5.0/EL8-ice"                             
[2] "/rds/bear-apps/2024a/EL8-ice/software/R/4.5.0-gfbf-2024a/lib64/R/library"
[1] "/rds/homes/a/axv209/R/library/4.5.0/EL8-ice"                             
[2] "/rds/bear-apps/2024a/EL8-ice/software/R/4.5.0-gfbf-2024a/lib64/R/library"
[1] "/rds/homes/a/axv209/R/library/4.5.0/EL8-ice"                             
[2] "/rds/bear-apps/2024a/EL8-ice/software/R/4.5.0-gfbf-2024a/lib64/R/library"
[1] "/rds/homes/a/axv209/R/library/4.5.0/EL8-ice"                             
[2] "/rds/bear-apps/2024a/EL8-ice/software/R/4.5.0-gfbf-2024a/lib64/R/library"
[1] "/rds/homes/a/axv209/R/library/4.5.0/EL8-ice"                             
[2] "/rds/bear-apps/2024a/EL8-ice/software/R/4.5.0-gfbf-2024a/lib64/R/library"
[1] "/rds/homes/a/axv209/R/library/4.5.0/EL8-ice"                             
[2] "/rds/bear-apps/2024a/EL8-ice/software/R/4.5.0-gfbf-2024a/lib64/R/library"
[1] "/rds/homes/a/axv209/R/library/4.5.0/EL8-ice"                             
[2] "/rds/bear-apps/2024a/EL8-ice/software/R/4.5.0-gfbf-2024a/lib64/R/library"
[1] "/rds/homes/a/axv209/R/library/4.5.0/EL8-ice"                             
[2] "/rds/bear-apps/2024a/EL8-ice/software/R/4.5.0-gfbf-2024a/lib64/R/library"
[1] "/rds/homes/a/axv209/R/library/4.5.0/EL8-ice"                             
[2] "/rds/bear-apps/2024a/EL8-ice/software/R/4.5.0-gfbf-2024a/lib64/R/library"
Installing package into ‘/rds/homes/a/axv209/R/library/4.5.0/EL8-ice’
(as ‘lib’ is unspecified)
also installing the dependencies ‘gh’, ‘rprojroot’, ‘rdtools’, ‘evaluate’, ‘waldo’, ‘usethis’, ‘cli’, ‘ellipsis’, ‘fs’, ‘pak’, ‘pkgdown’, ‘pkgload’, ‘roxygen2’, ‘rversions’, ‘testthat’

trying URL 'https://cloud.r-project.org/src/contrib/gh_1.6.1.tar.gz'
trying URL 'https://cloud.r-project.org/src/contrib/rprojroot_2.1.1.tar.gz'
trying URL 'https://cloud.r-project.org/src/contrib/rdtools_0.1.0.tar.gz'
trying URL 'https://cloud.r-project.org/src/contrib/evaluate_1.0.5.tar.gz'
trying URL 'https://cloud.r-project.org/src/contrib/waldo_0.6.2.tar.gz'
trying URL 'https://cloud.r-project.org/src/contrib/usethis_3.2.2.tar.gz'
trying URL 'https://cloud.r-project.org/src/contrib/cli_3.6.6.tar.gz'
trying URL 'https://cloud.r-project.org/src/contrib/ellipsis_0.3.3.tar.gz'
trying URL 'https://cloud.r-project.org/src/contrib/fs_2.1.0.tar.gz'
trying URL 'https://cloud.r-project.org/src/contrib/pak_0.11.1.tar.gz'
trying URL 'https://cloud.r-project.org/src/contrib/pkgdown_2.2.1.tar.gz'
trying URL 'https://cloud.r-project.org/src/contrib/pkgload_1.5.3.tar.gz'
trying URL 'https://cloud.r-project.org/src/contrib/roxygen2_8.1.0.tar.gz'
trying URL 'https://cloud.r-project.org/src/contrib/rversions_3.0.0.tar.gz'
trying URL 'https://cloud.r-project.org/src/contrib/testthat_3.3.2.tar.gz'
trying URL 'https://cloud.r-project.org/src/contrib/devtools_2.5.2.tar.gz'
* installing *source* package ‘rprojroot’ ...
** this is package ‘rprojroot’ version ‘2.1.1’
** package ‘rprojroot’ successfully unpacked and MD5 sums checked
** using staged installation
** R
** inst
** byte-compile and prepare package for lazy loading
** help
*** installing help indices
*** copying figures
** building package indices
** installing vignettes
** testing if installed package can be loaded from temporary location
** testing if installed package can be loaded from final location
** testing if installed package keeps a record of temporary installation path
* DONE (rprojroot)
* installing *source* package ‘rdtools’ ...
** this is package ‘rdtools’ version ‘0.1.0’
** package ‘rdtools’ successfully unpacked and MD5 sums checked
** using staged installation
** libs
using C compiler: ‘gcc (GCC) 13.3.0’
gcc -std=gnu2x -I"/rds/bear-apps/2024a/EL8-ice/software/R/4.5.0-gfbf-2024a/lib64/R/include" -DNDEBUG   -I/rds/bear-apps/2024a/EL8-ice/software/FriBidi/1.0.15-GCCcore-13.3.0/include -I/rds/bear-apps/2024a/EL8-ice/software/HarfBuzz/9.0.0-GCCcore-13.3.0/include -I/rds/bear-apps/2024a/EL8-ice/software/Tk/8.6.14-GCCcore-13.3.0/include -I/rds/bear-apps/2024a/EL8-ice/software/cURL/8.7.1-GCCcore-13.3.0/include -I/rds/bear-apps/2024a/EL8-ice/software/OpenSSL/3/include -I/rds/bear-apps/2024a/EL8-ice/software/libgit2/1.8.1-GCCcore-13.3.0/include -I/rds/bear-apps/2024a/EL8-ice/software/Java/17.0.15/include -I/rds/bear-apps/2024a/EL8-ice/software/LibTIFF/4.6.0-GCCcore-13.3.0/include -I/rds/bear-apps/2024a/EL8-ice/software/libjpeg-turbo/3.0.1-GCCcore-13.3.0/include -I/rds/bear-apps/2024a/EL8-ice/software/libpng/1.6.43-GCCcore-13.3.0/include -I/rds/bear-apps/2024a/EL8-ice/software/PCRE2/10.43-GCCcore-13.3.0/include -I/rds/bear-apps/2024a/EL8-ice/software/SQLite/3.45.3-GCCcore-13.3.0/include -I/rds/bear-apps/2024a/EL8-ice/software/zlib/1.3.1-GCCcore-13.3.0/include -I/rds/bear-apps/2024a/EL8-ice/software/XZ/5.4.5-GCCcore-13.3.0/include -I/rds/bear-apps/2024a/EL8-ice/software/bzip2/1.0.8-GCCcore-13.3.0/include -I/rds/bear-apps/2024a/EL8-ice/software/ncurses/6.5-GCCcore-13.3.0/include -I/rds/bear-apps/2024a/EL8-ice/software/libreadline/8.2-GCCcore-13.3.0/include -I/rds/bear-apps/2024a/EL8-ice/software/cairo/1.18.0-GCCcore-13.3.0/include -I/rds/bear-apps/2024a/EL8-ice/software/libGLU/9.0.3-GCCcore-13.3.0/include -I/rds/bear-apps/2024a/EL8-ice/software/Mesa/24.1.3-GCCcore-13.3.0/include -I/rds/bear-apps/2024a/EL8-ice/software/X11/20240607-GCCcore-13.3.0/include -I/rds/bear-apps/2024a/EL8-ice/software/pkgconf/2.2.0-GCCcore-13.3.0/include -I/rds/bear-apps/2024a/EL8-ice/software/FFTW/3.3.10-GCC-13.3.0/include -I/rds/bear-apps/2024a/EL8-ice/software/FlexiBLAS/3.4.4-GCC-13.3.0/include -I/rds/bear-apps/2024a/EL8-ice/software/FlexiBLAS/3.4.4-GCC-13.3.0/include/flexiblas    -fpic  -O2 -ftree-vectorize -march=native -fno-math-errno  -c init.c -o init.o
gcc -std=gnu2x -I"/rds/bear-apps/2024a/EL8-ice/software/R/4.5.0-gfbf-2024a/lib64/R/include" -DNDEBUG   -I/rds/bear-apps/2024a/EL8-ice/software/FriBidi/1.0.15-GCCcore-13.3.0/include -I/rds/bear-apps/2024a/EL8-ice/software/HarfBuzz/9.0.0-GCCcore-13.3.0/include -I/rds/bear-apps/2024a/EL8-ice/software/Tk/8.6.14-GCCcore-13.3.0/include -I/rds/bear-apps/2024a/EL8-ice/software/cURL/8.7.1-GCCcore-13.3.0/include -I/rds/bear-apps/2024a/EL8-ice/software/OpenSSL/3/include -I/rds/bear-apps/2024a/EL8-ice/software/libgit2/1.8.1-GCCcore-13.3.0/include -I/rds/bear-apps/2024a/EL8-ice/software/Java/17.0.15/include -I/rds/bear-apps/2024a/EL8-ice/software/LibTIFF/4.6.0-GCCcore-13.3.0/include -I/rds/bear-apps/2024a/EL8-ice/software/libjpeg-turbo/3.0.1-GCCcore-13.3.0/include -I/rds/bear-apps/2024a/EL8-ice/software/libpng/1.6.43-GCCcore-13.3.0/include -I/rds/bear-apps/2024a/EL8-ice/software/PCRE2/10.43-GCCcore-13.3.0/include -I/rds/bear-apps/2024a/EL8-ice/software/SQLite/3.45.3-GCCcore-13.3.0/include -I/rds/bear-apps/2024a/EL8-ice/software/zlib/1.3.1-GCCcore-13.3.0/include -I/rds/bear-apps/2024a/EL8-ice/software/XZ/5.4.5-GCCcore-13.3.0/include -I/rds/bear-apps/2024a/EL8-ice/software/bzip2/1.0.8-GCCcore-13.3.0/include -I/rds/bear-apps/2024a/EL8-ice/software/ncurses/6.5-GCCcore-13.3.0/include -I/rds/bear-apps/2024a/EL8-ice/software/libreadline/8.2-GCCcore-13.3.0/include -I/rds/bear-apps/2024a/EL8-ice/software/cairo/1.18.0-GCCcore-13.3.0/include -I/rds/bear-apps/2024a/EL8-ice/software/libGLU/9.0.3-GCCcore-13.3.0/include -I/rds/bear-apps/2024a/EL8-ice/software/Mesa/24.1.3-GCCcore-13.3.0/include -I/rds/bear-apps/2024a/EL8-ice/software/X11/20240607-GCCcore-13.3.0/include -I/rds/bear-apps/2024a/EL8-ice/software/pkgconf/2.2.0-GCCcore-13.3.0/include -I/rds/bear-apps/2024a/EL8-ice/software/FFTW/3.3.10-GCC-13.3.0/include -I/rds/bear-apps/2024a/EL8-ice/software/FlexiBLAS/3.4.4-GCC-13.3.0/include -I/rds/bear-apps/2024a/EL8-ice/software/FlexiBLAS/3.4.4-GCC-13.3.0/include/flexiblas    -fpic  -O2 -ftree-vectorize -march=native -fno-math-errno  -c rd-index.c -o rd-index.o
gcc -std=gnu2x -shared -L/rds/bear-apps/2024a/EL8-ice/software/R/4.5.0-gfbf-2024a/lib64/R/lib -L/rds/bear-apps/2024a/EL8-ice/software/FriBidi/1.0.15-GCCcore-13.3.0/lib64 -L/rds/bear-apps/2024a/EL8-ice/software/FriBidi/1.0.15-GCCcore-13.3.0/lib -L/rds/bear-apps/2024a/EL8-ice/software/HarfBuzz/9.0.0-GCCcore-13.3.0/lib64 -L/rds/bear-apps/2024a/EL8-ice/software/HarfBuzz/9.0.0-GCCcore-13.3.0/lib -L/rds/bear-apps/2024a/EL8-ice/software/Tk/8.6.14-GCCcore-13.3.0/lib64 -L/rds/bear-apps/2024a/EL8-ice/software/Tk/8.6.14-GCCcore-13.3.0/lib -L/rds/bear-apps/2024a/EL8-ice/software/cURL/8.7.1-GCCcore-13.3.0/lib64 -L/rds/bear-apps/2024a/EL8-ice/software/cURL/8.7.1-GCCcore-13.3.0/lib -L/rds/bear-apps/2024a/EL8-ice/software/OpenSSL/3/lib64 -L/rds/bear-apps/2024a/EL8-ice/software/OpenSSL/3/lib -L/rds/bear-apps/2024a/EL8-ice/software/libgit2/1.8.1-GCCcore-13.3.0/lib64 -L/rds/bear-apps/2024a/EL8-ice/software/libgit2/1.8.1-GCCcore-13.3.0/lib -L/rds/bear-apps/2024a/EL8-ice/software/Java/17.0.15/lib64 -L/rds/bear-apps/2024a/EL8-ice/software/Java/17.0.15/lib -L/rds/bear-apps/2024a/EL8-ice/software/LibTIFF/4.6.0-GCCcore-13.3.0/lib64 -L/rds/bear-apps/2024a/EL8-ice/software/LibTIFF/4.6.0-GCCcore-13.3.0/lib -L/rds/bear-apps/2024a/EL8-ice/software/libjpeg-turbo/3.0.1-GCCcore-13.3.0/lib64 -L/rds/bear-apps/2024a/EL8-ice/software/libjpeg-turbo/3.0.1-GCCcore-13.3.0/lib -L/rds/bear-apps/2024a/EL8-ice/software/libpng/1.6.43-GCCcore-13.3.0/lib64 -L/rds/bear-apps/2024a/EL8-ice/software/libpng/1.6.43-GCCcore-13.3.0/lib -L/rds/bear-apps/2024a/EL8-ice/software/PCRE2/10.43-GCCcore-13.3.0/lib64 -L/rds/bear-apps/2024a/EL8-ice/software/PCRE2/10.43-GCCcore-13.3.0/lib -L/rds/bear-apps/2024a/EL8-ice/software/SQLite/3.45.3-GCCcore-13.3.0/lib64 -L/rds/bear-apps/2024a/EL8-ice/software/SQLite/3.45.3-GCCcore-13.3.0/lib -L/rds/bear-apps/2024a/EL8-ice/software/zlib/1.3.1-GCCcore-13.3.0/lib64 -L/rds/bear-apps/2024a/EL8-ice/software/zlib/1.3.1-GCCcore-13.3.0/lib -L/rds/bear-apps/2024a/EL8-ice/software/XZ/5.4.5-GCCcore-13.3.0/lib64 -L/rds/bear-apps/2024a/EL8-ice/software/XZ/5.4.5-GCCcore-13.3.0/lib -L/rds/bear-apps/2024a/EL8-ice/software/bzip2/1.0.8-GCCcore-13.3.0/lib64 -L/rds/bear-apps/2024a/EL8-ice/software/bzip2/1.0.8-GCCcore-13.3.0/lib -L/rds/bear-apps/2024a/EL8-ice/software/ncurses/6.5-GCCcore-13.3.0/lib64 -L/rds/bear-apps/2024a/EL8-ice/software/ncurses/6.5-GCCcore-13.3.0/lib -L/rds/bear-apps/2024a/EL8-ice/software/libreadline/8.2-GCCcore-13.3.0/lib64 -L/rds/bear-apps/2024a/EL8-ice/software/libreadline/8.2-GCCcore-13.3.0/lib -L/rds/bear-apps/2024a/EL8-ice/software/cairo/1.18.0-GCCcore-13.3.0/lib64 -L/rds/bear-apps/2024a/EL8-ice/software/cairo/1.18.0-GCCcore-13.3.0/lib -L/rds/bear-apps/2024a/EL8-ice/software/libGLU/9.0.3-GCCcore-13.3.0/lib64 -L/rds/bear-apps/2024a/EL8-ice/software/libGLU/9.0.3-GCCcore-13.3.0/lib -L/rds/bear-apps/2024a/EL8-ice/software/Mesa/24.1.3-GCCcore-13.3.0/lib64 -L/rds/bear-apps/2024a/EL8-ice/software/Mesa/24.1.3-GCCcore-13.3.0/lib -L/rds/bear-apps/2024a/EL8-ice/software/X11/20240607-GCCcore-13.3.0/lib64 -L/rds/bear-apps/2024a/EL8-ice/software/X11/20240607-GCCcore-13.3.0/lib -L/rds/bear-apps/2024a/EL8-ice/software/pkgconf/2.2.0-GCCcore-13.3.0/lib64 -L/rds/bear-apps/2024a/EL8-ice/software/pkgconf/2.2.0-GCCcore-13.3.0/lib -L/rds/bear-apps/2024a/EL8-ice/software/FFTW/3.3.10-GCC-13.3.0/lib64 -L/rds/bear-apps/2024a/EL8-ice/software/FFTW/3.3.10-GCC-13.3.0/lib -L/rds/bear-apps/2024a/EL8-ice/software/FlexiBLAS/3.4.4-GCC-13.3.0/lib64 -L/rds/bear-apps/2024a/EL8-ice/software/FlexiBLAS/3.4.4-GCC-13.3.0/lib -L/rds/bear-apps/2024a/EL8-ice/software/GCCcore/13.3.0/lib64 -L/rds/bear-apps/2024a/EL8-ice/software/GCCcore/13.3.0/lib -o rdtools.so init.o rd-index.o -L/rds/bear-apps/2024a/EL8-ice/software/R/4.5.0-gfbf-2024a/lib64/R/lib -lR
installing to /rds/homes/a/axv209/R/library/4.5.0/EL8-ice/00LOCK-rdtools/00new/rdtools/libs
** R
** byte-compile and prepare package for lazy loading
** help
*** installing help indices
** building package indices
** testing if installed package can be loaded from temporary location
** checking absolute paths in shared objects and dynamic libraries
** testing if installed package can be loaded from final location
** testing if installed package keeps a record of temporary installation path
* DONE (rdtools)
* installing *source* package ‘evaluate’ ...
** this is package ‘evaluate’ version ‘1.0.5’
** package ‘evaluate’ successfully unpacked and MD5 sums checked
** using staged installation
** R
** byte-compile and prepare package for lazy loading
** help
*** installing help indices
** building package indices
** testing if installed package can be loaded from temporary location
** testing if installed package can be loaded from final location
** testing if installed package keeps a record of temporary installation path
* DONE (evaluate)
* installing *source* package ‘cli’ ...
** this is package ‘cli’ version ‘3.6.6’
** package ‘cli’ successfully unpacked and MD5 sums checked
** using staged installation
** libs
using C compiler: ‘gcc (GCC) 13.3.0’
gcc -std=gnu2x -I"/rds/bear-apps/2024a/EL8-ice/software/R/4.5.0-gfbf-2024a/lib64/R/include" -DNDEBUG -I../inst/include  -I/rds/bear-apps/2024a/EL8-ice/software/FriBidi/1.0.15-GCCcore-13.3.0/include -I/rds/bear-apps/2024a/EL8-ice/software/HarfBuzz/9.0.0-GCCcore-13.3.0/include -I/rds/bear-apps/2024a/EL8-ice/software/Tk/8.6.14-GCCcore-13.3.0/include -I/rds/bear-apps/2024a/EL8-ice/software/cURL/8.7.1-GCCcore-13.3.0/include -I/rds/bear-apps/2024a/EL8-ice/software/OpenSSL/3/include -I/rds/bear-apps/2024a/EL8-ice/software/libgit2/1.8.1-GCCcore-13.3.0/include -I/rds/bear-apps/2024a/EL8-ice/software/Java/17.0.15/include -I/rds/bear-apps/2024a/EL8-ice/software/LibTIFF/4.6.0-GCCcore-13.3.0/include -I/rds/bear-apps/2024a/EL8-ice/software/libjpeg-turbo/3.0.1-GCCcore-13.3.0/include -I/rds/bear-apps/2024a/EL8-ice/software/libpng/1.6.43-GCCcore-13.3.0/include -I/rds/bear-apps/2024a/EL8-ice/software/PCRE2/10.43-GCCcore-13.3.0/include -I/rds/bear-apps/2024a/EL8-ice/software/SQLite/3.45.3-GCCcore-13.3.0/include -I/rds/bear-apps/2024a/EL8-ice/software/zlib/1.3.1-GCCcore-13.3.0/include -I/rds/bear-apps/2024a/EL8-ice/software/XZ/5.4.5-GCCcore-13.3.0/include -I/rds/bear-apps/2024a/EL8-ice/software/bzip2/1.0.8-GCCcore-13.3.0/include -I/rds/bear-apps/2024a/EL8-ice/software/ncurses/6.5-GCCcore-13.3.0/include -I/rds/bear-apps/2024a/EL8-ice/software/libreadline/8.2-GCCcore-13.3.0/include -I/rds/bear-apps/2024a/EL8-ice/software/cairo/1.18.0-GCCcore-13.3.0/include -I/rds/bear-apps/2024a/EL8-ice/software/libGLU/9.0.3-GCCcore-13.3.0/include -I/rds/bear-apps/2024a/EL8-ice/software/Mesa/24.1.3-GCCcore-13.3.0/include -I/rds/bear-apps/2024a/EL8-ice/software/X11/20240607-GCCcore-13.3.0/include -I/rds/bear-apps/2024a/EL8-ice/software/pkgconf/2.2.0-GCCcore-13.3.0/include -I/rds/bear-apps/2024a/EL8-ice/software/FFTW/3.3.10-GCC-13.3.0/include -I/rds/bear-apps/2024a/EL8-ice/software/FlexiBLAS/3.4.4-GCC-13.3.0/include -I/rds/bear-apps/2024a/EL8-ice/software/FlexiBLAS/3.4.4-GCC-13.3.0/include/flexiblas   -fvisibility=hidden -fpic  -O2 -ftree-vectorize -march=native -fno-math-errno  -c ansi.c -o ansi.o
gcc -std=gnu2x -I"/rds/bear-apps/2024a/EL8-ice/software/R/4.5.0-gfbf-2024a/lib64/R/include" -DNDEBUG -I../inst/include  -I/rds/bear-apps/2024a/EL8-ice/software/FriBidi/1.0.15-GCCcore-13.3.0/include -I/rds/bear-apps/2024a/EL8-ice/software/HarfBuzz/9.0.0-GCCcore-13.3.0/include -I/rds/bear-apps/2024a/EL8-ice/software/Tk/8.6.14-GCCcore-13.3.0/include -I/rds/bear-apps/2024a/EL8-ice/software/cURL/8.7.1-GCCcore-13.3.0/include -I/rds/bear-apps/2024a/EL8-ice/software/OpenSSL/3/include -I/rds/bear-apps/2024a/EL8-ice/software/libgit2/1.8.1-GCCcore-13.3.0/include -I/rds/bear-apps/2024a/EL8-ice/software/Java/17.0.15/include -I/rds/bear-apps/2024a/EL8-ice/software/LibTIFF/4.6.0-GCCcore-13.3.0/include -I/rds/bear-apps/2024a/EL8-ice/software/libjpeg-turbo/3.0.1-GCCcore-13.3.0/include -I/rds/bear-apps/2024a/EL8-ice/software/libpng/1.6.43-GCCcore-13.3.0/include -I/rds/bear-apps/2024a/EL8-ice/software/PCRE2/10.43-GCCcore-13.3.0/include -I/rds/bear-apps/2024a/EL8-ice/software/SQLite/3.45.3-GCCcore-13.3.0/include -I/rds/bear-apps/2024a/EL8-ice/software/zlib/1.3.1-GCCcore-13.3.0/include -I/rds/bear-apps/2024a/EL8-ice/software/XZ/5.4.5-GCCcore-13.3.0/include -I/rds/bear-apps/2024a/EL8-ice/software/bzip2/1.0.8-GCCcore-13.3.0/include -I/rds/bear-apps/2024a/EL8-ice/software/ncurses/6.5-GCCcore-13.3.0/include -I/rds/bear-apps/2024a/EL8-ice/software/libreadline/8.2-GCCcore-13.3.0/include -I/rds/bear-apps/2024a/EL8-ice/software/cairo/1.18.0-GCCcore-13.3.0/include -I/rds/bear-apps/2024a/EL8-ice/software/libGLU/9.0.3-GCCcore-13.3.0/include -I/rds/bear-apps/2024a/EL8-ice/software/Mesa/24.1.3-GCCcore-13.3.0/include -I/rds/bear-apps/2024a/EL8-ice/software/X11/20240607-GCCcore-13.3.0/include -I/rds/bear-apps/2024a/EL8-ice/software/pkgconf/2.2.0-GCCcore-13.3.0/include -I/rds/bear-apps/2024a/EL8-ice/software/FFTW/3.3.10-GCC-13.3.0/include -I/rds/bear-apps/2024a/EL8-ice/software/FlexiBLAS/3.4.4-GCC-13.3.0/include -I/rds/bear-apps/2024a/EL8-ice/software/FlexiBLAS/3.4.4-GCC-13.3.0/include/flexiblas   -fvisibility=hidden -fpic  -O2 -ftree-vectorize -march=native -fno-math-errno  -c cleancall.c -o cleancall.o
gcc -std=gnu2x -I"/rds/bear-apps/2024a/EL8-ice/software/R/4.5.0-gfbf-2024a/lib64/R/include" -DNDEBUG -I../inst/include  -I/rds/bear-apps/2024a/EL8-ice/software/FriBidi/1.0.15-GCCcore-13.3.0/include -I/rds/bear-apps/2024a/EL8-ice/software/HarfBuzz/9.0.0-GCCcore-13.3.0/include -I/rds/bear-apps/2024a/EL8-ice/software/Tk/8.6.14-GCCcore-13.3.0/include -I/rds/bear-apps/2024a/EL8-ice/software/cURL/8.7.1-GCCcore-13.3.0/include -I/rds/bear-apps/2024a/EL8-ice/software/OpenSSL/3/include -I/rds/bear-apps/2024a/EL8-ice/software/libgit2/1.8.1-GCCcore-13.3.0/include -I/rds/bear-apps/2024a/EL8-ice/software/Java/17.0.15/include -I/rds/bear-apps/2024a/EL8-ice/software/LibTIFF/4.6.0-GCCcore-13.3.0/include -I/rds/bear-apps/2024a/EL8-ice/software/libjpeg-turbo/3.0.1-GCCcore-13.3.0/include -I/rds/bear-apps/2024a/EL8-ice/software/libpng/1.6.43-GCCcore-13.3.0/include -I/rds/bear-apps/2024a/EL8-ice/software/PCRE2/10.43-GCCcore-13.3.0/include -I/rds/bear-apps/2024a/EL8-ice/software/SQLite/3.45.3-GCCcore-13.3.0/include -I/rds/bear-apps/2024a/EL8-ice/software/zlib/1.3.1-GCCcore-13.3.0/include -I/rds/bear-apps/2024a/EL8-ice/software/XZ/5.4.5-GCCcore-13.3.0/include -I/rds/bear-apps/2024a/EL8-ice/software/bzip2/1.0.8-GCCcore-13.3.0/include -I/rds/bear-apps/2024a/EL8-ice/software/ncurses/6.5-GCCcore-13.3.0/include -I/rds/bear-apps/2024a/EL8-ice/software/libreadline/8.2-GCCcore-13.3.0/include -I/rds/bear-apps/2024a/EL8-ice/software/cairo/1.18.0-GCCcore-13.3.0/include -I/rds/bear-apps/2024a/EL8-ice/software/libGLU/9.0.3-GCCcore-13.3.0/include -I/rds/bear-apps/2024a/EL8-ice/software/Mesa/24.1.3-GCCcore-13.3.0/include -I/rds/bear-apps/2024a/EL8-ice/software/X11/20240607-GCCcore-13.3.0/include -I/rds/bear-apps/2024a/EL8-ice/software/pkgconf/2.2.0-GCCcore-13.3.0/include -I/rds/bear-apps/2024a/EL8-ice/software/FFTW/3.3.10-GCC-13.3.0/include -I/rds/bear-apps/2024a/EL8-ice/software/FlexiBLAS/3.4.4-GCC-13.3.0/include -I/rds/bear-apps/2024a/EL8-ice/software/FlexiBLAS/3.4.4-GCC-13.3.0/include/flexiblas   -fvisibility=hidden -fpic  -O2 -ftree-vectorize -march=native -fno-math-errno  -c diff.c -o diff.o
gcc -std=gnu2x -I"/rds/bear-apps/2024a/EL8-ice/software/R/4.5.0-gfbf-2024a/lib64/R/include" -DNDEBUG -I../inst/include  -I/rds/bear-apps/2024a/EL8-ice/software/FriBidi/1.0.15-GCCcore-13.3.0/include -I/rds/bear-apps/2024a/EL8-ice/software/HarfBuzz/9.0.0-GCCcore-13.3.0/include -I/rds/bear-apps/2024a/EL8-ice/software/Tk/8.6.14-GCCcore-13.3.0/include -I/rds/bear-apps/2024a/EL8-ice/software/cURL/8.7.1-GCCcore-13.3.0/include -I/rds/bear-apps/2024a/EL8-ice/software/OpenSSL/3/include -I/rds/bear-apps/2024a/EL8-ice/software/libgit2/1.8.1-GCCcore-13.3.0/include -I/rds/bear-apps/2024a/EL8-ice/software/Java/17.0.15/include -I/rds/bear-apps/2024a/EL8-ice/software/LibTIFF/4.6.0-GCCcore-13.3.0/include -I/rds/bear-apps/2024a/EL8-ice/software/libjpeg-turbo/3.0.1-GCCcore-13.3.0/include -I/rds/bear-apps/2024a/EL8-ice/software/libpng/1.6.43-GCCcore-13.3.0/include -I/rds/bear-apps/2024a/EL8-ice/software/PCRE2/10.43-GCCcore-13.3.0/include -I/rds/bear-apps/2024a/EL8-ice/software/SQLite/3.45.3-GCCcore-13.3.0/include -I/rds/bear-apps/2024a/EL8-ice/software/zlib/1.3.1-GCCcore-13.3.0/include -I/rds/bear-apps/2024a/EL8-ice/software/XZ/5.4.5-GCCcore-13.3.0/include -I/rds/bear-apps/2024a/EL8-ice/software/bzip2/1.0.8-GCCcore-13.3.0/include -I/rds/bear-apps/2024a/EL8-ice/software/ncurses/6.5-GCCcore-13.3.0/include -I/rds/bear-apps/2024a/EL8-ice/software/libreadline/8.2-GCCcore-13.3.0/include -I/rds/bear-apps/2024a/EL8-ice/software/cairo/1.18.0-GCCcore-13.3.0/include -I/rds/bear-apps/2024a/EL8-ice/software/libGLU/9.0.3-GCCcore-13.3.0/include -I/rds/bear-apps/2024a/EL8-ice/software/Mesa/24.1.3-GCCcore-13.3.0/include -I/rds/bear-apps/2024a/EL8-ice/software/X11/20240607-GCCcore-13.3.0/include -I/rds/bear-apps/2024a/EL8-ice/software/pkgconf/2.2.0-GCCcore-13.3.0/include -I/rds/bear-apps/2024a/EL8-ice/software/FFTW/3.3.10-GCC-13.3.0/include -I/rds/bear-apps/2024a/EL8-ice/software/FlexiBLAS/3.4.4-GCC-13.3.0/include -I/rds/bear-apps/2024a/EL8-ice/software/FlexiBLAS/3.4.4-GCC-13.3.0/include/flexiblas   -fvisibility=hidden -fpic  -O2 -ftree-vectorize -march=native -fno-math-errno  -c errors.c -o errors.o
gcc -std=gnu2x -I"/rds/bear-apps/2024a/EL8-ice/software/R/4.5.0-gfbf-2024a/lib64/R/include" -DNDEBUG -I../inst/include  -I/rds/bear-apps/2024a/EL8-ice/software/FriBidi/1.0.15-GCCcore-13.3.0/include -I/rds/bear-apps/2024a/EL8-ice/software/HarfBuzz/9.0.0-GCCcore-13.3.0/include -I/rds/bear-apps/2024a/EL8-ice/software/Tk/8.6.14-GCCcore-13.3.0/include -I/rds/bear-apps/2024a/EL8-ice/software/cURL/8.7.1-GCCcore-13.3.0/include -I/rds/bear-apps/2024a/EL8-ice/software/OpenSSL/3/include -I/rds/bear-apps/2024a/EL8-ice/software/libgit2/1.8.1-GCCcore-13.3.0/include -I/rds/bear-apps/2024a/EL8-ice/software/Java/17.0.15/include -I/rds/bear-apps/2024a/EL8-ice/software/LibTIFF/4.6.0-GCCcore-13.3.0/include -I/rds/bear-apps/2024a/EL8-ice/software/libjpeg-turbo/3.0.1-GCCcore-13.3.0/include -I/rds/bear-apps/2024a/EL8-ice/software/libpng/1.6.43-GCCcore-13.3.0/include -I/rds/bear-apps/2024a/EL8-ice/software/PCRE2/10.43-GCCcore-13.3.0/include -I/rds/bear-apps/2024a/EL8-ice/software/SQLite/3.45.3-GCCcore-13.3.0/include -I/rds/bear-apps/2024a/EL8-ice/software/zlib/1.3.1-GCCcore-13.3.0/include -I/rds/bear-apps/2024a/EL8-ice/software/XZ/5.4.5-GCCcore-13.3.0/include -I/rds/bear-apps/2024a/EL8-ice/software/bzip2/1.0.8-GCCcore-13.3.0/include -I/rds/bear-apps/2024a/EL8-ice/software/ncurses/6.5-GCCcore-13.3.0/include -I/rds/bear-apps/2024a/EL8-ice/software/libreadline/8.2-GCCcore-13.3.0/include -I/rds/bear-apps/2024a/EL8-ice/software/cairo/1.18.0-GCCcore-13.3.0/include -I/rds/bear-apps/2024a/EL8-ice/software/libGLU/9.0.3-GCCcore-13.3.0/include -I/rds/bear-apps/2024a/EL8-ice/software/Mesa/24.1.3-GCCcore-13.3.0/include -I/rds/bear-apps/2024a/EL8-ice/software/X11/20240607-GCCcore-13.3.0/include -I/rds/bear-apps/2024a/EL8-ice/software/pkgconf/2.2.0-GCCcore-13.3.0/include -I/rds/bear-apps/2024a/EL8-ice/software/FFTW/3.3.10-GCC-13.3.0/include -I/rds/bear-apps/2024a/EL8-ice/software/FlexiBLAS/3.4.4-GCC-13.3.0/include -I/rds/bear-apps/2024a/EL8-ice/software/FlexiBLAS/3.4.4-GCC-13.3.0/include/flexiblas   -fvisibility=hidden -fpic  -O2 -ftree-vectorize -march=native -fno-math-errno  -c glue.c -o glue.o
gcc -std=gnu2x -I"/rds/bear-apps/2024a/EL8-ice/software/R/4.5.0-gfbf-2024a/lib64/R/include" -DNDEBUG -I../inst/include  -I/rds/bear-apps/2024a/EL8-ice/software/FriBidi/1.0.15-GCCcore-13.3.0/include -I/rds/bear-apps/2024a/EL8-ice/software/HarfBuzz/9.0.0-GCCcore-13.3.0/include -I/rds/bear-apps/2024a/EL8-ice/software/Tk/8.6.14-GCCcore-13.3.0/include -I/rds/bear-apps/2024a/EL8-ice/software/cURL/8.7.1-GCCcore-13.3.0/include -I/rds/bear-apps/2024a/EL8-ice/software/OpenSSL/3/include -I/rds/bear-apps/2024a/EL8-ice/software/libgit2/1.8.1-GCCcore-13.3.0/include -I/rds/bear-apps/2024a/EL8-ice/software/Java/17.0.15/include -I/rds/bear-apps/2024a/EL8-ice/software/LibTIFF/4.6.0-GCCcore-13.3.0/include -I/rds/bear-apps/2024a/EL8-ice/software/libjpeg-turbo/3.0.1-GCCcore-13.3.0/include -I/rds/bear-apps/2024a/EL8-ice/software/libpng/1.6.43-GCCcore-13.3.0/include -I/rds/bear-apps/2024a/EL8-ice/software/PCRE2/10.43-GCCcore-13.3.0/include -I/rds/bear-apps/2024a/EL8-ice/software/SQLite/3.45.3-GCCcore-13.3.0/include -I/rds/bear-apps/2024a/EL8-ice/software/zlib/1.3.1-GCCcore-13.3.0/include -I/rds/bear-apps/2024a/EL8-ice/software/XZ/5.4.5-GCCcore-13.3.0/include -I/rds/bear-apps/2024a/EL8-ice/software/bzip2/1.0.8-GCCcore-13.3.0/include -I/rds/bear-apps/2024a/EL8-ice/software/ncurses/6.5-GCCcore-13.3.0/include -I/rds/bear-apps/2024a/EL8-ice/software/libreadline/8.2-GCCcore-13.3.0/include -I/rds/bear-apps/2024a/EL8-ice/software/cairo/1.18.0-GCCcore-13.3.0/include -I/rds/bear-apps/2024a/EL8-ice/software/libGLU/9.0.3-GCCcore-13.3.0/include -I/rds/bear-apps/2024a/EL8-ice/software/Mesa/24.1.3-GCCcore-13.3.0/include -I/rds/bear-apps/2024a/EL8-ice/software/X11/20240607-GCCcore-13.3.0/include -I/rds/bear-apps/2024a/EL8-ice/software/pkgconf/2.2.0-GCCcore-13.3.0/include -I/rds/bear-apps/2024a/EL8-ice/software/FFTW/3.3.10-GCC-13.3.0/include -I/rds/bear-apps/2024a/EL8-ice/software/FlexiBLAS/3.4.4-GCC-13.3.0/include -I/rds/bear-apps/2024a/EL8-ice/software/FlexiBLAS/3.4.4-GCC-13.3.0/include/flexiblas   -fvisibility=hidden -fpic  -O2 -ftree-vectorize -march=native -fno-math-errno  -c init.c -o init.o
gcc -std=gnu2x -I"/rds/bear-apps/2024a/EL8-ice/software/R/4.5.0-gfbf-2024a/lib64/R/include" -DNDEBUG -I../inst/include  -I/rds/bear-apps/2024a/EL8-ice/software/FriBidi/1.0.15-GCCcore-13.3.0/include -I/rds/bear-apps/2024a/EL8-ice/software/HarfBuzz/9.0.0-GCCcore-13.3.0/include -I/rds/bear-apps/2024a/EL8-ice/software/Tk/8.6.14-GCCcore-13.3.0/include -I/rds/bear-apps/2024a/EL8-ice/software/cURL/8.7.1-GCCcore-13.3.0/include -I/rds/bear-apps/2024a/EL8-ice/software/OpenSSL/3/include -I/rds/bear-apps/2024a/EL8-ice/software/libgit2/1.8.1-GCCcore-13.3.0/include -I/rds/bear-apps/2024a/EL8-ice/software/Java/17.0.15/include -I/rds/bear-apps/2024a/EL8-ice/software/LibTIFF/4.6.0-GCCcore-13.3.0/include -I/rds/bear-apps/2024a/EL8-ice/software/libjpeg-turbo/3.0.1-GCCcore-13.3.0/include -I/rds/bear-apps/2024a/EL8-ice/software/libpng/1.6.43-GCCcore-13.3.0/include -I/rds/bear-apps/2024a/EL8-ice/software/PCRE2/10.43-GCCcore-13.3.0/include -I/rds/bear-apps/2024a/EL8-ice/software/SQLite/3.45.3-GCCcore-13.3.0/include -I/rds/bear-apps/2024a/EL8-ice/software/zlib/1.3.1-GCCcore-13.3.0/include -I/rds/bear-apps/2024a/EL8-ice/software/XZ/5.4.5-GCCcore-13.3.0/include -I/rds/bear-apps/2024a/EL8-ice/software/bzip2/1.0.8-GCCcore-13.3.0/include -I/rds/bear-apps/2024a/EL8-ice/software/ncurses/6.5-GCCcore-13.3.0/include -I/rds/bear-apps/2024a/EL8-ice/software/libreadline/8.2-GCCcore-13.3.0/include -I/rds/bear-apps/2024a/EL8-ice/software/cairo/1.18.0-GCCcore-13.3.0/include -I/rds/bear-apps/2024a/EL8-ice/software/libGLU/9.0.3-GCCcore-13.3.0/include -I/rds/bear-apps/2024a/EL8-ice/software/Mesa/24.1.3-GCCcore-13.3.0/include -I/rds/bear-apps/2024a/EL8-ice/software/X11/20240607-GCCcore-13.3.0/include -I/rds/bear-apps/2024a/EL8-ice/software/pkgconf/2.2.0-GCCcore-13.3.0/include -I/rds/bear-apps/2024a/EL8-ice/software/FFTW/3.3.10-GCC-13.3.0/include -I/rds/bear-apps/2024a/EL8-ice/software/FlexiBLAS/3.4.4-GCC-13.3.0/include -I/rds/bear-apps/2024a/EL8-ice/software/FlexiBLAS/3.4.4-GCC-13.3.0/include/flexiblas   -fvisibility=hidden -fpic  -O2 -ftree-vectorize -march=native -fno-math-errno  -c inst.c -o inst.o
gcc -std=gnu2x -I"/rds/bear-apps/2024a/EL8-ice/software/R/4.5.0-gfbf-2024a/lib64/R/include" -DNDEBUG -I../inst/include  -I/rds/bear-apps/2024a/EL8-ice/software/FriBidi/1.0.15-GCCcore-13.3.0/include -I/rds/bear-apps/2024a/EL8-ice/software/HarfBuzz/9.0.0-GCCcore-13.3.0/include -I/rds/bear-apps/2024a/EL8-ice/software/Tk/8.6.14-GCCcore-13.3.0/include -I/rds/bear-apps/2024a/EL8-ice/software/cURL/8.7.1-GCCcore-13.3.0/include -I/rds/bear-apps/2024a/EL8-ice/software/OpenSSL/3/include -I/rds/bear-apps/2024a/EL8-ice/software/libgit2/1.8.1-GCCcore-13.3.0/include -I/rds/bear-apps/2024a/EL8-ice/software/Java/17.0.15/include -I/rds/bear-apps/2024a/EL8-ice/software/LibTIFF/4.6.0-GCCcore-13.3.0/include -I/rds/bear-apps/2024a/EL8-ice/software/libjpeg-turbo/3.0.1-GCCcore-13.3.0/include -I/rds/bear-apps/2024a/EL8-ice/software/libpng/1.6.43-GCCcore-13.3.0/include -I/rds/bear-apps/2024a/EL8-ice/software/PCRE2/10.43-GCCcore-13.3.0/include -I/rds/bear-apps/2024a/EL8-ice/software/SQLite/3.45.3-GCCcore-13.3.0/include -I/rds/bear-apps/2024a/EL8-ice/software/zlib/1.3.1-GCCcore-13.3.0/include -I/rds/bear-apps/2024a/EL8-ice/software/XZ/5.4.5-GCCcore-13.3.0/include -I/rds/bear-apps/2024a/EL8-ice/software/bzip2/1.0.8-GCCcore-13.3.0/include -I/rds/bear-apps/2024a/EL8-ice/software/ncurses/6.5-GCCcore-13.3.0/include -I/rds/bear-apps/2024a/EL8-ice/software/libreadline/8.2-GCCcore-13.3.0/include -I/rds/bear-apps/2024a/EL8-ice/software/cairo/1.18.0-GCCcore-13.3.0/include -I/rds/bear-apps/2024a/EL8-ice/software/libGLU/9.0.3-GCCcore-13.3.0/include -I/rds/bear-apps/2024a/EL8-ice/software/Mesa/24.1.3-GCCcore-13.3.0/include -I/rds/bear-apps/2024a/EL8-ice/software/X11/20240607-GCCcore-13.3.0/include -I/rds/bear-apps/2024a/EL8-ice/software/pkgconf/2.2.0-GCCcore-13.3.0/include -I/rds/bear-apps/2024a/EL8-ice/software/FFTW/3.3.10-GCC-13.3.0/include -I/rds/bear-apps/2024a/EL8-ice/software/FlexiBLAS/3.4.4-GCC-13.3.0/include -I/rds/bear-apps/2024a/EL8-ice/software/FlexiBLAS/3.4.4-GCC-13.3.0/include/flexiblas   -fvisibility=hidden -fpic  -O2 -ftree-vectorize -march=native -fno-math-errno  -c keypress-unix.c -o keypress-unix.o
gcc -std=gnu2x -I"/rds/bear-apps/2024a/EL8-ice/software/R/4.5.0-gfbf-2024a/lib64/R/include" -DNDEBUG -I../inst/include  -I/rds/bear-apps/2024a/EL8-ice/software/FriBidi/1.0.15-GCCcore-13.3.0/include -I/rds/bear-apps/2024a/EL8-ice/software/HarfBuzz/9.0.0-GCCcore-13.3.0/include -I/rds/bear-apps/2024a/EL8-ice/software/Tk/8.6.14-GCCcore-13.3.0/include -I/rds/bear-apps/2024a/EL8-ice/software/cURL/8.7.1-GCCcore-13.3.0/include -I/rds/bear-apps/2024a/EL8-ice/software/OpenSSL/3/include -I/rds/bear-apps/2024a/EL8-ice/software/libgit2/1.8.1-GCCcore-13.3.0/include -I/rds/bear-apps/2024a/EL8-ice/software/Java/17.0.15/include -I/rds/bear-apps/2024a/EL8-ice/software/LibTIFF/4.6.0-GCCcore-13.3.0/include -I/rds/bear-apps/2024a/EL8-ice/software/libjpeg-turbo/3.0.1-GCCcore-13.3.0/include -I/rds/bear-apps/2024a/EL8-ice/software/libpng/1.6.43-GCCcore-13.3.0/include -I/rds/bear-apps/2024a/EL8-ice/software/PCRE2/10.43-GCCcore-13.3.0/include -I/rds/bear-apps/2024a/EL8-ice/software/SQLite/3.45.3-GCCcore-13.3.0/include -I/rds/bear-apps/2024a/EL8-ice/software/zlib/1.3.1-GCCcore-13.3.0/include -I/rds/bear-apps/2024a/EL8-ice/software/XZ/5.4.5-GCCcore-13.3.0/include -I/rds/bear-apps/2024a/EL8-ice/software/bzip2/1.0.8-GCCcore-13.3.0/include -I/rds/bear-apps/2024a/EL8-ice/software/ncurses/6.5-GCCcore-13.3.0/include -I/rds/bear-apps/2024a/EL8-ice/software/libreadline/8.2-GCCcore-13.3.0/include -I/rds/bear-apps/2024a/EL8-ice/software/cairo/1.18.0-GCCcore-13.3.0/include -I/rds/bear-apps/2024a/EL8-ice/software/libGLU/9.0.3-GCCcore-13.3.0/include -I/rds/bear-apps/2024a/EL8-ice/software/Mesa/24.1.3-GCCcore-13.3.0/include -I/rds/bear-apps/2024a/EL8-ice/software/X11/20240607-GCCcore-13.3.0/include -I/rds/bear-apps/2024a/EL8-ice/software/pkgconf/2.2.0-GCCcore-13.3.0/include -I/rds/bear-apps/2024a/EL8-ice/software/FFTW/3.3.10-GCC-13.3.0/include -I/rds/bear-apps/2024a/EL8-ice/software/FlexiBLAS/3.4.4-GCC-13.3.0/include -I/rds/bear-apps/2024a/EL8-ice/software/FlexiBLAS/3.4.4-GCC-13.3.0/include/flexiblas   -fvisibility=hidden -fpic  -O2 -ftree-vectorize -march=native -fno-math-errno  -c keypress-win.c -o keypress-win.o
gcc -std=gnu2x -I"/rds/bear-apps/2024a/EL8-ice/software/R/4.5.0-gfbf-2024a/lib64/R/include" -DNDEBUG -I../inst/include  -I/rds/bear-apps/2024a/EL8-ice/software/FriBidi/1.0.15-GCCcore-13.3.0/include -I/rds/bear-apps/2024a/EL8-ice/software/HarfBuzz/9.0.0-GCCcore-13.3.0/include -I/rds/bear-apps/2024a/EL8-ice/software/Tk/8.6.14-GCCcore-13.3.0/include -I/rds/bear-apps/2024a/EL8-ice/software/cURL/8.7.1-GCCcore-13.3.0/include -I/rds/bear-apps/2024a/EL8-ice/software/OpenSSL/3/include -I/rds/bear-apps/2024a/EL8-ice/software/libgit2/1.8.1-GCCcore-13.3.0/include -I/rds/bear-apps/2024a/EL8-ice/software/Java/17.0.15/include -I/rds/bear-apps/2024a/EL8-ice/software/LibTIFF/4.6.0-GCCcore-13.3.0/include -I/rds/bear-apps/2024a/EL8-ice/software/libjpeg-turbo/3.0.1-GCCcore-13.3.0/include -I/rds/bear-apps/2024a/EL8-ice/software/libpng/1.6.43-GCCcore-13.3.0/include -I/rds/bear-apps/2024a/EL8-ice/software/PCRE2/10.43-GCCcore-13.3.0/include -I/rds/bear-apps/2024a/EL8-ice/software/SQLite/3.45.3-GCCcore-13.3.0/include -I/rds/bear-apps/2024a/EL8-ice/software/zlib/1.3.1-GCCcore-13.3.0/include -I/rds/bear-apps/2024a/EL8-ice/software/XZ/5.4.5-GCCcore-13.3.0/include -I/rds/bear-apps/2024a/EL8-ice/software/bzip2/1.0.8-GCCcore-13.3.0/include -I/rds/bear-apps/2024a/EL8-ice/software/ncurses/6.5-GCCcore-13.3.0/include -I/rds/bear-apps/2024a/EL8-ice/software/libreadline/8.2-GCCcore-13.3.0/include -I/rds/bear-apps/2024a/EL8-ice/software/cairo/1.18.0-GCCcore-13.3.0/include -I/rds/bear-apps/2024a/EL8-ice/software/libGLU/9.0.3-GCCcore-13.3.0/include -I/rds/bear-apps/2024a/EL8-ice/software/Mesa/24.1.3-GCCcore-13.3.0/include -I/rds/bear-apps/2024a/EL8-ice/software/X11/20240607-GCCcore-13.3.0/include -I/rds/bear-apps/2024a/EL8-ice/software/pkgconf/2.2.0-GCCcore-13.3.0/include -I/rds/bear-apps/2024a/EL8-ice/software/FFTW/3.3.10-GCC-13.3.0/include -I/rds/bear-apps/2024a/EL8-ice/software/FlexiBLAS/3.4.4-GCC-13.3.0/include -I/rds/bear-apps/2024a/EL8-ice/software/FlexiBLAS/3.4.4-GCC-13.3.0/include/flexiblas   -fvisibility=hidden -fpic  -O2 -ftree-vectorize -march=native -fno-math-errno  -c keypress.c -o keypress.o
gcc -std=gnu2x -I"/rds/bear-apps/2024a/EL8-ice/software/R/4.5.0-gfbf-2024a/lib64/R/include" -DNDEBUG -I../inst/include  -I/rds/bear-apps/2024a/EL8-ice/software/FriBidi/1.0.15-GCCcore-13.3.0/include -I/rds/bear-apps/2024a/EL8-ice/software/HarfBuzz/9.0.0-GCCcore-13.3.0/include -I/rds/bear-apps/2024a/EL8-ice/software/Tk/8.6.14-GCCcore-13.3.0/include -I/rds/bear-apps/2024a/EL8-ice/software/cURL/8.7.1-GCCcore-13.3.0/include -I/rds/bear-apps/2024a/EL8-ice/software/OpenSSL/3/include -I/rds/bear-apps/2024a/EL8-ice/software/libgit2/1.8.1-GCCcore-13.3.0/include -I/rds/bear-apps/2024a/EL8-ice/software/Java/17.0.15/include -I/rds/bear-apps/2024a/EL8-ice/software/LibTIFF/4.6.0-GCCcore-13.3.0/include -I/rds/bear-apps/2024a/EL8-ice/software/libjpeg-turbo/3.0.1-GCCcore-13.3.0/include -I/rds/bear-apps/2024a/EL8-ice/software/libpng/1.6.43-GCCcore-13.3.0/include -I/rds/bear-apps/2024a/EL8-ice/software/PCRE2/10.43-GCCcore-13.3.0/include -I/rds/bear-apps/2024a/EL8-ice/software/SQLite/3.45.3-GCCcore-13.3.0/include -I/rds/bear-apps/2024a/EL8-ice/software/zlib/1.3.1-GCCcore-13.3.0/include -I/rds/bear-apps/2024a/EL8-ice/software/XZ/5.4.5-GCCcore-13.3.0/include -I/rds/bear-apps/2024a/EL8-ice/software/bzip2/1.0.8-GCCcore-13.3.0/include -I/rds/bear-apps/2024a/EL8-ice/software/ncurses/6.5-GCCcore-13.3.0/include -I/rds/bear-apps/2024a/EL8-ice/software/libreadline/8.2-GCCcore-13.3.0/include -I/rds/bear-apps/2024a/EL8-ice/software/cairo/1.18.0-GCCcore-13.3.0/include -I/rds/bear-apps/2024a/EL8-ice/software/libGLU/9.0.3-GCCcore-13.3.0/include -I/rds/bear-apps/2024a/EL8-ice/software/Mesa/24.1.3-GCCcore-13.3.0/include -I/rds/bear-apps/2024a/EL8-ice/software/X11/20240607-GCCcore-13.3.0/include -I/rds/bear-apps/2024a/EL8-ice/software/pkgconf/2.2.0-GCCcore-13.3.0/include -I/rds/bear-apps/2024a/EL8-ice/software/FFTW/3.3.10-GCC-13.3.0/include -I/rds/bear-apps/2024a/EL8-ice/software/FlexiBLAS/3.4.4-GCC-13.3.0/include -I/rds/bear-apps/2024a/EL8-ice/software/FlexiBLAS/3.4.4-GCC-13.3.0/include/flexiblas   -fvisibility=hidden -fpic  -O2 -ftree-vectorize -march=native -fno-math-errno  -c md5.c -o md5.o
gcc -std=gnu2x -I"/rds/bear-apps/2024a/EL8-ice/software/R/4.5.0-gfbf-2024a/lib64/R/include" -DNDEBUG -I../inst/include  -I/rds/bear-apps/2024a/EL8-ice/software/FriBidi/1.0.15-GCCcore-13.3.0/include -I/rds/bear-apps/2024a/EL8-ice/software/HarfBuzz/9.0.0-GCCcore-13.3.0/include -I/rds/bear-apps/2024a/EL8-ice/software/Tk/8.6.14-GCCcore-13.3.0/include -I/rds/bear-apps/2024a/EL8-ice/software/cURL/8.7.1-GCCcore-13.3.0/include -I/rds/bear-apps/2024a/EL8-ice/software/OpenSSL/3/include -I/rds/bear-apps/2024a/EL8-ice/software/libgit2/1.8.1-GCCcore-13.3.0/include -I/rds/bear-apps/2024a/EL8-ice/software/Java/17.0.15/include -I/rds/bear-apps/2024a/EL8-ice/software/LibTIFF/4.6.0-GCCcore-13.3.0/include -I/rds/bear-apps/2024a/EL8-ice/software/libjpeg-turbo/3.0.1-GCCcore-13.3.0/include -I/rds/bear-apps/2024a/EL8-ice/software/libpng/1.6.43-GCCcore-13.3.0/include -I/rds/bear-apps/2024a/EL8-ice/software/PCRE2/10.43-GCCcore-13.3.0/include -I/rds/bear-apps/2024a/EL8-ice/software/SQLite/3.45.3-GCCcore-13.3.0/include -I/rds/bear-apps/2024a/EL8-ice/software/zlib/1.3.1-GCCcore-13.3.0/include -I/rds/bear-apps/2024a/EL8-ice/software/XZ/5.4.5-GCCcore-13.3.0/include -I/rds/bear-apps/2024a/EL8-ice/software/bzip2/1.0.8-GCCcore-13.3.0/include -I/rds/bear-apps/2024a/EL8-ice/software/ncurses/6.5-GCCcore-13.3.0/include -I/rds/bear-apps/2024a/EL8-ice/software/libreadline/8.2-GCCcore-13.3.0/include -I/rds/bear-apps/2024a/EL8-ice/software/cairo/1.18.0-GCCcore-13.3.0/include -I/rds/bear-apps/2024a/EL8-ice/software/libGLU/9.0.3-GCCcore-13.3.0/include -I/rds/bear-apps/2024a/EL8-ice/software/Mesa/24.1.3-GCCcore-13.3.0/include -I/rds/bear-apps/2024a/EL8-ice/software/X11/20240607-GCCcore-13.3.0/include -I/rds/bear-apps/2024a/EL8-ice/software/pkgconf/2.2.0-GCCcore-13.3.0/include -I/rds/bear-apps/2024a/EL8-ice/software/FFTW/3.3.10-GCC-13.3.0/include -I/rds/bear-apps/2024a/EL8-ice/software/FlexiBLAS/3.4.4-GCC-13.3.0/include -I/rds/bear-apps/2024a/EL8-ice/software/FlexiBLAS/3.4.4-GCC-13.3.0/include/flexiblas   -fvisibility=hidden -fpic  -O2 -ftree-vectorize -march=native -fno-math-errno  -c progress-altrep.c -o progress-altrep.o
gcc -std=gnu2x -I"/rds/bear-apps/2024a/EL8-ice/software/R/4.5.0-gfbf-2024a/lib64/R/include" -DNDEBUG -I../inst/include  -I/rds/bear-apps/2024a/EL8-ice/software/FriBidi/1.0.15-GCCcore-13.3.0/include -I/rds/bear-apps/2024a/EL8-ice/software/HarfBuzz/9.0.0-GCCcore-13.3.0/include -I/rds/bear-apps/2024a/EL8-ice/software/Tk/8.6.14-GCCcore-13.3.0/include -I/rds/bear-apps/2024a/EL8-ice/software/cURL/8.7.1-GCCcore-13.3.0/include -I/rds/bear-apps/2024a/EL8-ice/software/OpenSSL/3/include -I/rds/bear-apps/2024a/EL8-ice/software/libgit2/1.8.1-GCCcore-13.3.0/include -I/rds/bear-apps/2024a/EL8-ice/software/Java/17.0.15/include -I/rds/bear-apps/2024a/EL8-ice/software/LibTIFF/4.6.0-GCCcore-13.3.0/include -I/rds/bear-apps/2024a/EL8-ice/software/libjpeg-turbo/3.0.1-GCCcore-13.3.0/include -I/rds/bear-apps/2024a/EL8-ice/software/libpng/1.6.43-GCCcore-13.3.0/include -I/rds/bear-apps/2024a/EL8-ice/software/PCRE2/10.43-GCCcore-13.3.0/include -I/rds/bear-apps/2024a/EL8-ice/software/SQLite/3.45.3-GCCcore-13.3.0/include -I/rds/bear-apps/2024a/EL8-ice/software/zlib/1.3.1-GCCcore-13.3.0/include -I/rds/bear-apps/2024a/EL8-ice/software/XZ/5.4.5-GCCcore-13.3.0/include -I/rds/bear-apps/2024a/EL8-ice/software/bzip2/1.0.8-GCCcore-13.3.0/include -I/rds/bear-apps/2024a/EL8-ice/software/ncurses/6.5-GCCcore-13.3.0/include -I/rds/bear-apps/2024a/EL8-ice/software/libreadline/8.2-GCCcore-13.3.0/include -I/rds/bear-apps/2024a/EL8-ice/software/cairo/1.18.0-GCCcore-13.3.0/include -I/rds/bear-apps/2024a/EL8-ice/software/libGLU/9.0.3-GCCcore-13.3.0/include -I/rds/bear-apps/2024a/EL8-ice/software/Mesa/24.1.3-GCCcore-13.3.0/include -I/rds/bear-apps/2024a/EL8-ice/software/X11/20240607-GCCcore-13.3.0/include -I/rds/bear-apps/2024a/EL8-ice/software/pkgconf/2.2.0-GCCcore-13.3.0/include -I/rds/bear-apps/2024a/EL8-ice/software/FFTW/3.3.10-GCC-13.3.0/include -I/rds/bear-apps/2024a/EL8-ice/software/FlexiBLAS/3.4.4-GCC-13.3.0/include -I/rds/bear-apps/2024a/EL8-ice/software/FlexiBLAS/3.4.4-GCC-13.3.0/include/flexiblas   -fvisibility=hidden -fpic  -O2 -ftree-vectorize -march=native -fno-math-errno  -c progress.c -o progress.o
gcc -std=gnu2x -I"/rds/bear-apps/2024a/EL8-ice/software/R/4.5.0-gfbf-2024a/lib64/R/include" -DNDEBUG -I../inst/include  -I/rds/bear-apps/2024a/EL8-ice/software/FriBidi/1.0.15-GCCcore-13.3.0/include -I/rds/bear-apps/2024a/EL8-ice/software/HarfBuzz/9.0.0-GCCcore-13.3.0/include -I/rds/bear-apps/2024a/EL8-ice/software/Tk/8.6.14-GCCcore-13.3.0/include -I/rds/bear-apps/2024a/EL8-ice/software/cURL/8.7.1-GCCcore-13.3.0/include -I/rds/bear-apps/2024a/EL8-ice/software/OpenSSL/3/include -I/rds/bear-apps/2024a/EL8-ice/software/libgit2/1.8.1-GCCcore-13.3.0/include -I/rds/bear-apps/2024a/EL8-ice/software/Java/17.0.15/include -I/rds/bear-apps/2024a/EL8-ice/software/LibTIFF/4.6.0-GCCcore-13.3.0/include -I/rds/bear-apps/2024a/EL8-ice/software/libjpeg-turbo/3.0.1-GCCcore-13.3.0/include -I/rds/bear-apps/2024a/EL8-ice/software/libpng/1.6.43-GCCcore-13.3.0/include -I/rds/bear-apps/2024a/EL8-ice/software/PCRE2/10.43-GCCcore-13.3.0/include -I/rds/bear-apps/2024a/EL8-ice/software/SQLite/3.45.3-GCCcore-13.3.0/include -I/rds/bear-apps/2024a/EL8-ice/software/zlib/1.3.1-GCCcore-13.3.0/include -I/rds/bear-apps/2024a/EL8-ice/software/XZ/5.4.5-GCCcore-13.3.0/include -I/rds/bear-apps/2024a/EL8-ice/software/bzip2/1.0.8-GCCcore-13.3.0/include -I/rds/bear-apps/2024a/EL8-ice/software/ncurses/6.5-GCCcore-13.3.0/include -I/rds/bear-apps/2024a/EL8-ice/software/libreadline/8.2-GCCcore-13.3.0/include -I/rds/bear-apps/2024a/EL8-ice/software/cairo/1.18.0-GCCcore-13.3.0/include -I/rds/bear-apps/2024a/EL8-ice/software/libGLU/9.0.3-GCCcore-13.3.0/include -I/rds/bear-apps/2024a/EL8-ice/software/Mesa/24.1.3-GCCcore-13.3.0/include -I/rds/bear-apps/2024a/EL8-ice/software/X11/20240607-GCCcore-13.3.0/include -I/rds/bear-apps/2024a/EL8-ice/software/pkgconf/2.2.0-GCCcore-13.3.0/include -I/rds/bear-apps/2024a/EL8-ice/software/FFTW/3.3.10-GCC-13.3.0/include -I/rds/bear-apps/2024a/EL8-ice/software/FlexiBLAS/3.4.4-GCC-13.3.0/include -I/rds/bear-apps/2024a/EL8-ice/software/FlexiBLAS/3.4.4-GCC-13.3.0/include/flexiblas   -fvisibility=hidden -fpic  -O2 -ftree-vectorize -march=native -fno-math-errno  -c sha1.c -o sha1.o
gcc -std=gnu2x -I"/rds/bear-apps/2024a/EL8-ice/software/R/4.5.0-gfbf-2024a/lib64/R/include" -DNDEBUG -I../inst/include  -I/rds/bear-apps/2024a/EL8-ice/software/FriBidi/1.0.15-GCCcore-13.3.0/include -I/rds/bear-apps/2024a/EL8-ice/software/HarfBuzz/9.0.0-GCCcore-13.3.0/include -I/rds/bear-apps/2024a/EL8-ice/software/Tk/8.6.14-GCCcore-13.3.0/include -I/rds/bear-apps/2024a/EL8-ice/software/cURL/8.7.1-GCCcore-13.3.0/include -I/rds/bear-apps/2024a/EL8-ice/software/OpenSSL/3/include -I/rds/bear-apps/2024a/EL8-ice/software/libgit2/1.8.1-GCCcore-13.3.0/include -I/rds/bear-apps/2024a/EL8-ice/software/Java/17.0.15/include -I/rds/bear-apps/2024a/EL8-ice/software/LibTIFF/4.6.0-GCCcore-13.3.0/include -I/rds/bear-apps/2024a/EL8-ice/software/libjpeg-turbo/3.0.1-GCCcore-13.3.0/include -I/rds/bear-apps/2024a/EL8-ice/software/libpng/1.6.43-GCCcore-13.3.0/include -I/rds/bear-apps/2024a/EL8-ice/software/PCRE2/10.43-GCCcore-13.3.0/include -I/rds/bear-apps/2024a/EL8-ice/software/SQLite/3.45.3-GCCcore-13.3.0/include -I/rds/bear-apps/2024a/EL8-ice/software/zlib/1.3.1-GCCcore-13.3.0/include -I/rds/bear-apps/2024a/EL8-ice/software/XZ/5.4.5-GCCcore-13.3.0/include -I/rds/bear-apps/2024a/EL8-ice/software/bzip2/1.0.8-GCCcore-13.3.0/include -I/rds/bear-apps/2024a/EL8-ice/software/ncurses/6.5-GCCcore-13.3.0/include -I/rds/bear-apps/2024a/EL8-ice/software/libreadline/8.2-GCCcore-13.3.0/include -I/rds/bear-apps/2024a/EL8-ice/software/cairo/1.18.0-GCCcore-13.3.0/include -I/rds/bear-apps/2024a/EL8-ice/software/libGLU/9.0.3-GCCcore-13.3.0/include -I/rds/bear-apps/2024a/EL8-ice/software/Mesa/24.1.3-GCCcore-13.3.0/include -I/rds/bear-apps/2024a/EL8-ice/software/X11/20240607-GCCcore-13.3.0/include -I/rds/bear-apps/2024a/EL8-ice/software/pkgconf/2.2.0-GCCcore-13.3.0/include -I/rds/bear-apps/2024a/EL8-ice/software/FFTW/3.3.10-GCC-13.3.0/include -I/rds/bear-apps/2024a/EL8-ice/software/FlexiBLAS/3.4.4-GCC-13.3.0/include -I/rds/bear-apps/2024a/EL8-ice/software/FlexiBLAS/3.4.4-GCC-13.3.0/include/flexiblas   -fvisibility=hidden -fpic  -O2 -ftree-vectorize -march=native -fno-math-errno  -c sha256.c -o sha256.o
gcc -std=gnu2x -I"/rds/bear-apps/2024a/EL8-ice/software/R/4.5.0-gfbf-2024a/lib64/R/include" -DNDEBUG -I../inst/include  -I/rds/bear-apps/2024a/EL8-ice/software/FriBidi/1.0.15-GCCcore-13.3.0/include -I/rds/bear-apps/2024a/EL8-ice/software/HarfBuzz/9.0.0-GCCcore-13.3.0/include -I/rds/bear-apps/2024a/EL8-ice/software/Tk/8.6.14-GCCcore-13.3.0/include -I/rds/bear-apps/2024a/EL8-ice/software/cURL/8.7.1-GCCcore-13.3.0/include -I/rds/bear-apps/2024a/EL8-ice/software/OpenSSL/3/include -I/rds/bear-apps/2024a/EL8-ice/software/libgit2/1.8.1-GCCcore-13.3.0/include -I/rds/bear-apps/2024a/EL8-ice/software/Java/17.0.15/include -I/rds/bear-apps/2024a/EL8-ice/software/LibTIFF/4.6.0-GCCcore-13.3.0/include -I/rds/bear-apps/2024a/EL8-ice/software/libjpeg-turbo/3.0.1-GCCcore-13.3.0/include -I/rds/bear-apps/2024a/EL8-ice/software/libpng/1.6.43-GCCcore-13.3.0/include -I/rds/bear-apps/2024a/EL8-ice/software/PCRE2/10.43-GCCcore-13.3.0/include -I/rds/bear-apps/2024a/EL8-ice/software/SQLite/3.45.3-GCCcore-13.3.0/include -I/rds/bear-apps/2024a/EL8-ice/software/zlib/1.3.1-GCCcore-13.3.0/include -I/rds/bear-apps/2024a/EL8-ice/software/XZ/5.4.5-GCCcore-13.3.0/include -I/rds/bear-apps/2024a/EL8-ice/software/bzip2/1.0.8-GCCcore-13.3.0/include -I/rds/bear-apps/2024a/EL8-ice/software/ncurses/6.5-GCCcore-13.3.0/include -I/rds/bear-apps/2024a/EL8-ice/software/libreadline/8.2-GCCcore-13.3.0/include -I/rds/bear-apps/2024a/EL8-ice/software/cairo/1.18.0-GCCcore-13.3.0/include -I/rds/bear-apps/2024a/EL8-ice/software/libGLU/9.0.3-GCCcore-13.3.0/include -I/rds/bear-apps/2024a/EL8-ice/software/Mesa/24.1.3-GCCcore-13.3.0/include -I/rds/bear-apps/2024a/EL8-ice/software/X11/20240607-GCCcore-13.3.0/include -I/rds/bear-apps/2024a/EL8-ice/software/pkgconf/2.2.0-GCCcore-13.3.0/include -I/rds/bear-apps/2024a/EL8-ice/software/FFTW/3.3.10-GCC-13.3.0/include -I/rds/bear-apps/2024a/EL8-ice/software/FlexiBLAS/3.4.4-GCC-13.3.0/include -I/rds/bear-apps/2024a/EL8-ice/software/FlexiBLAS/3.4.4-GCC-13.3.0/include/flexiblas   -fvisibility=hidden -fpic  -O2 -ftree-vectorize -march=native -fno-math-errno  -c thread.c -o thread.o
gcc -std=gnu2x -I"/rds/bear-apps/2024a/EL8-ice/software/R/4.5.0-gfbf-2024a/lib64/R/include" -DNDEBUG -I../inst/include  -I/rds/bear-apps/2024a/EL8-ice/software/FriBidi/1.0.15-GCCcore-13.3.0/include -I/rds/bear-apps/2024a/EL8-ice/software/HarfBuzz/9.0.0-GCCcore-13.3.0/include -I/rds/bear-apps/2024a/EL8-ice/software/Tk/8.6.14-GCCcore-13.3.0/include -I/rds/bear-apps/2024a/EL8-ice/software/cURL/8.7.1-GCCcore-13.3.0/include -I/rds/bear-apps/2024a/EL8-ice/software/OpenSSL/3/include -I/rds/bear-apps/2024a/EL8-ice/software/libgit2/1.8.1-GCCcore-13.3.0/include -I/rds/bear-apps/2024a/EL8-ice/software/Java/17.0.15/include -I/rds/bear-apps/2024a/EL8-ice/software/LibTIFF/4.6.0-GCCcore-13.3.0/include -I/rds/bear-apps/2024a/EL8-ice/software/libjpeg-turbo/3.0.1-GCCcore-13.3.0/include -I/rds/bear-apps/2024a/EL8-ice/software/libpng/1.6.43-GCCcore-13.3.0/include -I/rds/bear-apps/2024a/EL8-ice/software/PCRE2/10.43-GCCcore-13.3.0/include -I/rds/bear-apps/2024a/EL8-ice/software/SQLite/3.45.3-GCCcore-13.3.0/include -I/rds/bear-apps/2024a/EL8-ice/software/zlib/1.3.1-GCCcore-13.3.0/include -I/rds/bear-apps/2024a/EL8-ice/software/XZ/5.4.5-GCCcore-13.3.0/include -I/rds/bear-apps/2024a/EL8-ice/software/bzip2/1.0.8-GCCcore-13.3.0/include -I/rds/bear-apps/2024a/EL8-ice/software/ncurses/6.5-GCCcore-13.3.0/include -I/rds/bear-apps/2024a/EL8-ice/software/libreadline/8.2-GCCcore-13.3.0/include -I/rds/bear-apps/2024a/EL8-ice/software/cairo/1.18.0-GCCcore-13.3.0/include -I/rds/bear-apps/2024a/EL8-ice/software/libGLU/9.0.3-GCCcore-13.3.0/include -I/rds/bear-apps/2024a/EL8-ice/software/Mesa/24.1.3-GCCcore-13.3.0/include -I/rds/bear-apps/2024a/EL8-ice/software/X11/20240607-GCCcore-13.3.0/include -I/rds/bear-apps/2024a/EL8-ice/software/pkgconf/2.2.0-GCCcore-13.3.0/include -I/rds/bear-apps/2024a/EL8-ice/software/FFTW/3.3.10-GCC-13.3.0/include -I/rds/bear-apps/2024a/EL8-ice/software/FlexiBLAS/3.4.4-GCC-13.3.0/include -I/rds/bear-apps/2024a/EL8-ice/software/FlexiBLAS/3.4.4-GCC-13.3.0/include/flexiblas   -fvisibility=hidden -fpic  -O2 -ftree-vectorize -march=native -fno-math-errno  -c tty.c -o tty.o
gcc -std=gnu2x -I"/rds/bear-apps/2024a/EL8-ice/software/R/4.5.0-gfbf-2024a/lib64/R/include" -DNDEBUG -I../inst/include  -I/rds/bear-apps/2024a/EL8-ice/software/FriBidi/1.0.15-GCCcore-13.3.0/include -I/rds/bear-apps/2024a/EL8-ice/software/HarfBuzz/9.0.0-GCCcore-13.3.0/include -I/rds/bear-apps/2024a/EL8-ice/software/Tk/8.6.14-GCCcore-13.3.0/include -I/rds/bear-apps/2024a/EL8-ice/software/cURL/8.7.1-GCCcore-13.3.0/include -I/rds/bear-apps/2024a/EL8-ice/software/OpenSSL/3/include -I/rds/bear-apps/2024a/EL8-ice/software/libgit2/1.8.1-GCCcore-13.3.0/include -I/rds/bear-apps/2024a/EL8-ice/software/Java/17.0.15/include -I/rds/bear-apps/2024a/EL8-ice/software/LibTIFF/4.6.0-GCCcore-13.3.0/include -I/rds/bear-apps/2024a/EL8-ice/software/libjpeg-turbo/3.0.1-GCCcore-13.3.0/include -I/rds/bear-apps/2024a/EL8-ice/software/libpng/1.6.43-GCCcore-13.3.0/include -I/rds/bear-apps/2024a/EL8-ice/software/PCRE2/10.43-GCCcore-13.3.0/include -I/rds/bear-apps/2024a/EL8-ice/software/SQLite/3.45.3-GCCcore-13.3.0/include -I/rds/bear-apps/2024a/EL8-ice/software/zlib/1.3.1-GCCcore-13.3.0/include -I/rds/bear-apps/2024a/EL8-ice/software/XZ/5.4.5-GCCcore-13.3.0/include -I/rds/bear-apps/2024a/EL8-ice/software/bzip2/1.0.8-GCCcore-13.3.0/include -I/rds/bear-apps/2024a/EL8-ice/software/ncurses/6.5-GCCcore-13.3.0/include -I/rds/bear-apps/2024a/EL8-ice/software/libreadline/8.2-GCCcore-13.3.0/include -I/rds/bear-apps/2024a/EL8-ice/software/cairo/1.18.0-GCCcore-13.3.0/include -I/rds/bear-apps/2024a/EL8-ice/software/libGLU/9.0.3-GCCcore-13.3.0/include -I/rds/bear-apps/2024a/EL8-ice/software/Mesa/24.1.3-GCCcore-13.3.0/include -I/rds/bear-apps/2024a/EL8-ice/software/X11/20240607-GCCcore-13.3.0/include -I/rds/bear-apps/2024a/EL8-ice/software/pkgconf/2.2.0-GCCcore-13.3.0/include -I/rds/bear-apps/2024a/EL8-ice/software/FFTW/3.3.10-GCC-13.3.0/include -I/rds/bear-apps/2024a/EL8-ice/software/FlexiBLAS/3.4.4-GCC-13.3.0/include -I/rds/bear-apps/2024a/EL8-ice/software/FlexiBLAS/3.4.4-GCC-13.3.0/include/flexiblas   -fvisibility=hidden -fpic  -O2 -ftree-vectorize -march=native -fno-math-errno  -c utf8.c -o utf8.o
gcc -std=gnu2x -I"/rds/bear-apps/2024a/EL8-ice/software/R/4.5.0-gfbf-2024a/lib64/R/include" -DNDEBUG -I../inst/include  -I/rds/bear-apps/2024a/EL8-ice/software/FriBidi/1.0.15-GCCcore-13.3.0/include -I/rds/bear-apps/2024a/EL8-ice/software/HarfBuzz/9.0.0-GCCcore-13.3.0/include -I/rds/bear-apps/2024a/EL8-ice/software/Tk/8.6.14-GCCcore-13.3.0/include -I/rds/bear-apps/2024a/EL8-ice/software/cURL/8.7.1-GCCcore-13.3.0/include -I/rds/bear-apps/2024a/EL8-ice/software/OpenSSL/3/include -I/rds/bear-apps/2024a/EL8-ice/software/libgit2/1.8.1-GCCcore-13.3.0/include -I/rds/bear-apps/2024a/EL8-ice/software/Java/17.0.15/include -I/rds/bear-apps/2024a/EL8-ice/software/LibTIFF/4.6.0-GCCcore-13.3.0/include -I/rds/bear-apps/2024a/EL8-ice/software/libjpeg-turbo/3.0.1-GCCcore-13.3.0/include -I/rds/bear-apps/2024a/EL8-ice/software/libpng/1.6.43-GCCcore-13.3.0/include -I/rds/bear-apps/2024a/EL8-ice/software/PCRE2/10.43-GCCcore-13.3.0/include -I/rds/bear-apps/2024a/EL8-ice/software/SQLite/3.45.3-GCCcore-13.3.0/include -I/rds/bear-apps/2024a/EL8-ice/software/zlib/1.3.1-GCCcore-13.3.0/include -I/rds/bear-apps/2024a/EL8-ice/software/XZ/5.4.5-GCCcore-13.3.0/include -I/rds/bear-apps/2024a/EL8-ice/software/bzip2/1.0.8-GCCcore-13.3.0/include -I/rds/bear-apps/2024a/EL8-ice/software/ncurses/6.5-GCCcore-13.3.0/include -I/rds/bear-apps/2024a/EL8-ice/software/libreadline/8.2-GCCcore-13.3.0/include -I/rds/bear-apps/2024a/EL8-ice/software/cairo/1.18.0-GCCcore-13.3.0/include -I/rds/bear-apps/2024a/EL8-ice/software/libGLU/9.0.3-GCCcore-13.3.0/include -I/rds/bear-apps/2024a/EL8-ice/software/Mesa/24.1.3-GCCcore-13.3.0/include -I/rds/bear-apps/2024a/EL8-ice/software/X11/20240607-GCCcore-13.3.0/include -I/rds/bear-apps/2024a/EL8-ice/software/pkgconf/2.2.0-GCCcore-13.3.0/include -I/rds/bear-apps/2024a/EL8-ice/software/FFTW/3.3.10-GCC-13.3.0/include -I/rds/bear-apps/2024a/EL8-ice/software/FlexiBLAS/3.4.4-GCC-13.3.0/include -I/rds/bear-apps/2024a/EL8-ice/software/FlexiBLAS/3.4.4-GCC-13.3.0/include/flexiblas   -fvisibility=hidden -fpic  -O2 -ftree-vectorize -march=native -fno-math-errno  -c utils.c -o utils.o
gcc -std=gnu2x -I"/rds/bear-apps/2024a/EL8-ice/software/R/4.5.0-gfbf-2024a/lib64/R/include" -DNDEBUG -I../inst/include  -I/rds/bear-apps/2024a/EL8-ice/software/FriBidi/1.0.15-GCCcore-13.3.0/include -I/rds/bear-apps/2024a/EL8-ice/software/HarfBuzz/9.0.0-GCCcore-13.3.0/include -I/rds/bear-apps/2024a/EL8-ice/software/Tk/8.6.14-GCCcore-13.3.0/include -I/rds/bear-apps/2024a/EL8-ice/software/cURL/8.7.1-GCCcore-13.3.0/include -I/rds/bear-apps/2024a/EL8-ice/software/OpenSSL/3/include -I/rds/bear-apps/2024a/EL8-ice/software/libgit2/1.8.1-GCCcore-13.3.0/include -I/rds/bear-apps/2024a/EL8-ice/software/Java/17.0.15/include -I/rds/bear-apps/2024a/EL8-ice/software/LibTIFF/4.6.0-GCCcore-13.3.0/include -I/rds/bear-apps/2024a/EL8-ice/software/libjpeg-turbo/3.0.1-GCCcore-13.3.0/include -I/rds/bear-apps/2024a/EL8-ice/software/libpng/1.6.43-GCCcore-13.3.0/include -I/rds/bear-apps/2024a/EL8-ice/software/PCRE2/10.43-GCCcore-13.3.0/include -I/rds/bear-apps/2024a/EL8-ice/software/SQLite/3.45.3-GCCcore-13.3.0/include -I/rds/bear-apps/2024a/EL8-ice/software/zlib/1.3.1-GCCcore-13.3.0/include -I/rds/bear-apps/2024a/EL8-ice/software/XZ/5.4.5-GCCcore-13.3.0/include -I/rds/bear-apps/2024a/EL8-ice/software/bzip2/1.0.8-GCCcore-13.3.0/include -I/rds/bear-apps/2024a/EL8-ice/software/ncurses/6.5-GCCcore-13.3.0/include -I/rds/bear-apps/2024a/EL8-ice/software/libreadline/8.2-GCCcore-13.3.0/include -I/rds/bear-apps/2024a/EL8-ice/software/cairo/1.18.0-GCCcore-13.3.0/include -I/rds/bear-apps/2024a/EL8-ice/software/libGLU/9.0.3-GCCcore-13.3.0/include -I/rds/bear-apps/2024a/EL8-ice/software/Mesa/24.1.3-GCCcore-13.3.0/include -I/rds/bear-apps/2024a/EL8-ice/software/X11/20240607-GCCcore-13.3.0/include -I/rds/bear-apps/2024a/EL8-ice/software/pkgconf/2.2.0-GCCcore-13.3.0/include -I/rds/bear-apps/2024a/EL8-ice/software/FFTW/3.3.10-GCC-13.3.0/include -I/rds/bear-apps/2024a/EL8-ice/software/FlexiBLAS/3.4.4-GCC-13.3.0/include -I/rds/bear-apps/2024a/EL8-ice/software/FlexiBLAS/3.4.4-GCC-13.3.0/include/flexiblas   -fvisibility=hidden -fpic  -O2 -ftree-vectorize -march=native -fno-math-errno  -c vt.c -o vt.o
gcc -std=gnu2x -I"/rds/bear-apps/2024a/EL8-ice/software/R/4.5.0-gfbf-2024a/lib64/R/include" -DNDEBUG -I../inst/include  -I/rds/bear-apps/2024a/EL8-ice/software/FriBidi/1.0.15-GCCcore-13.3.0/include -I/rds/bear-apps/2024a/EL8-ice/software/HarfBuzz/9.0.0-GCCcore-13.3.0/include -I/rds/bear-apps/2024a/EL8-ice/software/Tk/8.6.14-GCCcore-13.3.0/include -I/rds/bear-apps/2024a/EL8-ice/software/cURL/8.7.1-GCCcore-13.3.0/include -I/rds/bear-apps/2024a/EL8-ice/software/OpenSSL/3/include -I/rds/bear-apps/2024a/EL8-ice/software/libgit2/1.8.1-GCCcore-13.3.0/include -I/rds/bear-apps/2024a/EL8-ice/software/Java/17.0.15/include -I/rds/bear-apps/2024a/EL8-ice/software/LibTIFF/4.6.0-GCCcore-13.3.0/include -I/rds/bear-apps/2024a/EL8-ice/software/libjpeg-turbo/3.0.1-GCCcore-13.3.0/include -I/rds/bear-apps/2024a/EL8-ice/software/libpng/1.6.43-GCCcore-13.3.0/include -I/rds/bear-apps/2024a/EL8-ice/software/PCRE2/10.43-GCCcore-13.3.0/include -I/rds/bear-apps/2024a/EL8-ice/software/SQLite/3.45.3-GCCcore-13.3.0/include -I/rds/bear-apps/2024a/EL8-ice/software/zlib/1.3.1-GCCcore-13.3.0/include -I/rds/bear-apps/2024a/EL8-ice/software/XZ/5.4.5-GCCcore-13.3.0/include -I/rds/bear-apps/2024a/EL8-ice/software/bzip2/1.0.8-GCCcore-13.3.0/include -I/rds/bear-apps/2024a/EL8-ice/software/ncurses/6.5-GCCcore-13.3.0/include -I/rds/bear-apps/2024a/EL8-ice/software/libreadline/8.2-GCCcore-13.3.0/include -I/rds/bear-apps/2024a/EL8-ice/software/cairo/1.18.0-GCCcore-13.3.0/include -I/rds/bear-apps/2024a/EL8-ice/software/libGLU/9.0.3-GCCcore-13.3.0/include -I/rds/bear-apps/2024a/EL8-ice/software/Mesa/24.1.3-GCCcore-13.3.0/include -I/rds/bear-apps/2024a/EL8-ice/software/X11/20240607-GCCcore-13.3.0/include -I/rds/bear-apps/2024a/EL8-ice/software/pkgconf/2.2.0-GCCcore-13.3.0/include -I/rds/bear-apps/2024a/EL8-ice/software/FFTW/3.3.10-GCC-13.3.0/include -I/rds/bear-apps/2024a/EL8-ice/software/FlexiBLAS/3.4.4-GCC-13.3.0/include -I/rds/bear-apps/2024a/EL8-ice/software/FlexiBLAS/3.4.4-GCC-13.3.0/include/flexiblas   -fvisibility=hidden -fpic  -O2 -ftree-vectorize -march=native -fno-math-errno  -c vtparse.c -o vtparse.o
gcc -std=gnu2x -I"/rds/bear-apps/2024a/EL8-ice/software/R/4.5.0-gfbf-2024a/lib64/R/include" -DNDEBUG -I../inst/include  -I/rds/bear-apps/2024a/EL8-ice/software/FriBidi/1.0.15-GCCcore-13.3.0/include -I/rds/bear-apps/2024a/EL8-ice/software/HarfBuzz/9.0.0-GCCcore-13.3.0/include -I/rds/bear-apps/2024a/EL8-ice/software/Tk/8.6.14-GCCcore-13.3.0/include -I/rds/bear-apps/2024a/EL8-ice/software/cURL/8.7.1-GCCcore-13.3.0/include -I/rds/bear-apps/2024a/EL8-ice/software/OpenSSL/3/include -I/rds/bear-apps/2024a/EL8-ice/software/libgit2/1.8.1-GCCcore-13.3.0/include -I/rds/bear-apps/2024a/EL8-ice/software/Java/17.0.15/include -I/rds/bear-apps/2024a/EL8-ice/software/LibTIFF/4.6.0-GCCcore-13.3.0/include -I/rds/bear-apps/2024a/EL8-ice/software/libjpeg-turbo/3.0.1-GCCcore-13.3.0/include -I/rds/bear-apps/2024a/EL8-ice/software/libpng/1.6.43-GCCcore-13.3.0/include -I/rds/bear-apps/2024a/EL8-ice/software/PCRE2/10.43-GCCcore-13.3.0/include -I/rds/bear-apps/2024a/EL8-ice/software/SQLite/3.45.3-GCCcore-13.3.0/include -I/rds/bear-apps/2024a/EL8-ice/software/zlib/1.3.1-GCCcore-13.3.0/include -I/rds/bear-apps/2024a/EL8-ice/software/XZ/5.4.5-GCCcore-13.3.0/include -I/rds/bear-apps/2024a/EL8-ice/software/bzip2/1.0.8-GCCcore-13.3.0/include -I/rds/bear-apps/2024a/EL8-ice/software/ncurses/6.5-GCCcore-13.3.0/include -I/rds/bear-apps/2024a/EL8-ice/software/libreadline/8.2-GCCcore-13.3.0/include -I/rds/bear-apps/2024a/EL8-ice/software/cairo/1.18.0-GCCcore-13.3.0/include -I/rds/bear-apps/2024a/EL8-ice/software/libGLU/9.0.3-GCCcore-13.3.0/include -I/rds/bear-apps/2024a/EL8-ice/software/Mesa/24.1.3-GCCcore-13.3.0/include -I/rds/bear-apps/2024a/EL8-ice/software/X11/20240607-GCCcore-13.3.0/include -I/rds/bear-apps/2024a/EL8-ice/software/pkgconf/2.2.0-GCCcore-13.3.0/include -I/rds/bear-apps/2024a/EL8-ice/software/FFTW/3.3.10-GCC-13.3.0/include -I/rds/bear-apps/2024a/EL8-ice/software/FlexiBLAS/3.4.4-GCC-13.3.0/include -I/rds/bear-apps/2024a/EL8-ice/software/FlexiBLAS/3.4.4-GCC-13.3.0/include/flexiblas   -fvisibility=hidden -fpic  -O2 -ftree-vectorize -march=native -fno-math-errno  -c vtparse_table.c -o vtparse_table.o
gcc -std=gnu2x -I"/rds/bear-apps/2024a/EL8-ice/software/R/4.5.0-gfbf-2024a/lib64/R/include" -DNDEBUG -I../inst/include  -I/rds/bear-apps/2024a/EL8-ice/software/FriBidi/1.0.15-GCCcore-13.3.0/include -I/rds/bear-apps/2024a/EL8-ice/software/HarfBuzz/9.0.0-GCCcore-13.3.0/include -I/rds/bear-apps/2024a/EL8-ice/software/Tk/8.6.14-GCCcore-13.3.0/include -I/rds/bear-apps/2024a/EL8-ice/software/cURL/8.7.1-GCCcore-13.3.0/include -I/rds/bear-apps/2024a/EL8-ice/software/OpenSSL/3/include -I/rds/bear-apps/2024a/EL8-ice/software/libgit2/1.8.1-GCCcore-13.3.0/include -I/rds/bear-apps/2024a/EL8-ice/software/Java/17.0.15/include -I/rds/bear-apps/2024a/EL8-ice/software/LibTIFF/4.6.0-GCCcore-13.3.0/include -I/rds/bear-apps/2024a/EL8-ice/software/libjpeg-turbo/3.0.1-GCCcore-13.3.0/include -I/rds/bear-apps/2024a/EL8-ice/software/libpng/1.6.43-GCCcore-13.3.0/include -I/rds/bear-apps/2024a/EL8-ice/software/PCRE2/10.43-GCCcore-13.3.0/include -I/rds/bear-apps/2024a/EL8-ice/software/SQLite/3.45.3-GCCcore-13.3.0/include -I/rds/bear-apps/2024a/EL8-ice/software/zlib/1.3.1-GCCcore-13.3.0/include -I/rds/bear-apps/2024a/EL8-ice/software/XZ/5.4.5-GCCcore-13.3.0/include -I/rds/bear-apps/2024a/EL8-ice/software/bzip2/1.0.8-GCCcore-13.3.0/include -I/rds/bear-apps/2024a/EL8-ice/software/ncurses/6.5-GCCcore-13.3.0/include -I/rds/bear-apps/2024a/EL8-ice/software/libreadline/8.2-GCCcore-13.3.0/include -I/rds/bear-apps/2024a/EL8-ice/software/cairo/1.18.0-GCCcore-13.3.0/include -I/rds/bear-apps/2024a/EL8-ice/software/libGLU/9.0.3-GCCcore-13.3.0/include -I/rds/bear-apps/2024a/EL8-ice/software/Mesa/24.1.3-GCCcore-13.3.0/include -I/rds/bear-apps/2024a/EL8-ice/software/X11/20240607-GCCcore-13.3.0/include -I/rds/bear-apps/2024a/EL8-ice/software/pkgconf/2.2.0-GCCcore-13.3.0/include -I/rds/bear-apps/2024a/EL8-ice/software/FFTW/3.3.10-GCC-13.3.0/include -I/rds/bear-apps/2024a/EL8-ice/software/FlexiBLAS/3.4.4-GCC-13.3.0/include -I/rds/bear-apps/2024a/EL8-ice/software/FlexiBLAS/3.4.4-GCC-13.3.0/include/flexiblas   -fvisibility=hidden -fpic  -O2 -ftree-vectorize -march=native -fno-math-errno  -c win-utf8.c -o win-utf8.o
gcc -std=gnu2x -I"/rds/bear-apps/2024a/EL8-ice/software/R/4.5.0-gfbf-2024a/lib64/R/include" -DNDEBUG -I../inst/include  -I/rds/bear-apps/2024a/EL8-ice/software/FriBidi/1.0.15-GCCcore-13.3.0/include -I/rds/bear-apps/2024a/EL8-ice/software/HarfBuzz/9.0.0-GCCcore-13.3.0/include -I/rds/bear-apps/2024a/EL8-ice/software/Tk/8.6.14-GCCcore-13.3.0/include -I/rds/bear-apps/2024a/EL8-ice/software/cURL/8.7.1-GCCcore-13.3.0/include -I/rds/bear-apps/2024a/EL8-ice/software/OpenSSL/3/include -I/rds/bear-apps/2024a/EL8-ice/software/libgit2/1.8.1-GCCcore-13.3.0/include -I/rds/bear-apps/2024a/EL8-ice/software/Java/17.0.15/include -I/rds/bear-apps/2024a/EL8-ice/software/LibTIFF/4.6.0-GCCcore-13.3.0/include -I/rds/bear-apps/2024a/EL8-ice/software/libjpeg-turbo/3.0.1-GCCcore-13.3.0/include -I/rds/bear-apps/2024a/EL8-ice/software/libpng/1.6.43-GCCcore-13.3.0/include -I/rds/bear-apps/2024a/EL8-ice/software/PCRE2/10.43-GCCcore-13.3.0/include -I/rds/bear-apps/2024a/EL8-ice/software/SQLite/3.45.3-GCCcore-13.3.0/include -I/rds/bear-apps/2024a/EL8-ice/software/zlib/1.3.1-GCCcore-13.3.0/include -I/rds/bear-apps/2024a/EL8-ice/software/XZ/5.4.5-GCCcore-13.3.0/include -I/rds/bear-apps/2024a/EL8-ice/software/bzip2/1.0.8-GCCcore-13.3.0/include -I/rds/bear-apps/2024a/EL8-ice/software/ncurses/6.5-GCCcore-13.3.0/include -I/rds/bear-apps/2024a/EL8-ice/software/libreadline/8.2-GCCcore-13.3.0/include -I/rds/bear-apps/2024a/EL8-ice/software/cairo/1.18.0-GCCcore-13.3.0/include -I/rds/bear-apps/2024a/EL8-ice/software/libGLU/9.0.3-GCCcore-13.3.0/include -I/rds/bear-apps/2024a/EL8-ice/software/Mesa/24.1.3-GCCcore-13.3.0/include -I/rds/bear-apps/2024a/EL8-ice/software/X11/20240607-GCCcore-13.3.0/include -I/rds/bear-apps/2024a/EL8-ice/software/pkgconf/2.2.0-GCCcore-13.3.0/include -I/rds/bear-apps/2024a/EL8-ice/software/FFTW/3.3.10-GCC-13.3.0/include -I/rds/bear-apps/2024a/EL8-ice/software/FlexiBLAS/3.4.4-GCC-13.3.0/include -I/rds/bear-apps/2024a/EL8-ice/software/FlexiBLAS/3.4.4-GCC-13.3.0/include/flexiblas   -fvisibility=hidden -fpic  -O2 -ftree-vectorize -march=native -fno-math-errno  -c winfiles.c -o winfiles.o
gcc -std=gnu2x -I"/rds/bear-apps/2024a/EL8-ice/software/R/4.5.0-gfbf-2024a/lib64/R/include" -DNDEBUG -I../inst/include  -I/rds/bear-apps/2024a/EL8-ice/software/FriBidi/1.0.15-GCCcore-13.3.0/include -I/rds/bear-apps/2024a/EL8-ice/software/HarfBuzz/9.0.0-GCCcore-13.3.0/include -I/rds/bear-apps/2024a/EL8-ice/software/Tk/8.6.14-GCCcore-13.3.0/include -I/rds/bear-apps/2024a/EL8-ice/software/cURL/8.7.1-GCCcore-13.3.0/include -I/rds/bear-apps/2024a/EL8-ice/software/OpenSSL/3/include -I/rds/bear-apps/2024a/EL8-ice/software/libgit2/1.8.1-GCCcore-13.3.0/include -I/rds/bear-apps/2024a/EL8-ice/software/Java/17.0.15/include -I/rds/bear-apps/2024a/EL8-ice/software/LibTIFF/4.6.0-GCCcore-13.3.0/include -I/rds/bear-apps/2024a/EL8-ice/software/libjpeg-turbo/3.0.1-GCCcore-13.3.0/include -I/rds/bear-apps/2024a/EL8-ice/software/libpng/1.6.43-GCCcore-13.3.0/include -I/rds/bear-apps/2024a/EL8-ice/software/PCRE2/10.43-GCCcore-13.3.0/include -I/rds/bear-apps/2024a/EL8-ice/software/SQLite/3.45.3-GCCcore-13.3.0/include -I/rds/bear-apps/2024a/EL8-ice/software/zlib/1.3.1-GCCcore-13.3.0/include -I/rds/bear-apps/2024a/EL8-ice/software/XZ/5.4.5-GCCcore-13.3.0/include -I/rds/bear-apps/2024a/EL8-ice/software/bzip2/1.0.8-GCCcore-13.3.0/include -I/rds/bear-apps/2024a/EL8-ice/software/ncurses/6.5-GCCcore-13.3.0/include -I/rds/bear-apps/2024a/EL8-ice/software/libreadline/8.2-GCCcore-13.3.0/include -I/rds/bear-apps/2024a/EL8-ice/software/cairo/1.18.0-GCCcore-13.3.0/include -I/rds/bear-apps/2024a/EL8-ice/software/libGLU/9.0.3-GCCcore-13.3.0/include -I/rds/bear-apps/2024a/EL8-ice/software/Mesa/24.1.3-GCCcore-13.3.0/include -I/rds/bear-apps/2024a/EL8-ice/software/X11/20240607-GCCcore-13.3.0/include -I/rds/bear-apps/2024a/EL8-ice/software/pkgconf/2.2.0-GCCcore-13.3.0/include -I/rds/bear-apps/2024a/EL8-ice/software/FFTW/3.3.10-GCC-13.3.0/include -I/rds/bear-apps/2024a/EL8-ice/software/FlexiBLAS/3.4.4-GCC-13.3.0/include -I/rds/bear-apps/2024a/EL8-ice/software/FlexiBLAS/3.4.4-GCC-13.3.0/include/flexiblas   -fvisibility=hidden -fpic  -O2 -ftree-vectorize -march=native -fno-math-errno  -c xxhash.c -o xxhash.o
gcc -std=gnu2x -I"/rds/bear-apps/2024a/EL8-ice/software/R/4.5.0-gfbf-2024a/lib64/R/include" -DNDEBUG -I../inst/include  -I/rds/bear-apps/2024a/EL8-ice/software/FriBidi/1.0.15-GCCcore-13.3.0/include -I/rds/bear-apps/2024a/EL8-ice/software/HarfBuzz/9.0.0-GCCcore-13.3.0/include -I/rds/bear-apps/2024a/EL8-ice/software/Tk/8.6.14-GCCcore-13.3.0/include -I/rds/bear-apps/2024a/EL8-ice/software/cURL/8.7.1-GCCcore-13.3.0/include -I/rds/bear-apps/2024a/EL8-ice/software/OpenSSL/3/include -I/rds/bear-apps/2024a/EL8-ice/software/libgit2/1.8.1-GCCcore-13.3.0/include -I/rds/bear-apps/2024a/EL8-ice/software/Java/17.0.15/include -I/rds/bear-apps/2024a/EL8-ice/software/LibTIFF/4.6.0-GCCcore-13.3.0/include -I/rds/bear-apps/2024a/EL8-ice/software/libjpeg-turbo/3.0.1-GCCcore-13.3.0/include -I/rds/bear-apps/2024a/EL8-ice/software/libpng/1.6.43-GCCcore-13.3.0/include -I/rds/bear-apps/2024a/EL8-ice/software/PCRE2/10.43-GCCcore-13.3.0/include -I/rds/bear-apps/2024a/EL8-ice/software/SQLite/3.45.3-GCCcore-13.3.0/include -I/rds/bear-apps/2024a/EL8-ice/software/zlib/1.3.1-GCCcore-13.3.0/include -I/rds/bear-apps/2024a/EL8-ice/software/XZ/5.4.5-GCCcore-13.3.0/include -I/rds/bear-apps/2024a/EL8-ice/software/bzip2/1.0.8-GCCcore-13.3.0/include -I/rds/bear-apps/2024a/EL8-ice/software/ncurses/6.5-GCCcore-13.3.0/include -I/rds/bear-apps/2024a/EL8-ice/software/libreadline/8.2-GCCcore-13.3.0/include -I/rds/bear-apps/2024a/EL8-ice/software/cairo/1.18.0-GCCcore-13.3.0/include -I/rds/bear-apps/2024a/EL8-ice/software/libGLU/9.0.3-GCCcore-13.3.0/include -I/rds/bear-apps/2024a/EL8-ice/software/Mesa/24.1.3-GCCcore-13.3.0/include -I/rds/bear-apps/2024a/EL8-ice/software/X11/20240607-GCCcore-13.3.0/include -I/rds/bear-apps/2024a/EL8-ice/software/pkgconf/2.2.0-GCCcore-13.3.0/include -I/rds/bear-apps/2024a/EL8-ice/software/FFTW/3.3.10-GCC-13.3.0/include -I/rds/bear-apps/2024a/EL8-ice/software/FlexiBLAS/3.4.4-GCC-13.3.0/include -I/rds/bear-apps/2024a/EL8-ice/software/FlexiBLAS/3.4.4-GCC-13.3.0/include/flexiblas   -fvisibility=hidden -fpic  -O2 -ftree-vectorize -march=native -fno-math-errno  -c xxhash2.c -o xxhash2.o
gcc -std=gnu2x -shared -L/rds/bear-apps/2024a/EL8-ice/software/R/4.5.0-gfbf-2024a/lib64/R/lib -L/rds/bear-apps/2024a/EL8-ice/software/FriBidi/1.0.15-GCCcore-13.3.0/lib64 -L/rds/bear-apps/2024a/EL8-ice/software/FriBidi/1.0.15-GCCcore-13.3.0/lib -L/rds/bear-apps/2024a/EL8-ice/software/HarfBuzz/9.0.0-GCCcore-13.3.0/lib64 -L/rds/bear-apps/2024a/EL8-ice/software/HarfBuzz/9.0.0-GCCcore-13.3.0/lib -L/rds/bear-apps/2024a/EL8-ice/software/Tk/8.6.14-GCCcore-13.3.0/lib64 -L/rds/bear-apps/2024a/EL8-ice/software/Tk/8.6.14-GCCcore-13.3.0/lib -L/rds/bear-apps/2024a/EL8-ice/software/cURL/8.7.1-GCCcore-13.3.0/lib64 -L/rds/bear-apps/2024a/EL8-ice/software/cURL/8.7.1-GCCcore-13.3.0/lib -L/rds/bear-apps/2024a/EL8-ice/software/OpenSSL/3/lib64 -L/rds/bear-apps/2024a/EL8-ice/software/OpenSSL/3/lib -L/rds/bear-apps/2024a/EL8-ice/software/libgit2/1.8.1-GCCcore-13.3.0/lib64 -L/rds/bear-apps/2024a/EL8-ice/software/libgit2/1.8.1-GCCcore-13.3.0/lib -L/rds/bear-apps/2024a/EL8-ice/software/Java/17.0.15/lib64 -L/rds/bear-apps/2024a/EL8-ice/software/Java/17.0.15/lib -L/rds/bear-apps/2024a/EL8-ice/software/LibTIFF/4.6.0-GCCcore-13.3.0/lib64 -L/rds/bear-apps/2024a/EL8-ice/software/LibTIFF/4.6.0-GCCcore-13.3.0/lib -L/rds/bear-apps/2024a/EL8-ice/software/libjpeg-turbo/3.0.1-GCCcore-13.3.0/lib64 -L/rds/bear-apps/2024a/EL8-ice/software/libjpeg-turbo/3.0.1-GCCcore-13.3.0/lib -L/rds/bear-apps/2024a/EL8-ice/software/libpng/1.6.43-GCCcore-13.3.0/lib64 -L/rds/bear-apps/2024a/EL8-ice/software/libpng/1.6.43-GCCcore-13.3.0/lib -L/rds/bear-apps/2024a/EL8-ice/software/PCRE2/10.43-GCCcore-13.3.0/lib64 -L/rds/bear-apps/2024a/EL8-ice/software/PCRE2/10.43-GCCcore-13.3.0/lib -L/rds/bear-apps/2024a/EL8-ice/software/SQLite/3.45.3-GCCcore-13.3.0/lib64 -L/rds/bear-apps/2024a/EL8-ice/software/SQLite/3.45.3-GCCcore-13.3.0/lib -L/rds/bear-apps/2024a/EL8-ice/software/zlib/1.3.1-GCCcore-13.3.0/lib64 -L/rds/bear-apps/2024a/EL8-ice/software/zlib/1.3.1-GCCcore-13.3.0/lib -L/rds/bear-apps/2024a/EL8-ice/software/XZ/5.4.5-GCCcore-13.3.0/lib64 -L/rds/bear-apps/2024a/EL8-ice/software/XZ/5.4.5-GCCcore-13.3.0/lib -L/rds/bear-apps/2024a/EL8-ice/software/bzip2/1.0.8-GCCcore-13.3.0/lib64 -L/rds/bear-apps/2024a/EL8-ice/software/bzip2/1.0.8-GCCcore-13.3.0/lib -L/rds/bear-apps/2024a/EL8-ice/software/ncurses/6.5-GCCcore-13.3.0/lib64 -L/rds/bear-apps/2024a/EL8-ice/software/ncurses/6.5-GCCcore-13.3.0/lib -L/rds/bear-apps/2024a/EL8-ice/software/libreadline/8.2-GCCcore-13.3.0/lib64 -L/rds/bear-apps/2024a/EL8-ice/software/libreadline/8.2-GCCcore-13.3.0/lib -L/rds/bear-apps/2024a/EL8-ice/software/cairo/1.18.0-GCCcore-13.3.0/lib64 -L/rds/bear-apps/2024a/EL8-ice/software/cairo/1.18.0-GCCcore-13.3.0/lib -L/rds/bear-apps/2024a/EL8-ice/software/libGLU/9.0.3-GCCcore-13.3.0/lib64 -L/rds/bear-apps/2024a/EL8-ice/software/libGLU/9.0.3-GCCcore-13.3.0/lib -L/rds/bear-apps/2024a/EL8-ice/software/Mesa/24.1.3-GCCcore-13.3.0/lib64 -L/rds/bear-apps/2024a/EL8-ice/software/Mesa/24.1.3-GCCcore-13.3.0/lib -L/rds/bear-apps/2024a/EL8-ice/software/X11/20240607-GCCcore-13.3.0/lib64 -L/rds/bear-apps/2024a/EL8-ice/software/X11/20240607-GCCcore-13.3.0/lib -L/rds/bear-apps/2024a/EL8-ice/software/pkgconf/2.2.0-GCCcore-13.3.0/lib64 -L/rds/bear-apps/2024a/EL8-ice/software/pkgconf/2.2.0-GCCcore-13.3.0/lib -L/rds/bear-apps/2024a/EL8-ice/software/FFTW/3.3.10-GCC-13.3.0/lib64 -L/rds/bear-apps/2024a/EL8-ice/software/FFTW/3.3.10-GCC-13.3.0/lib -L/rds/bear-apps/2024a/EL8-ice/software/FlexiBLAS/3.4.4-GCC-13.3.0/lib64 -L/rds/bear-apps/2024a/EL8-ice/software/FlexiBLAS/3.4.4-GCC-13.3.0/lib -L/rds/bear-apps/2024a/EL8-ice/software/GCCcore/13.3.0/lib64 -L/rds/bear-apps/2024a/EL8-ice/software/GCCcore/13.3.0/lib -o cli.so ansi.o cleancall.o diff.o errors.o glue.o init.o inst.o keypress-unix.o keypress-win.o keypress.o md5.o progress-altrep.o progress.o sha1.o sha256.o thread.o tty.o utf8.o utils.o vt.o vtparse.o vtparse_table.o win-utf8.o winfiles.o xxhash.o xxhash2.o -lpthread -L/rds/bear-apps/2024a/EL8-ice/software/R/4.5.0-gfbf-2024a/lib64/R/lib -lR
installing to /rds/homes/a/axv209/R/library/4.5.0/EL8-ice/00LOCK-cli/00new/cli/libs
** R
** exec
** inst
** byte-compile and prepare package for lazy loading
** help
*** installing help indices
*** copying figures
** building package indices
** testing if installed package can be loaded from temporary location
** checking absolute paths in shared objects and dynamic libraries
** testing if installed package can be loaded from final location
** testing if installed package keeps a record of temporary installation path
* DONE (cli)
* installing *source* package ‘ellipsis’ ...
** this is package ‘ellipsis’ version ‘0.3.3’
** package ‘ellipsis’ successfully unpacked and MD5 sums checked
** using staged installation
** R
** byte-compile and prepare package for lazy loading
** help
*** installing help indices
** building package indices
** testing if installed package can be loaded from temporary location
** testing if installed package can be loaded from final location
** testing if installed package keeps a record of temporary installation path
* DONE (ellipsis)
* installing *source* package ‘fs’ ...
** this is package ‘fs’ version ‘2.1.0’
** package ‘fs’ successfully unpacked and MD5 sums checked
** using staged installation
Package libuv was not found in the pkg-config search path.
Perhaps you should add the directory containing `libuv.pc'
to the PKG_CONFIG_PATH environment variable
Package 'libuv', required by 'virtual:world', not found
Building static libuv
** libs
using C++ compiler: ‘g++ (GCC) 13.3.0’
tar xf ../tools/libuv-v1.52.0.tar.gz && \
CC="gcc -std=gnu2x" CFLAGS="-O2 -ftree-vectorize -march=native -fno-math-errno  -fpic" CPPFLAGS="-I/rds/bear-apps/2024a/EL8-ice/software/FriBidi/1.0.15-GCCcore-13.3.0/include -I/rds/bear-apps/2024a/EL8-ice/software/HarfBuzz/9.0.0-GCCcore-13.3.0/include -I/rds/bear-apps/2024a/EL8-ice/software/Tk/8.6.14-GCCcore-13.3.0/include -I/rds/bear-apps/2024a/EL8-ice/software/cURL/8.7.1-GCCcore-13.3.0/include -I/rds/bear-apps/2024a/EL8-ice/software/OpenSSL/3/include -I/rds/bear-apps/2024a/EL8-ice/software/libgit2/1.8.1-GCCcore-13.3.0/include -I/rds/bear-apps/2024a/EL8-ice/software/Java/17.0.15/include -I/rds/bear-apps/2024a/EL8-ice/software/LibTIFF/4.6.0-GCCcore-13.3.0/include -I/rds/bear-apps/2024a/EL8-ice/software/libjpeg-turbo/3.0.1-GCCcore-13.3.0/include -I/rds/bear-apps/2024a/EL8-ice/software/libpng/1.6.43-GCCcore-13.3.0/include -I/rds/bear-apps/2024a/EL8-ice/software/PCRE2/10.43-GCCcore-13.3.0/include -I/rds/bear-apps/2024a/EL8-ice/software/SQLite/3.45.3-GCCcore-13.3.0/include -I/rds/bear-apps/2024a/EL8-ice/software/zlib/1.3.1-GCCcore-13.3.0/include -I/rds/bear-apps/2024a/EL8-ice/software/XZ/5.4.5-GCCcore-13.3.0/include -I/rds/bear-apps/2024a/EL8-ice/software/bzip2/1.0.8-GCCcore-13.3.0/include -I/rds/bear-apps/2024a/EL8-ice/software/ncurses/6.5-GCCcore-13.3.0/include -I/rds/bear-apps/2024a/EL8-ice/software/libreadline/8.2-GCCcore-13.3.0/include -I/rds/bear-apps/2024a/EL8-ice/software/cairo/1.18.0-GCCcore-13.3.0/include -I/rds/bear-apps/2024a/EL8-ice/software/libGLU/9.0.3-GCCcore-13.3.0/include -I/rds/bear-apps/2024a/EL8-ice/software/Mesa/24.1.3-GCCcore-13.3.0/include -I/rds/bear-apps/2024a/EL8-ice/software/X11/20240607-GCCcore-13.3.0/include -I/rds/bear-apps/2024a/EL8-ice/software/pkgconf/2.2.0-GCCcore-13.3.0/include -I/rds/bear-apps/2024a/EL8-ice/software/FFTW/3.3.10-GCC-13.3.0/include -I/rds/bear-apps/2024a/EL8-ice/software/FlexiBLAS/3.4.4-GCC-13.3.0/include -I/rds/bear-apps/2024a/EL8-ice/software/FlexiBLAS/3.4.4-GCC-13.3.0/include/flexiblas" AR="ar" RANLIB="ranlib" LDFLAGS="-L/rds/bear-apps/2024a/EL8-ice/software/FriBidi/1.0.15-GCCcore-13.3.0/lib64 -L/rds/bear-apps/2024a/EL8-ice/software/FriBidi/1.0.15-GCCcore-13.3.0/lib -L/rds/bear-apps/2024a/EL8-ice/software/HarfBuzz/9.0.0-GCCcore-13.3.0/lib64 -L/rds/bear-apps/2024a/EL8-ice/software/HarfBuzz/9.0.0-GCCcore-13.3.0/lib -L/rds/bear-apps/2024a/EL8-ice/software/Tk/8.6.14-GCCcore-13.3.0/lib64 -L/rds/bear-apps/2024a/EL8-ice/software/Tk/8.6.14-GCCcore-13.3.0/lib -L/rds/bear-apps/2024a/EL8-ice/software/cURL/8.7.1-GCCcore-13.3.0/lib64 -L/rds/bear-apps/2024a/EL8-ice/software/cURL/8.7.1-GCCcore-13.3.0/lib -L/rds/bear-apps/2024a/EL8-ice/software/OpenSSL/3/lib64 -L/rds/bear-apps/2024a/EL8-ice/software/OpenSSL/3/lib -L/rds/bear-apps/2024a/EL8-ice/software/libgit2/1.8.1-GCCcore-13.3.0/lib64 -L/rds/bear-apps/2024a/EL8-ice/software/libgit2/1.8.1-GCCcore-13.3.0/lib -L/rds/bear-apps/2024a/EL8-ice/software/Java/17.0.15/lib64 -L/rds/bear-apps/2024a/EL8-ice/software/Java/17.0.15/lib -L/rds/bear-apps/2024a/EL8-ice/software/LibTIFF/4.6.0-GCCcore-13.3.0/lib64 -L/rds/bear-apps/2024a/EL8-ice/software/LibTIFF/4.6.0-GCCcore-13.3.0/lib -L/rds/bear-apps/2024a/EL8-ice/software/libjpeg-turbo/3.0.1-GCCcore-13.3.0/lib64 -L/rds/bear-apps/2024a/EL8-ice/software/libjpeg-turbo/3.0.1-GCCcore-13.3.0/lib -L/rds/bear-apps/2024a/EL8-ice/software/libpng/1.6.43-GCCcore-13.3.0/lib64 -L/rds/bear-apps/2024a/EL8-ice/software/libpng/1.6.43-GCCcore-13.3.0/lib -L/rds/bear-apps/2024a/EL8-ice/software/PCRE2/10.43-GCCcore-13.3.0/lib64 -L/rds/bear-apps/2024a/EL8-ice/software/PCRE2/10.43-GCCcore-13.3.0/lib -L/rds/bear-apps/2024a/EL8-ice/software/SQLite/3.45.3-GCCcore-13.3.0/lib64 -L/rds/bear-apps/2024a/EL8-ice/software/SQLite/3.45.3-GCCcore-13.3.0/lib -L/rds/bear-apps/2024a/EL8-ice/software/zlib/1.3.1-GCCcore-13.3.0/lib64 -L/rds/bear-apps/2024a/EL8-ice/software/zlib/1.3.1-GCCcore-13.3.0/lib -L/rds/bear-apps/2024a/EL8-ice/software/XZ/5.4.5-GCCcore-13.3.0/lib64 -L/rds/bear-apps/2024a/EL8-ice/software/XZ/5.4.5-GCCcore-13.3.0/lib -L/rds/bear-apps/2024a/EL8-ice/software/bzip2/1.0.8-GCCcore-13.3.0/lib64 -L/rds/bear-apps/2024a/EL8-ice/software/bzip2/1.0.8-GCCcore-13.3.0/lib -L/rds/bear-apps/2024a/EL8-ice/software/ncurses/6.5-GCCcore-13.3.0/lib64 -L/rds/bear-apps/2024a/EL8-ice/software/ncurses/6.5-GCCcore-13.3.0/lib -L/rds/bear-apps/2024a/EL8-ice/software/libreadline/8.2-GCCcore-13.3.0/lib64 -L/rds/bear-apps/2024a/EL8-ice/software/libreadline/8.2-GCCcore-13.3.0/lib -L/rds/bear-apps/2024a/EL8-ice/software/cairo/1.18.0-GCCcore-13.3.0/lib64 -L/rds/bear-apps/2024a/EL8-ice/software/cairo/1.18.0-GCCcore-13.3.0/lib -L/rds/bear-apps/2024a/EL8-ice/software/libGLU/9.0.3-GCCcore-13.3.0/lib64 -L/rds/bear-apps/2024a/EL8-ice/software/libGLU/9.0.3-GCCcore-13.3.0/lib -L/rds/bear-apps/2024a/EL8-ice/software/Mesa/24.1.3-GCCcore-13.3.0/lib64 -L/rds/bear-apps/2024a/EL8-ice/software/Mesa/24.1.3-GCCcore-13.3.0/lib -L/rds/bear-apps/2024a/EL8-ice/software/X11/20240607-GCCcore-13.3.0/lib64 -L/rds/bear-apps/2024a/EL8-ice/software/X11/20240607-GCCcore-13.3.0/lib -L/rds/bear-apps/2024a/EL8-ice/software/pkgconf/2.2.0-GCCcore-13.3.0/lib64 -L/rds/bear-apps/2024a/EL8-ice/software/pkgconf/2.2.0-GCCcore-13.3.0/lib -L/rds/bear-apps/2024a/EL8-ice/software/FFTW/3.3.10-GCC-13.3.0/lib64 -L/rds/bear-apps/2024a/EL8-ice/software/FFTW/3.3.10-GCC-13.3.0/lib -L/rds/bear-apps/2024a/EL8-ice/software/FlexiBLAS/3.4.4-GCC-13.3.0/lib64 -L/rds/bear-apps/2024a/EL8-ice/software/FlexiBLAS/3.4.4-GCC-13.3.0/lib -L/rds/bear-apps/2024a/EL8-ice/software/GCCcore/13.3.0/lib64 -L/rds/bear-apps/2024a/EL8-ice/software/GCCcore/13.3.0/lib" cmake -S libuv-v1.52.0 -B libuv-v1.52.0 -DLIBUV_BUILD_SHARED=OFF && cmake --build libuv-v1.52.0 && \
cp -f libuv-v1.52.0/libuv.a libuv && \
cp -Rf libuv-v1.52.0/include/* . &&\
rm -Rf libuv-v1.52.0
-- The C compiler identification is GNU 13.3.0
-- Detecting C compiler ABI info
-- Detecting C compiler ABI info - done
-- Check for working C compiler: /rds/bear-apps/2024a/EL8-ice/software/GCCcore/13.3.0/bin/gcc - skipped
-- Detecting C compile features
-- Detecting C compile features - done
-- Performing Test UV_LINT_W4
-- Performing Test UV_LINT_W4 - Failed
-- Performing Test UV_LINT_NO_UNUSED_PARAMETER_MSVC
-- Performing Test UV_LINT_NO_UNUSED_PARAMETER_MSVC - Failed
-- Performing Test UV_LINT_NO_CONDITIONAL_CONSTANT_MSVC
-- Performing Test UV_LINT_NO_CONDITIONAL_CONSTANT_MSVC - Failed
-- Performing Test UV_LINT_NO_NONSTANDARD_MSVC
-- Performing Test UV_LINT_NO_NONSTANDARD_MSVC - Failed
-- Performing Test UV_LINT_NO_NONSTANDARD_EMPTY_TU_MSVC
-- Performing Test UV_LINT_NO_NONSTANDARD_EMPTY_TU_MSVC - Failed
-- Performing Test UV_LINT_NO_NONSTANDARD_FILE_SCOPE_MSVC
-- Performing Test UV_LINT_NO_NONSTANDARD_FILE_SCOPE_MSVC - Failed
-- Performing Test UV_LINT_NO_NONSTANDARD_NONSTATIC_DLIMPORT_MSVC
-- Performing Test UV_LINT_NO_NONSTANDARD_NONSTATIC_DLIMPORT_MSVC - Failed
-- Performing Test UV_LINT_NO_HIDES_LOCAL
-- Performing Test UV_LINT_NO_HIDES_LOCAL - Failed
-- Performing Test UV_LINT_NO_HIDES_PARAM
-- Performing Test UV_LINT_NO_HIDES_PARAM - Failed
-- Performing Test UV_LINT_NO_HIDES_GLOBAL
-- Performing Test UV_LINT_NO_HIDES_GLOBAL - Failed
-- Performing Test UV_LINT_NO_CONDITIONAL_ASSIGNMENT_MSVC
-- Performing Test UV_LINT_NO_CONDITIONAL_ASSIGNMENT_MSVC - Failed
-- Performing Test UV_LINT_NO_UNSAFE_MSVC
-- Performing Test UV_LINT_NO_UNSAFE_MSVC - Failed
-- Performing Test UV_LINT_WALL
-- Performing Test UV_LINT_WALL - Success
-- Performing Test UV_LINT_NO_UNUSED_PARAMETER
-- Performing Test UV_LINT_NO_UNUSED_PARAMETER - Success
-- Performing Test UV_LINT_STRICT_PROTOTYPES
-- Performing Test UV_LINT_STRICT_PROTOTYPES - Success
-- Performing Test UV_LINT_EXTRA
-- Performing Test UV_LINT_EXTRA - Success
-- Performing Test UV_LINT_UTF8_MSVC
-- Performing Test UV_LINT_UTF8_MSVC - Failed
-- Performing Test UV_F_STRICT_ALIASING
-- Performing Test UV_F_STRICT_ALIASING - Success
-- summary of build options:
    Install prefix:  /usr/local
    Target system:   Linux
    Compiler:
      C compiler:    /rds/bear-apps/2024a/EL8-ice/software/GCCcore/13.3.0/bin/gcc (GNU)
      CFLAGS:         -O2 -ftree-vectorize -march=native -fno-math-errno  -fpic

-- Configuring done (5.1s)
-- Generating done (0.0s)
-- Build files have been written to: /tmp/RtmpK6Qc1Q/R.INSTALLc0cfd495cdec5/fs/src/libuv-v1.52.0
gmake[1]: Entering directory '/tmp/RtmpK6Qc1Q/R.INSTALLc0cfd495cdec5/fs/src/libuv-v1.52.0'
make[2]: Entering directory '/tmp/RtmpK6Qc1Q/R.INSTALLc0cfd495cdec5/fs/src/libuv-v1.52.0'
make[3]: Entering directory '/tmp/RtmpK6Qc1Q/R.INSTALLc0cfd495cdec5/fs/src/libuv-v1.52.0'
make[3]: Leaving directory '/tmp/RtmpK6Qc1Q/R.INSTALLc0cfd495cdec5/fs/src/libuv-v1.52.0'
make[3]: Entering directory '/tmp/RtmpK6Qc1Q/R.INSTALLc0cfd495cdec5/fs/src/libuv-v1.52.0'
[  2%] Building C object CMakeFiles/uv_a.dir/src/fs-poll.c.o
[  5%] Building C object CMakeFiles/uv_a.dir/src/idna.c.o
[  8%] Building C object CMakeFiles/uv_a.dir/src/inet.c.o
[ 11%] Building C object CMakeFiles/uv_a.dir/src/random.c.o
[ 13%] Building C object CMakeFiles/uv_a.dir/src/strscpy.c.o
[ 16%] Building C object CMakeFiles/uv_a.dir/src/strtok.c.o
[ 19%] Building C object CMakeFiles/uv_a.dir/src/thread-common.c.o
[ 22%] Building C object CMakeFiles/uv_a.dir/src/threadpool.c.o
[ 25%] Building C object CMakeFiles/uv_a.dir/src/timer.c.o
[ 27%] Building C object CMakeFiles/uv_a.dir/src/uv-common.c.o
[ 30%] Building C object CMakeFiles/uv_a.dir/src/uv-data-getter-setters.c.o
[ 33%] Building C object CMakeFiles/uv_a.dir/src/version.c.o
[ 36%] Building C object CMakeFiles/uv_a.dir/src/unix/async.c.o
[ 38%] Building C object CMakeFiles/uv_a.dir/src/unix/core.c.o
[ 41%] Building C object CMakeFiles/uv_a.dir/src/unix/dl.c.o
[ 44%] Building C object CMakeFiles/uv_a.dir/src/unix/fs.c.o
[ 47%] Building C object CMakeFiles/uv_a.dir/src/unix/getaddrinfo.c.o
[ 50%] Building C object CMakeFiles/uv_a.dir/src/unix/getnameinfo.c.o
[ 52%] Building C object CMakeFiles/uv_a.dir/src/unix/loop-watcher.c.o
[ 55%] Building C object CMakeFiles/uv_a.dir/src/unix/loop.c.o
[ 58%] Building C object CMakeFiles/uv_a.dir/src/unix/pipe.c.o
[ 61%] Building C object CMakeFiles/uv_a.dir/src/unix/poll.c.o
[ 63%] Building C object CMakeFiles/uv_a.dir/src/unix/process.c.o
[ 66%] Building C object CMakeFiles/uv_a.dir/src/unix/random-devurandom.c.o
[ 69%] Building C object CMakeFiles/uv_a.dir/src/unix/signal.c.o
[ 72%] Building C object CMakeFiles/uv_a.dir/src/unix/stream.c.o
[ 75%] Building C object CMakeFiles/uv_a.dir/src/unix/tcp.c.o
[ 77%] Building C object CMakeFiles/uv_a.dir/src/unix/thread.c.o
[ 80%] Building C object CMakeFiles/uv_a.dir/src/unix/tty.c.o
[ 83%] Building C object CMakeFiles/uv_a.dir/src/unix/udp.c.o
[ 86%] Building C object CMakeFiles/uv_a.dir/src/unix/proctitle.c.o
[ 88%] Building C object CMakeFiles/uv_a.dir/src/unix/linux.c.o
[ 91%] Building C object CMakeFiles/uv_a.dir/src/unix/procfs-exepath.c.o
[ 94%] Building C object CMakeFiles/uv_a.dir/src/unix/random-getrandom.c.o
[ 97%] Building C object CMakeFiles/uv_a.dir/src/unix/random-sysctl-linux.c.o
[100%] Linking C static library libuv.a
make[3]: Leaving directory '/tmp/RtmpK6Qc1Q/R.INSTALLc0cfd495cdec5/fs/src/libuv-v1.52.0'
[100%] Built target uv_a
make[2]: Leaving directory '/tmp/RtmpK6Qc1Q/R.INSTALLc0cfd495cdec5/fs/src/libuv-v1.52.0'
gmake[1]: Leaving directory '/tmp/RtmpK6Qc1Q/R.INSTALLc0cfd495cdec5/fs/src/libuv-v1.52.0'
g++ -std=gnu++17 -I"/rds/bear-apps/2024a/EL8-ice/software/R/4.5.0-gfbf-2024a/lib64/R/include" -DNDEBUG -I.//include -I. -pthread  -I/rds/bear-apps/2024a/EL8-ice/software/FriBidi/1.0.15-GCCcore-13.3.0/include -I/rds/bear-apps/2024a/EL8-ice/software/HarfBuzz/9.0.0-GCCcore-13.3.0/include -I/rds/bear-apps/2024a/EL8-ice/software/Tk/8.6.14-GCCcore-13.3.0/include -I/rds/bear-apps/2024a/EL8-ice/software/cURL/8.7.1-GCCcore-13.3.0/include -I/rds/bear-apps/2024a/EL8-ice/software/OpenSSL/3/include -I/rds/bear-apps/2024a/EL8-ice/software/libgit2/1.8.1-GCCcore-13.3.0/include -I/rds/bear-apps/2024a/EL8-ice/software/Java/17.0.15/include -I/rds/bear-apps/2024a/EL8-ice/software/LibTIFF/4.6.0-GCCcore-13.3.0/include -I/rds/bear-apps/2024a/EL8-ice/software/libjpeg-turbo/3.0.1-GCCcore-13.3.0/include -I/rds/bear-apps/2024a/EL8-ice/software/libpng/1.6.43-GCCcore-13.3.0/include -I/rds/bear-apps/2024a/EL8-ice/software/PCRE2/10.43-GCCcore-13.3.0/include -I/rds/bear-apps/2024a/EL8-ice/software/SQLite/3.45.3-GCCcore-13.3.0/include -I/rds/bear-apps/2024a/EL8-ice/software/zlib/1.3.1-GCCcore-13.3.0/include -I/rds/bear-apps/2024a/EL8-ice/software/XZ/5.4.5-GCCcore-13.3.0/include -I/rds/bear-apps/2024a/EL8-ice/software/bzip2/1.0.8-GCCcore-13.3.0/include -I/rds/bear-apps/2024a/EL8-ice/software/ncurses/6.5-GCCcore-13.3.0/include -I/rds/bear-apps/2024a/EL8-ice/software/libreadline/8.2-GCCcore-13.3.0/include -I/rds/bear-apps/2024a/EL8-ice/software/cairo/1.18.0-GCCcore-13.3.0/include -I/rds/bear-apps/2024a/EL8-ice/software/libGLU/9.0.3-GCCcore-13.3.0/include -I/rds/bear-apps/2024a/EL8-ice/software/Mesa/24.1.3-GCCcore-13.3.0/include -I/rds/bear-apps/2024a/EL8-ice/software/X11/20240607-GCCcore-13.3.0/include -I/rds/bear-apps/2024a/EL8-ice/software/pkgconf/2.2.0-GCCcore-13.3.0/include -I/rds/bear-apps/2024a/EL8-ice/software/FFTW/3.3.10-GCC-13.3.0/include -I/rds/bear-apps/2024a/EL8-ice/software/FlexiBLAS/3.4.4-GCC-13.3.0/include -I/rds/bear-apps/2024a/EL8-ice/software/FlexiBLAS/3.4.4-GCC-13.3.0/include/flexiblas    -fpic  -O2 -ftree-vectorize -march=native -fno-math-errno   -c init.cc -o init.o
g++ -std=gnu++17 -I"/rds/bear-apps/2024a/EL8-ice/software/R/4.5.0-gfbf-2024a/lib64/R/include" -DNDEBUG -I.//include -I. -pthread  -I/rds/bear-apps/2024a/EL8-ice/software/FriBidi/1.0.15-GCCcore-13.3.0/include -I/rds/bear-apps/2024a/EL8-ice/software/HarfBuzz/9.0.0-GCCcore-13.3.0/include -I/rds/bear-apps/2024a/EL8-ice/software/Tk/8.6.14-GCCcore-13.3.0/include -I/rds/bear-apps/2024a/EL8-ice/software/cURL/8.7.1-GCCcore-13.3.0/include -I/rds/bear-apps/2024a/EL8-ice/software/OpenSSL/3/include -I/rds/bear-apps/2024a/EL8-ice/software/libgit2/1.8.1-GCCcore-13.3.0/include -I/rds/bear-apps/2024a/EL8-ice/software/Java/17.0.15/include -I/rds/bear-apps/2024a/EL8-ice/software/LibTIFF/4.6.0-GCCcore-13.3.0/include -I/rds/bear-apps/2024a/EL8-ice/software/libjpeg-turbo/3.0.1-GCCcore-13.3.0/include -I/rds/bear-apps/2024a/EL8-ice/software/libpng/1.6.43-GCCcore-13.3.0/include -I/rds/bear-apps/2024a/EL8-ice/software/PCRE2/10.43-GCCcore-13.3.0/include -I/rds/bear-apps/2024a/EL8-ice/software/SQLite/3.45.3-GCCcore-13.3.0/include -I/rds/bear-apps/2024a/EL8-ice/software/zlib/1.3.1-GCCcore-13.3.0/include -I/rds/bear-apps/2024a/EL8-ice/software/XZ/5.4.5-GCCcore-13.3.0/include -I/rds/bear-apps/2024a/EL8-ice/software/bzip2/1.0.8-GCCcore-13.3.0/include -I/rds/bear-apps/2024a/EL8-ice/software/ncurses/6.5-GCCcore-13.3.0/include -I/rds/bear-apps/2024a/EL8-ice/software/libreadline/8.2-GCCcore-13.3.0/include -I/rds/bear-apps/2024a/EL8-ice/software/cairo/1.18.0-GCCcore-13.3.0/include -I/rds/bear-apps/2024a/EL8-ice/software/libGLU/9.0.3-GCCcore-13.3.0/include -I/rds/bear-apps/2024a/EL8-ice/software/Mesa/24.1.3-GCCcore-13.3.0/include -I/rds/bear-apps/2024a/EL8-ice/software/X11/20240607-GCCcore-13.3.0/include -I/rds/bear-apps/2024a/EL8-ice/software/pkgconf/2.2.0-GCCcore-13.3.0/include -I/rds/bear-apps/2024a/EL8-ice/software/FFTW/3.3.10-GCC-13.3.0/include -I/rds/bear-apps/2024a/EL8-ice/software/FlexiBLAS/3.4.4-GCC-13.3.0/include -I/rds/bear-apps/2024a/EL8-ice/software/FlexiBLAS/3.4.4-GCC-13.3.0/include/flexiblas    -fpic  -O2 -ftree-vectorize -march=native -fno-math-errno   -c id.cc -o id.o
g++ -std=gnu++17 -I"/rds/bear-apps/2024a/EL8-ice/software/R/4.5.0-gfbf-2024a/lib64/R/include" -DNDEBUG -I.//include -I. -pthread  -I/rds/bear-apps/2024a/EL8-ice/software/FriBidi/1.0.15-GCCcore-13.3.0/include -I/rds/bear-apps/2024a/EL8-ice/software/HarfBuzz/9.0.0-GCCcore-13.3.0/include -I/rds/bear-apps/2024a/EL8-ice/software/Tk/8.6.14-GCCcore-13.3.0/include -I/rds/bear-apps/2024a/EL8-ice/software/cURL/8.7.1-GCCcore-13.3.0/include -I/rds/bear-apps/2024a/EL8-ice/software/OpenSSL/3/include -I/rds/bear-apps/2024a/EL8-ice/software/libgit2/1.8.1-GCCcore-13.3.0/include -I/rds/bear-apps/2024a/EL8-ice/software/Java/17.0.15/include -I/rds/bear-apps/2024a/EL8-ice/software/LibTIFF/4.6.0-GCCcore-13.3.0/include -I/rds/bear-apps/2024a/EL8-ice/software/libjpeg-turbo/3.0.1-GCCcore-13.3.0/include -I/rds/bear-apps/2024a/EL8-ice/software/libpng/1.6.43-GCCcore-13.3.0/include -I/rds/bear-apps/2024a/EL8-ice/software/PCRE2/10.43-GCCcore-13.3.0/include -I/rds/bear-apps/2024a/EL8-ice/software/SQLite/3.45.3-GCCcore-13.3.0/include -I/rds/bear-apps/2024a/EL8-ice/software/zlib/1.3.1-GCCcore-13.3.0/include -I/rds/bear-apps/2024a/EL8-ice/software/XZ/5.4.5-GCCcore-13.3.0/include -I/rds/bear-apps/2024a/EL8-ice/software/bzip2/1.0.8-GCCcore-13.3.0/include -I/rds/bear-apps/2024a/EL8-ice/software/ncurses/6.5-GCCcore-13.3.0/include -I/rds/bear-apps/2024a/EL8-ice/software/libreadline/8.2-GCCcore-13.3.0/include -I/rds/bear-apps/2024a/EL8-ice/software/cairo/1.18.0-GCCcore-13.3.0/include -I/rds/bear-apps/2024a/EL8-ice/software/libGLU/9.0.3-GCCcore-13.3.0/include -I/rds/bear-apps/2024a/EL8-ice/software/Mesa/24.1.3-GCCcore-13.3.0/include -I/rds/bear-apps/2024a/EL8-ice/software/X11/20240607-GCCcore-13.3.0/include -I/rds/bear-apps/2024a/EL8-ice/software/pkgconf/2.2.0-GCCcore-13.3.0/include -I/rds/bear-apps/2024a/EL8-ice/software/FFTW/3.3.10-GCC-13.3.0/include -I/rds/bear-apps/2024a/EL8-ice/software/FlexiBLAS/3.4.4-GCC-13.3.0/include -I/rds/bear-apps/2024a/EL8-ice/software/FlexiBLAS/3.4.4-GCC-13.3.0/include/flexiblas    -fpic  -O2 -ftree-vectorize -march=native -fno-math-errno   -c utils.cc -o utils.o
g++ -std=gnu++17 -I"/rds/bear-apps/2024a/EL8-ice/software/R/4.5.0-gfbf-2024a/lib64/R/include" -DNDEBUG -I.//include -I. -pthread  -I/rds/bear-apps/2024a/EL8-ice/software/FriBidi/1.0.15-GCCcore-13.3.0/include -I/rds/bear-apps/2024a/EL8-ice/software/HarfBuzz/9.0.0-GCCcore-13.3.0/include -I/rds/bear-apps/2024a/EL8-ice/software/Tk/8.6.14-GCCcore-13.3.0/include -I/rds/bear-apps/2024a/EL8-ice/software/cURL/8.7.1-GCCcore-13.3.0/include -I/rds/bear-apps/2024a/EL8-ice/software/OpenSSL/3/include -I/rds/bear-apps/2024a/EL8-ice/software/libgit2/1.8.1-GCCcore-13.3.0/include -I/rds/bear-apps/2024a/EL8-ice/software/Java/17.0.15/include -I/rds/bear-apps/2024a/EL8-ice/software/LibTIFF/4.6.0-GCCcore-13.3.0/include -I/rds/bear-apps/2024a/EL8-ice/software/libjpeg-turbo/3.0.1-GCCcore-13.3.0/include -I/rds/bear-apps/2024a/EL8-ice/software/libpng/1.6.43-GCCcore-13.3.0/include -I/rds/bear-apps/2024a/EL8-ice/software/PCRE2/10.43-GCCcore-13.3.0/include -I/rds/bear-apps/2024a/EL8-ice/software/SQLite/3.45.3-GCCcore-13.3.0/include -I/rds/bear-apps/2024a/EL8-ice/software/zlib/1.3.1-GCCcore-13.3.0/include -I/rds/bear-apps/2024a/EL8-ice/software/XZ/5.4.5-GCCcore-13.3.0/include -I/rds/bear-apps/2024a/EL8-ice/software/bzip2/1.0.8-GCCcore-13.3.0/include -I/rds/bear-apps/2024a/EL8-ice/software/ncurses/6.5-GCCcore-13.3.0/include -I/rds/bear-apps/2024a/EL8-ice/software/libreadline/8.2-GCCcore-13.3.0/include -I/rds/bear-apps/2024a/EL8-ice/software/cairo/1.18.0-GCCcore-13.3.0/include -I/rds/bear-apps/2024a/EL8-ice/software/libGLU/9.0.3-GCCcore-13.3.0/include -I/rds/bear-apps/2024a/EL8-ice/software/Mesa/24.1.3-GCCcore-13.3.0/include -I/rds/bear-apps/2024a/EL8-ice/software/X11/20240607-GCCcore-13.3.0/include -I/rds/bear-apps/2024a/EL8-ice/software/pkgconf/2.2.0-GCCcore-13.3.0/include -I/rds/bear-apps/2024a/EL8-ice/software/FFTW/3.3.10-GCC-13.3.0/include -I/rds/bear-apps/2024a/EL8-ice/software/FlexiBLAS/3.4.4-GCC-13.3.0/include -I/rds/bear-apps/2024a/EL8-ice/software/FlexiBLAS/3.4.4-GCC-13.3.0/include/flexiblas    -fpic  -O2 -ftree-vectorize -march=native -fno-math-errno   -c file.cc -o file.o
g++ -std=gnu++17 -I"/rds/bear-apps/2024a/EL8-ice/software/R/4.5.0-gfbf-2024a/lib64/R/include" -DNDEBUG -I.//include -I. -pthread  -I/rds/bear-apps/2024a/EL8-ice/software/FriBidi/1.0.15-GCCcore-13.3.0/include -I/rds/bear-apps/2024a/EL8-ice/software/HarfBuzz/9.0.0-GCCcore-13.3.0/include -I/rds/bear-apps/2024a/EL8-ice/software/Tk/8.6.14-GCCcore-13.3.0/include -I/rds/bear-apps/2024a/EL8-ice/software/cURL/8.7.1-GCCcore-13.3.0/include -I/rds/bear-apps/2024a/EL8-ice/software/OpenSSL/3/include -I/rds/bear-apps/2024a/EL8-ice/software/libgit2/1.8.1-GCCcore-13.3.0/include -I/rds/bear-apps/2024a/EL8-ice/software/Java/17.0.15/include -I/rds/bear-apps/2024a/EL8-ice/software/LibTIFF/4.6.0-GCCcore-13.3.0/include -I/rds/bear-apps/2024a/EL8-ice/software/libjpeg-turbo/3.0.1-GCCcore-13.3.0/include -I/rds/bear-apps/2024a/EL8-ice/software/libpng/1.6.43-GCCcore-13.3.0/include -I/rds/bear-apps/2024a/EL8-ice/software/PCRE2/10.43-GCCcore-13.3.0/include -I/rds/bear-apps/2024a/EL8-ice/software/SQLite/3.45.3-GCCcore-13.3.0/include -I/rds/bear-apps/2024a/EL8-ice/software/zlib/1.3.1-GCCcore-13.3.0/include -I/rds/bear-apps/2024a/EL8-ice/software/XZ/5.4.5-GCCcore-13.3.0/include -I/rds/bear-apps/2024a/EL8-ice/software/bzip2/1.0.8-GCCcore-13.3.0/include -I/rds/bear-apps/2024a/EL8-ice/software/ncurses/6.5-GCCcore-13.3.0/include -I/rds/bear-apps/2024a/EL8-ice/software/libreadline/8.2-GCCcore-13.3.0/include -I/rds/bear-apps/2024a/EL8-ice/software/cairo/1.18.0-GCCcore-13.3.0/include -I/rds/bear-apps/2024a/EL8-ice/software/libGLU/9.0.3-GCCcore-13.3.0/include -I/rds/bear-apps/2024a/EL8-ice/software/Mesa/24.1.3-GCCcore-13.3.0/include -I/rds/bear-apps/2024a/EL8-ice/software/X11/20240607-GCCcore-13.3.0/include -I/rds/bear-apps/2024a/EL8-ice/software/pkgconf/2.2.0-GCCcore-13.3.0/include -I/rds/bear-apps/2024a/EL8-ice/software/FFTW/3.3.10-GCC-13.3.0/include -I/rds/bear-apps/2024a/EL8-ice/software/FlexiBLAS/3.4.4-GCC-13.3.0/include -I/rds/bear-apps/2024a/EL8-ice/software/FlexiBLAS/3.4.4-GCC-13.3.0/include/flexiblas    -fpic  -O2 -ftree-vectorize -march=native -fno-math-errno   -c path.cc -o path.o
g++ -std=gnu++17 -I"/rds/bear-apps/2024a/EL8-ice/software/R/4.5.0-gfbf-2024a/lib64/R/include" -DNDEBUG -I.//include -I. -pthread  -I/rds/bear-apps/2024a/EL8-ice/software/FriBidi/1.0.15-GCCcore-13.3.0/include -I/rds/bear-apps/2024a/EL8-ice/software/HarfBuzz/9.0.0-GCCcore-13.3.0/include -I/rds/bear-apps/2024a/EL8-ice/software/Tk/8.6.14-GCCcore-13.3.0/include -I/rds/bear-apps/2024a/EL8-ice/software/cURL/8.7.1-GCCcore-13.3.0/include -I/rds/bear-apps/2024a/EL8-ice/software/OpenSSL/3/include -I/rds/bear-apps/2024a/EL8-ice/software/libgit2/1.8.1-GCCcore-13.3.0/include -I/rds/bear-apps/2024a/EL8-ice/software/Java/17.0.15/include -I/rds/bear-apps/2024a/EL8-ice/software/LibTIFF/4.6.0-GCCcore-13.3.0/include -I/rds/bear-apps/2024a/EL8-ice/software/libjpeg-turbo/3.0.1-GCCcore-13.3.0/include -I/rds/bear-apps/2024a/EL8-ice/software/libpng/1.6.43-GCCcore-13.3.0/include -I/rds/bear-apps/2024a/EL8-ice/software/PCRE2/10.43-GCCcore-13.3.0/include -I/rds/bear-apps/2024a/EL8-ice/software/SQLite/3.45.3-GCCcore-13.3.0/include -I/rds/bear-apps/2024a/EL8-ice/software/zlib/1.3.1-GCCcore-13.3.0/include -I/rds/bear-apps/2024a/EL8-ice/software/XZ/5.4.5-GCCcore-13.3.0/include -I/rds/bear-apps/2024a/EL8-ice/software/bzip2/1.0.8-GCCcore-13.3.0/include -I/rds/bear-apps/2024a/EL8-ice/software/ncurses/6.5-GCCcore-13.3.0/include -I/rds/bear-apps/2024a/EL8-ice/software/libreadline/8.2-GCCcore-13.3.0/include -I/rds/bear-apps/2024a/EL8-ice/software/cairo/1.18.0-GCCcore-13.3.0/include -I/rds/bear-apps/2024a/EL8-ice/software/libGLU/9.0.3-GCCcore-13.3.0/include -I/rds/bear-apps/2024a/EL8-ice/software/Mesa/24.1.3-GCCcore-13.3.0/include -I/rds/bear-apps/2024a/EL8-ice/software/X11/20240607-GCCcore-13.3.0/include -I/rds/bear-apps/2024a/EL8-ice/software/pkgconf/2.2.0-GCCcore-13.3.0/include -I/rds/bear-apps/2024a/EL8-ice/software/FFTW/3.3.10-GCC-13.3.0/include -I/rds/bear-apps/2024a/EL8-ice/software/FlexiBLAS/3.4.4-GCC-13.3.0/include -I/rds/bear-apps/2024a/EL8-ice/software/FlexiBLAS/3.4.4-GCC-13.3.0/include/flexiblas    -fpic  -O2 -ftree-vectorize -march=native -fno-math-errno   -c link.cc -o link.o
g++ -std=gnu++17 -I"/rds/bear-apps/2024a/EL8-ice/software/R/4.5.0-gfbf-2024a/lib64/R/include" -DNDEBUG -I.//include -I. -pthread  -I/rds/bear-apps/2024a/EL8-ice/software/FriBidi/1.0.15-GCCcore-13.3.0/include -I/rds/bear-apps/2024a/EL8-ice/software/HarfBuzz/9.0.0-GCCcore-13.3.0/include -I/rds/bear-apps/2024a/EL8-ice/software/Tk/8.6.14-GCCcore-13.3.0/include -I/rds/bear-apps/2024a/EL8-ice/software/cURL/8.7.1-GCCcore-13.3.0/include -I/rds/bear-apps/2024a/EL8-ice/software/OpenSSL/3/include -I/rds/bear-apps/2024a/EL8-ice/software/libgit2/1.8.1-GCCcore-13.3.0/include -I/rds/bear-apps/2024a/EL8-ice/software/Java/17.0.15/include -I/rds/bear-apps/2024a/EL8-ice/software/LibTIFF/4.6.0-GCCcore-13.3.0/include -I/rds/bear-apps/2024a/EL8-ice/software/libjpeg-turbo/3.0.1-GCCcore-13.3.0/include -I/rds/bear-apps/2024a/EL8-ice/software/libpng/1.6.43-GCCcore-13.3.0/include -I/rds/bear-apps/2024a/EL8-ice/software/PCRE2/10.43-GCCcore-13.3.0/include -I/rds/bear-apps/2024a/EL8-ice/software/SQLite/3.45.3-GCCcore-13.3.0/include -I/rds/bear-apps/2024a/EL8-ice/software/zlib/1.3.1-GCCcore-13.3.0/include -I/rds/bear-apps/2024a/EL8-ice/software/XZ/5.4.5-GCCcore-13.3.0/include -I/rds/bear-apps/2024a/EL8-ice/software/bzip2/1.0.8-GCCcore-13.3.0/include -I/rds/bear-apps/2024a/EL8-ice/software/ncurses/6.5-GCCcore-13.3.0/include -I/rds/bear-apps/2024a/EL8-ice/software/libreadline/8.2-GCCcore-13.3.0/include -I/rds/bear-apps/2024a/EL8-ice/software/cairo/1.18.0-GCCcore-13.3.0/include -I/rds/bear-apps/2024a/EL8-ice/software/libGLU/9.0.3-GCCcore-13.3.0/include -I/rds/bear-apps/2024a/EL8-ice/software/Mesa/24.1.3-GCCcore-13.3.0/include -I/rds/bear-apps/2024a/EL8-ice/software/X11/20240607-GCCcore-13.3.0/include -I/rds/bear-apps/2024a/EL8-ice/software/pkgconf/2.2.0-GCCcore-13.3.0/include -I/rds/bear-apps/2024a/EL8-ice/software/FFTW/3.3.10-GCC-13.3.0/include -I/rds/bear-apps/2024a/EL8-ice/software/FlexiBLAS/3.4.4-GCC-13.3.0/include -I/rds/bear-apps/2024a/EL8-ice/software/FlexiBLAS/3.4.4-GCC-13.3.0/include/flexiblas    -fpic  -O2 -ftree-vectorize -march=native -fno-math-errno   -c fs.cc -o fs.o
g++ -std=gnu++17 -I"/rds/bear-apps/2024a/EL8-ice/software/R/4.5.0-gfbf-2024a/lib64/R/include" -DNDEBUG -I.//include -I. -pthread  -I/rds/bear-apps/2024a/EL8-ice/software/FriBidi/1.0.15-GCCcore-13.3.0/include -I/rds/bear-apps/2024a/EL8-ice/software/HarfBuzz/9.0.0-GCCcore-13.3.0/include -I/rds/bear-apps/2024a/EL8-ice/software/Tk/8.6.14-GCCcore-13.3.0/include -I/rds/bear-apps/2024a/EL8-ice/software/cURL/8.7.1-GCCcore-13.3.0/include -I/rds/bear-apps/2024a/EL8-ice/software/OpenSSL/3/include -I/rds/bear-apps/2024a/EL8-ice/software/libgit2/1.8.1-GCCcore-13.3.0/include -I/rds/bear-apps/2024a/EL8-ice/software/Java/17.0.15/include -I/rds/bear-apps/2024a/EL8-ice/software/LibTIFF/4.6.0-GCCcore-13.3.0/include -I/rds/bear-apps/2024a/EL8-ice/software/libjpeg-turbo/3.0.1-GCCcore-13.3.0/include -I/rds/bear-apps/2024a/EL8-ice/software/libpng/1.6.43-GCCcore-13.3.0/include -I/rds/bear-apps/2024a/EL8-ice/software/PCRE2/10.43-GCCcore-13.3.0/include -I/rds/bear-apps/2024a/EL8-ice/software/SQLite/3.45.3-GCCcore-13.3.0/include -I/rds/bear-apps/2024a/EL8-ice/software/zlib/1.3.1-GCCcore-13.3.0/include -I/rds/bear-apps/2024a/EL8-ice/software/XZ/5.4.5-GCCcore-13.3.0/include -I/rds/bear-apps/2024a/EL8-ice/software/bzip2/1.0.8-GCCcore-13.3.0/include -I/rds/bear-apps/2024a/EL8-ice/software/ncurses/6.5-GCCcore-13.3.0/include -I/rds/bear-apps/2024a/EL8-ice/software/libreadline/8.2-GCCcore-13.3.0/include -I/rds/bear-apps/2024a/EL8-ice/software/cairo/1.18.0-GCCcore-13.3.0/include -I/rds/bear-apps/2024a/EL8-ice/software/libGLU/9.0.3-GCCcore-13.3.0/include -I/rds/bear-apps/2024a/EL8-ice/software/Mesa/24.1.3-GCCcore-13.3.0/include -I/rds/bear-apps/2024a/EL8-ice/software/X11/20240607-GCCcore-13.3.0/include -I/rds/bear-apps/2024a/EL8-ice/software/pkgconf/2.2.0-GCCcore-13.3.0/include -I/rds/bear-apps/2024a/EL8-ice/software/FFTW/3.3.10-GCC-13.3.0/include -I/rds/bear-apps/2024a/EL8-ice/software/FlexiBLAS/3.4.4-GCC-13.3.0/include -I/rds/bear-apps/2024a/EL8-ice/software/FlexiBLAS/3.4.4-GCC-13.3.0/include/flexiblas    -fpic  -O2 -ftree-vectorize -march=native -fno-math-errno   -c dir.cc -o dir.o
g++ -std=gnu++17 -I"/rds/bear-apps/2024a/EL8-ice/software/R/4.5.0-gfbf-2024a/lib64/R/include" -DNDEBUG -I.//include -I. -pthread  -I/rds/bear-apps/2024a/EL8-ice/software/FriBidi/1.0.15-GCCcore-13.3.0/include -I/rds/bear-apps/2024a/EL8-ice/software/HarfBuzz/9.0.0-GCCcore-13.3.0/include -I/rds/bear-apps/2024a/EL8-ice/software/Tk/8.6.14-GCCcore-13.3.0/include -I/rds/bear-apps/2024a/EL8-ice/software/cURL/8.7.1-GCCcore-13.3.0/include -I/rds/bear-apps/2024a/EL8-ice/software/OpenSSL/3/include -I/rds/bear-apps/2024a/EL8-ice/software/libgit2/1.8.1-GCCcore-13.3.0/include -I/rds/bear-apps/2024a/EL8-ice/software/Java/17.0.15/include -I/rds/bear-apps/2024a/EL8-ice/software/LibTIFF/4.6.0-GCCcore-13.3.0/include -I/rds/bear-apps/2024a/EL8-ice/software/libjpeg-turbo/3.0.1-GCCcore-13.3.0/include -I/rds/bear-apps/2024a/EL8-ice/software/libpng/1.6.43-GCCcore-13.3.0/include -I/rds/bear-apps/2024a/EL8-ice/software/PCRE2/10.43-GCCcore-13.3.0/include -I/rds/bear-apps/2024a/EL8-ice/software/SQLite/3.45.3-GCCcore-13.3.0/include -I/rds/bear-apps/2024a/EL8-ice/software/zlib/1.3.1-GCCcore-13.3.0/include -I/rds/bear-apps/2024a/EL8-ice/software/XZ/5.4.5-GCCcore-13.3.0/include -I/rds/bear-apps/2024a/EL8-ice/software/bzip2/1.0.8-GCCcore-13.3.0/include -I/rds/bear-apps/2024a/EL8-ice/software/ncurses/6.5-GCCcore-13.3.0/include -I/rds/bear-apps/2024a/EL8-ice/software/libreadline/8.2-GCCcore-13.3.0/include -I/rds/bear-apps/2024a/EL8-ice/software/cairo/1.18.0-GCCcore-13.3.0/include -I/rds/bear-apps/2024a/EL8-ice/software/libGLU/9.0.3-GCCcore-13.3.0/include -I/rds/bear-apps/2024a/EL8-ice/software/Mesa/24.1.3-GCCcore-13.3.0/include -I/rds/bear-apps/2024a/EL8-ice/software/X11/20240607-GCCcore-13.3.0/include -I/rds/bear-apps/2024a/EL8-ice/software/pkgconf/2.2.0-GCCcore-13.3.0/include -I/rds/bear-apps/2024a/EL8-ice/software/FFTW/3.3.10-GCC-13.3.0/include -I/rds/bear-apps/2024a/EL8-ice/software/FlexiBLAS/3.4.4-GCC-13.3.0/include -I/rds/bear-apps/2024a/EL8-ice/software/FlexiBLAS/3.4.4-GCC-13.3.0/include/flexiblas    -fpic  -O2 -ftree-vectorize -march=native -fno-math-errno   -c getmode.cc -o getmode.o
g++ -std=gnu++17 -I"/rds/bear-apps/2024a/EL8-ice/software/R/4.5.0-gfbf-2024a/lib64/R/include" -DNDEBUG -I.//include -I. -pthread  -I/rds/bear-apps/2024a/EL8-ice/software/FriBidi/1.0.15-GCCcore-13.3.0/include -I/rds/bear-apps/2024a/EL8-ice/software/HarfBuzz/9.0.0-GCCcore-13.3.0/include -I/rds/bear-apps/2024a/EL8-ice/software/Tk/8.6.14-GCCcore-13.3.0/include -I/rds/bear-apps/2024a/EL8-ice/software/cURL/8.7.1-GCCcore-13.3.0/include -I/rds/bear-apps/2024a/EL8-ice/software/OpenSSL/3/include -I/rds/bear-apps/2024a/EL8-ice/software/libgit2/1.8.1-GCCcore-13.3.0/include -I/rds/bear-apps/2024a/EL8-ice/software/Java/17.0.15/include -I/rds/bear-apps/2024a/EL8-ice/software/LibTIFF/4.6.0-GCCcore-13.3.0/include -I/rds/bear-apps/2024a/EL8-ice/software/libjpeg-turbo/3.0.1-GCCcore-13.3.0/include -I/rds/bear-apps/2024a/EL8-ice/software/libpng/1.6.43-GCCcore-13.3.0/include -I/rds/bear-apps/2024a/EL8-ice/software/PCRE2/10.43-GCCcore-13.3.0/include -I/rds/bear-apps/2024a/EL8-ice/software/SQLite/3.45.3-GCCcore-13.3.0/include -I/rds/bear-apps/2024a/EL8-ice/software/zlib/1.3.1-GCCcore-13.3.0/include -I/rds/bear-apps/2024a/EL8-ice/software/XZ/5.4.5-GCCcore-13.3.0/include -I/rds/bear-apps/2024a/EL8-ice/software/bzip2/1.0.8-GCCcore-13.3.0/include -I/rds/bear-apps/2024a/EL8-ice/software/ncurses/6.5-GCCcore-13.3.0/include -I/rds/bear-apps/2024a/EL8-ice/software/libreadline/8.2-GCCcore-13.3.0/include -I/rds/bear-apps/2024a/EL8-ice/software/cairo/1.18.0-GCCcore-13.3.0/include -I/rds/bear-apps/2024a/EL8-ice/software/libGLU/9.0.3-GCCcore-13.3.0/include -I/rds/bear-apps/2024a/EL8-ice/software/Mesa/24.1.3-GCCcore-13.3.0/include -I/rds/bear-apps/2024a/EL8-ice/software/X11/20240607-GCCcore-13.3.0/include -I/rds/bear-apps/2024a/EL8-ice/software/pkgconf/2.2.0-GCCcore-13.3.0/include -I/rds/bear-apps/2024a/EL8-ice/software/FFTW/3.3.10-GCC-13.3.0/include -I/rds/bear-apps/2024a/EL8-ice/software/FlexiBLAS/3.4.4-GCC-13.3.0/include -I/rds/bear-apps/2024a/EL8-ice/software/FlexiBLAS/3.4.4-GCC-13.3.0/include/flexiblas    -fpic  -O2 -ftree-vectorize -march=native -fno-math-errno   -c error.cc -o error.o
g++ -std=gnu++17 -I"/rds/bear-apps/2024a/EL8-ice/software/R/4.5.0-gfbf-2024a/lib64/R/include" -DNDEBUG -I.//include -I. -pthread  -I/rds/bear-apps/2024a/EL8-ice/software/FriBidi/1.0.15-GCCcore-13.3.0/include -I/rds/bear-apps/2024a/EL8-ice/software/HarfBuzz/9.0.0-GCCcore-13.3.0/include -I/rds/bear-apps/2024a/EL8-ice/software/Tk/8.6.14-GCCcore-13.3.0/include -I/rds/bear-apps/2024a/EL8-ice/software/cURL/8.7.1-GCCcore-13.3.0/include -I/rds/bear-apps/2024a/EL8-ice/software/OpenSSL/3/include -I/rds/bear-apps/2024a/EL8-ice/software/libgit2/1.8.1-GCCcore-13.3.0/include -I/rds/bear-apps/2024a/EL8-ice/software/Java/17.0.15/include -I/rds/bear-apps/2024a/EL8-ice/software/LibTIFF/4.6.0-GCCcore-13.3.0/include -I/rds/bear-apps/2024a/EL8-ice/software/libjpeg-turbo/3.0.1-GCCcore-13.3.0/include -I/rds/bear-apps/2024a/EL8-ice/software/libpng/1.6.43-GCCcore-13.3.0/include -I/rds/bear-apps/2024a/EL8-ice/software/PCRE2/10.43-GCCcore-13.3.0/include -I/rds/bear-apps/2024a/EL8-ice/software/SQLite/3.45.3-GCCcore-13.3.0/include -I/rds/bear-apps/2024a/EL8-ice/software/zlib/1.3.1-GCCcore-13.3.0/include -I/rds/bear-apps/2024a/EL8-ice/software/XZ/5.4.5-GCCcore-13.3.0/include -I/rds/bear-apps/2024a/EL8-ice/software/bzip2/1.0.8-GCCcore-13.3.0/include -I/rds/bear-apps/2024a/EL8-ice/software/ncurses/6.5-GCCcore-13.3.0/include -I/rds/bear-apps/2024a/EL8-ice/software/libreadline/8.2-GCCcore-13.3.0/include -I/rds/bear-apps/2024a/EL8-ice/software/cairo/1.18.0-GCCcore-13.3.0/include -I/rds/bear-apps/2024a/EL8-ice/software/libGLU/9.0.3-GCCcore-13.3.0/include -I/rds/bear-apps/2024a/EL8-ice/software/Mesa/24.1.3-GCCcore-13.3.0/include -I/rds/bear-apps/2024a/EL8-ice/software/X11/20240607-GCCcore-13.3.0/include -I/rds/bear-apps/2024a/EL8-ice/software/pkgconf/2.2.0-GCCcore-13.3.0/include -I/rds/bear-apps/2024a/EL8-ice/software/FFTW/3.3.10-GCC-13.3.0/include -I/rds/bear-apps/2024a/EL8-ice/software/FlexiBLAS/3.4.4-GCC-13.3.0/include -I/rds/bear-apps/2024a/EL8-ice/software/FlexiBLAS/3.4.4-GCC-13.3.0/include/flexiblas    -fpic  -O2 -ftree-vectorize -march=native -fno-math-errno   -c unix/getmode.cc -o unix/getmode.o
gcc -std=gnu2x -I"/rds/bear-apps/2024a/EL8-ice/software/R/4.5.0-gfbf-2024a/lib64/R/include" -DNDEBUG -I.//include -I. -pthread  -I/rds/bear-apps/2024a/EL8-ice/software/FriBidi/1.0.15-GCCcore-13.3.0/include -I/rds/bear-apps/2024a/EL8-ice/software/HarfBuzz/9.0.0-GCCcore-13.3.0/include -I/rds/bear-apps/2024a/EL8-ice/software/Tk/8.6.14-GCCcore-13.3.0/include -I/rds/bear-apps/2024a/EL8-ice/software/cURL/8.7.1-GCCcore-13.3.0/include -I/rds/bear-apps/2024a/EL8-ice/software/OpenSSL/3/include -I/rds/bear-apps/2024a/EL8-ice/software/libgit2/1.8.1-GCCcore-13.3.0/include -I/rds/bear-apps/2024a/EL8-ice/software/Java/17.0.15/include -I/rds/bear-apps/2024a/EL8-ice/software/LibTIFF/4.6.0-GCCcore-13.3.0/include -I/rds/bear-apps/2024a/EL8-ice/software/libjpeg-turbo/3.0.1-GCCcore-13.3.0/include -I/rds/bear-apps/2024a/EL8-ice/software/libpng/1.6.43-GCCcore-13.3.0/include -I/rds/bear-apps/2024a/EL8-ice/software/PCRE2/10.43-GCCcore-13.3.0/include -I/rds/bear-apps/2024a/EL8-ice/software/SQLite/3.45.3-GCCcore-13.3.0/include -I/rds/bear-apps/2024a/EL8-ice/software/zlib/1.3.1-GCCcore-13.3.0/include -I/rds/bear-apps/2024a/EL8-ice/software/XZ/5.4.5-GCCcore-13.3.0/include -I/rds/bear-apps/2024a/EL8-ice/software/bzip2/1.0.8-GCCcore-13.3.0/include -I/rds/bear-apps/2024a/EL8-ice/software/ncurses/6.5-GCCcore-13.3.0/include -I/rds/bear-apps/2024a/EL8-ice/software/libreadline/8.2-GCCcore-13.3.0/include -I/rds/bear-apps/2024a/EL8-ice/software/cairo/1.18.0-GCCcore-13.3.0/include -I/rds/bear-apps/2024a/EL8-ice/software/libGLU/9.0.3-GCCcore-13.3.0/include -I/rds/bear-apps/2024a/EL8-ice/software/Mesa/24.1.3-GCCcore-13.3.0/include -I/rds/bear-apps/2024a/EL8-ice/software/X11/20240607-GCCcore-13.3.0/include -I/rds/bear-apps/2024a/EL8-ice/software/pkgconf/2.2.0-GCCcore-13.3.0/include -I/rds/bear-apps/2024a/EL8-ice/software/FFTW/3.3.10-GCC-13.3.0/include -I/rds/bear-apps/2024a/EL8-ice/software/FlexiBLAS/3.4.4-GCC-13.3.0/include -I/rds/bear-apps/2024a/EL8-ice/software/FlexiBLAS/3.4.4-GCC-13.3.0/include/flexiblas   -fvisibility=hidden -fpic  -O2 -ftree-vectorize -march=native -fno-math-errno  -c bsd/setmode.c -o bsd/setmode.o
gcc -std=gnu2x -I"/rds/bear-apps/2024a/EL8-ice/software/R/4.5.0-gfbf-2024a/lib64/R/include" -DNDEBUG -I.//include -I. -pthread  -I/rds/bear-apps/2024a/EL8-ice/software/FriBidi/1.0.15-GCCcore-13.3.0/include -I/rds/bear-apps/2024a/EL8-ice/software/HarfBuzz/9.0.0-GCCcore-13.3.0/include -I/rds/bear-apps/2024a/EL8-ice/software/Tk/8.6.14-GCCcore-13.3.0/include -I/rds/bear-apps/2024a/EL8-ice/software/cURL/8.7.1-GCCcore-13.3.0/include -I/rds/bear-apps/2024a/EL8-ice/software/OpenSSL/3/include -I/rds/bear-apps/2024a/EL8-ice/software/libgit2/1.8.1-GCCcore-13.3.0/include -I/rds/bear-apps/2024a/EL8-ice/software/Java/17.0.15/include -I/rds/bear-apps/2024a/EL8-ice/software/LibTIFF/4.6.0-GCCcore-13.3.0/include -I/rds/bear-apps/2024a/EL8-ice/software/libjpeg-turbo/3.0.1-GCCcore-13.3.0/include -I/rds/bear-apps/2024a/EL8-ice/software/libpng/1.6.43-GCCcore-13.3.0/include -I/rds/bear-apps/2024a/EL8-ice/software/PCRE2/10.43-GCCcore-13.3.0/include -I/rds/bear-apps/2024a/EL8-ice/software/SQLite/3.45.3-GCCcore-13.3.0/include -I/rds/bear-apps/2024a/EL8-ice/software/zlib/1.3.1-GCCcore-13.3.0/include -I/rds/bear-apps/2024a/EL8-ice/software/XZ/5.4.5-GCCcore-13.3.0/include -I/rds/bear-apps/2024a/EL8-ice/software/bzip2/1.0.8-GCCcore-13.3.0/include -I/rds/bear-apps/2024a/EL8-ice/software/ncurses/6.5-GCCcore-13.3.0/include -I/rds/bear-apps/2024a/EL8-ice/software/libreadline/8.2-GCCcore-13.3.0/include -I/rds/bear-apps/2024a/EL8-ice/software/cairo/1.18.0-GCCcore-13.3.0/include -I/rds/bear-apps/2024a/EL8-ice/software/libGLU/9.0.3-GCCcore-13.3.0/include -I/rds/bear-apps/2024a/EL8-ice/software/Mesa/24.1.3-GCCcore-13.3.0/include -I/rds/bear-apps/2024a/EL8-ice/software/X11/20240607-GCCcore-13.3.0/include -I/rds/bear-apps/2024a/EL8-ice/software/pkgconf/2.2.0-GCCcore-13.3.0/include -I/rds/bear-apps/2024a/EL8-ice/software/FFTW/3.3.10-GCC-13.3.0/include -I/rds/bear-apps/2024a/EL8-ice/software/FlexiBLAS/3.4.4-GCC-13.3.0/include -I/rds/bear-apps/2024a/EL8-ice/software/FlexiBLAS/3.4.4-GCC-13.3.0/include/flexiblas   -fvisibility=hidden -fpic  -O2 -ftree-vectorize -march=native -fno-math-errno  -c bsd/strmode.c -o bsd/strmode.o
gcc -std=gnu2x -I"/rds/bear-apps/2024a/EL8-ice/software/R/4.5.0-gfbf-2024a/lib64/R/include" -DNDEBUG -I.//include -I. -pthread  -I/rds/bear-apps/2024a/EL8-ice/software/FriBidi/1.0.15-GCCcore-13.3.0/include -I/rds/bear-apps/2024a/EL8-ice/software/HarfBuzz/9.0.0-GCCcore-13.3.0/include -I/rds/bear-apps/2024a/EL8-ice/software/Tk/8.6.14-GCCcore-13.3.0/include -I/rds/bear-apps/2024a/EL8-ice/software/cURL/8.7.1-GCCcore-13.3.0/include -I/rds/bear-apps/2024a/EL8-ice/software/OpenSSL/3/include -I/rds/bear-apps/2024a/EL8-ice/software/libgit2/1.8.1-GCCcore-13.3.0/include -I/rds/bear-apps/2024a/EL8-ice/software/Java/17.0.15/include -I/rds/bear-apps/2024a/EL8-ice/software/LibTIFF/4.6.0-GCCcore-13.3.0/include -I/rds/bear-apps/2024a/EL8-ice/software/libjpeg-turbo/3.0.1-GCCcore-13.3.0/include -I/rds/bear-apps/2024a/EL8-ice/software/libpng/1.6.43-GCCcore-13.3.0/include -I/rds/bear-apps/2024a/EL8-ice/software/PCRE2/10.43-GCCcore-13.3.0/include -I/rds/bear-apps/2024a/EL8-ice/software/SQLite/3.45.3-GCCcore-13.3.0/include -I/rds/bear-apps/2024a/EL8-ice/software/zlib/1.3.1-GCCcore-13.3.0/include -I/rds/bear-apps/2024a/EL8-ice/software/XZ/5.4.5-GCCcore-13.3.0/include -I/rds/bear-apps/2024a/EL8-ice/software/bzip2/1.0.8-GCCcore-13.3.0/include -I/rds/bear-apps/2024a/EL8-ice/software/ncurses/6.5-GCCcore-13.3.0/include -I/rds/bear-apps/2024a/EL8-ice/software/libreadline/8.2-GCCcore-13.3.0/include -I/rds/bear-apps/2024a/EL8-ice/software/cairo/1.18.0-GCCcore-13.3.0/include -I/rds/bear-apps/2024a/EL8-ice/software/libGLU/9.0.3-GCCcore-13.3.0/include -I/rds/bear-apps/2024a/EL8-ice/software/Mesa/24.1.3-GCCcore-13.3.0/include -I/rds/bear-apps/2024a/EL8-ice/software/X11/20240607-GCCcore-13.3.0/include -I/rds/bear-apps/2024a/EL8-ice/software/pkgconf/2.2.0-GCCcore-13.3.0/include -I/rds/bear-apps/2024a/EL8-ice/software/FFTW/3.3.10-GCC-13.3.0/include -I/rds/bear-apps/2024a/EL8-ice/software/FlexiBLAS/3.4.4-GCC-13.3.0/include -I/rds/bear-apps/2024a/EL8-ice/software/FlexiBLAS/3.4.4-GCC-13.3.0/include/flexiblas   -fvisibility=hidden -fpic  -O2 -ftree-vectorize -march=native -fno-math-errno  -c bsd/reallocarray.c -o bsd/reallocarray.o
g++ -std=gnu++17 -shared -L/rds/bear-apps/2024a/EL8-ice/software/R/4.5.0-gfbf-2024a/lib64/R/lib -L/rds/bear-apps/2024a/EL8-ice/software/FriBidi/1.0.15-GCCcore-13.3.0/lib64 -L/rds/bear-apps/2024a/EL8-ice/software/FriBidi/1.0.15-GCCcore-13.3.0/lib -L/rds/bear-apps/2024a/EL8-ice/software/HarfBuzz/9.0.0-GCCcore-13.3.0/lib64 -L/rds/bear-apps/2024a/EL8-ice/software/HarfBuzz/9.0.0-GCCcore-13.3.0/lib -L/rds/bear-apps/2024a/EL8-ice/software/Tk/8.6.14-GCCcore-13.3.0/lib64 -L/rds/bear-apps/2024a/EL8-ice/software/Tk/8.6.14-GCCcore-13.3.0/lib -L/rds/bear-apps/2024a/EL8-ice/software/cURL/8.7.1-GCCcore-13.3.0/lib64 -L/rds/bear-apps/2024a/EL8-ice/software/cURL/8.7.1-GCCcore-13.3.0/lib -L/rds/bear-apps/2024a/EL8-ice/software/OpenSSL/3/lib64 -L/rds/bear-apps/2024a/EL8-ice/software/OpenSSL/3/lib -L/rds/bear-apps/2024a/EL8-ice/software/libgit2/1.8.1-GCCcore-13.3.0/lib64 -L/rds/bear-apps/2024a/EL8-ice/software/libgit2/1.8.1-GCCcore-13.3.0/lib -L/rds/bear-apps/2024a/EL8-ice/software/Java/17.0.15/lib64 -L/rds/bear-apps/2024a/EL8-ice/software/Java/17.0.15/lib -L/rds/bear-apps/2024a/EL8-ice/software/LibTIFF/4.6.0-GCCcore-13.3.0/lib64 -L/rds/bear-apps/2024a/EL8-ice/software/LibTIFF/4.6.0-GCCcore-13.3.0/lib -L/rds/bear-apps/2024a/EL8-ice/software/libjpeg-turbo/3.0.1-GCCcore-13.3.0/lib64 -L/rds/bear-apps/2024a/EL8-ice/software/libjpeg-turbo/3.0.1-GCCcore-13.3.0/lib -L/rds/bear-apps/2024a/EL8-ice/software/libpng/1.6.43-GCCcore-13.3.0/lib64 -L/rds/bear-apps/2024a/EL8-ice/software/libpng/1.6.43-GCCcore-13.3.0/lib -L/rds/bear-apps/2024a/EL8-ice/software/PCRE2/10.43-GCCcore-13.3.0/lib64 -L/rds/bear-apps/2024a/EL8-ice/software/PCRE2/10.43-GCCcore-13.3.0/lib -L/rds/bear-apps/2024a/EL8-ice/software/SQLite/3.45.3-GCCcore-13.3.0/lib64 -L/rds/bear-apps/2024a/EL8-ice/software/SQLite/3.45.3-GCCcore-13.3.0/lib -L/rds/bear-apps/2024a/EL8-ice/software/zlib/1.3.1-GCCcore-13.3.0/lib64 -L/rds/bear-apps/2024a/EL8-ice/software/zlib/1.3.1-GCCcore-13.3.0/lib -L/rds/bear-apps/2024a/EL8-ice/software/XZ/5.4.5-GCCcore-13.3.0/lib64 -L/rds/bear-apps/2024a/EL8-ice/software/XZ/5.4.5-GCCcore-13.3.0/lib -L/rds/bear-apps/2024a/EL8-ice/software/bzip2/1.0.8-GCCcore-13.3.0/lib64 -L/rds/bear-apps/2024a/EL8-ice/software/bzip2/1.0.8-GCCcore-13.3.0/lib -L/rds/bear-apps/2024a/EL8-ice/software/ncurses/6.5-GCCcore-13.3.0/lib64 -L/rds/bear-apps/2024a/EL8-ice/software/ncurses/6.5-GCCcore-13.3.0/lib -L/rds/bear-apps/2024a/EL8-ice/software/libreadline/8.2-GCCcore-13.3.0/lib64 -L/rds/bear-apps/2024a/EL8-ice/software/libreadline/8.2-GCCcore-13.3.0/lib -L/rds/bear-apps/2024a/EL8-ice/software/cairo/1.18.0-GCCcore-13.3.0/lib64 -L/rds/bear-apps/2024a/EL8-ice/software/cairo/1.18.0-GCCcore-13.3.0/lib -L/rds/bear-apps/2024a/EL8-ice/software/libGLU/9.0.3-GCCcore-13.3.0/lib64 -L/rds/bear-apps/2024a/EL8-ice/software/libGLU/9.0.3-GCCcore-13.3.0/lib -L/rds/bear-apps/2024a/EL8-ice/software/Mesa/24.1.3-GCCcore-13.3.0/lib64 -L/rds/bear-apps/2024a/EL8-ice/software/Mesa/24.1.3-GCCcore-13.3.0/lib -L/rds/bear-apps/2024a/EL8-ice/software/X11/20240607-GCCcore-13.3.0/lib64 -L/rds/bear-apps/2024a/EL8-ice/software/X11/20240607-GCCcore-13.3.0/lib -L/rds/bear-apps/2024a/EL8-ice/software/pkgconf/2.2.0-GCCcore-13.3.0/lib64 -L/rds/bear-apps/2024a/EL8-ice/software/pkgconf/2.2.0-GCCcore-13.3.0/lib -L/rds/bear-apps/2024a/EL8-ice/software/FFTW/3.3.10-GCC-13.3.0/lib64 -L/rds/bear-apps/2024a/EL8-ice/software/FFTW/3.3.10-GCC-13.3.0/lib -L/rds/bear-apps/2024a/EL8-ice/software/FlexiBLAS/3.4.4-GCC-13.3.0/lib64 -L/rds/bear-apps/2024a/EL8-ice/software/FlexiBLAS/3.4.4-GCC-13.3.0/lib -L/rds/bear-apps/2024a/EL8-ice/software/GCCcore/13.3.0/lib64 -L/rds/bear-apps/2024a/EL8-ice/software/GCCcore/13.3.0/lib -o fs.so init.o id.o utils.o file.o path.o link.o fs.o dir.o getmode.o error.o unix/getmode.o bsd/setmode.o bsd/strmode.o bsd/reallocarray.o libuv -pthread -L/rds/bear-apps/2024a/EL8-ice/software/R/4.5.0-gfbf-2024a/lib64/R/lib -lR
installing to /rds/homes/a/axv209/R/library/4.5.0/EL8-ice/00LOCK-fs/00new/fs/libs
** R
** inst
** byte-compile and prepare package for lazy loading
** help
*** installing help indices
*** copying figures
** building package indices
** installing vignettes
** testing if installed package can be loaded from temporary location
** checking absolute paths in shared objects and dynamic libraries
** testing if installed package can be loaded from final location
** testing if installed package keeps a record of temporary installation path
* DONE (fs)
* installing *source* package ‘pak’ ...
** this is package ‘pak’ version ‘0.11.1’
** package ‘pak’ successfully unpacked and MD5 sums checked
** using staged installation
** Running ./configure
** libs
Current platform: x86_64-pc-linux-gnu 
Build platform:   
Target platform:   

Compiling R6 

Compiling cli 
using C compiler: ‘gcc (GCC) 13.3.0’
make[1]: Entering directory '/tmp/RtmpPnYWwF/R.INSTALLc12a8e00dd85/pak/src/library/cli/src'
gcc -std=gnu2x -I"/rds/bear-apps/2024a/EL8-ice/software/R/4.5.0-gfbf-2024a/lib64/R/include" -DNDEBUG -I../inst/include  -I/rds/bear-apps/2024a/EL8-ice/software/FriBidi/1.0.15-GCCcore-13.3.0/include -I/rds/bear-apps/2024a/EL8-ice/software/HarfBuzz/9.0.0-GCCcore-13.3.0/include -I/rds/bear-apps/2024a/EL8-ice/software/Tk/8.6.14-GCCcore-13.3.0/include -I/rds/bear-apps/2024a/EL8-ice/software/cURL/8.7.1-GCCcore-13.3.0/include -I/rds/bear-apps/2024a/EL8-ice/software/OpenSSL/3/include -I/rds/bear-apps/2024a/EL8-ice/software/libgit2/1.8.1-GCCcore-13.3.0/include -I/rds/bear-apps/2024a/EL8-ice/software/Java/17.0.15/include -I/rds/bear-apps/2024a/EL8-ice/software/LibTIFF/4.6.0-GCCcore-13.3.0/include -I/rds/bear-apps/2024a/EL8-ice/software/libjpeg-turbo/3.0.1-GCCcore-13.3.0/include -I/rds/bear-apps/2024a/EL8-ice/software/libpng/1.6.43-GCCcore-13.3.0/include -I/rds/bear-apps/2024a/EL8-ice/software/PCRE2/10.43-GCCcore-13.3.0/include -I/rds/bear-apps/2024a/EL8-ice/software/SQLite/3.45.3-GCCcore-13.3.0/include -I/rds/bear-apps/2024a/EL8-ice/software/zlib/1.3.1-GCCcore-13.3.0/include -I/rds/bear-apps/2024a/EL8-ice/software/XZ/5.4.5-GCCcore-13.3.0/include -I/rds/bear-apps/2024a/EL8-ice/software/bzip2/1.0.8-GCCcore-13.3.0/include -I/rds/bear-apps/2024a/EL8-ice/software/ncurses/6.5-GCCcore-13.3.0/include -I/rds/bear-apps/2024a/EL8-ice/software/libreadline/8.2-GCCcore-13.3.0/include -I/rds/bear-apps/2024a/EL8-ice/software/cairo/1.18.0-GCCcore-13.3.0/include -I/rds/bear-apps/2024a/EL8-ice/software/libGLU/9.0.3-GCCcore-13.3.0/include -I/rds/bear-apps/2024a/EL8-ice/software/Mesa/24.1.3-GCCcore-13.3.0/include -I/rds/bear-apps/2024a/EL8-ice/software/X11/20240607-GCCcore-13.3.0/include -I/rds/bear-apps/2024a/EL8-ice/software/pkgconf/2.2.0-GCCcore-13.3.0/include -I/rds/bear-apps/2024a/EL8-ice/software/FFTW/3.3.10-GCC-13.3.0/include -I/rds/bear-apps/2024a/EL8-ice/software/FlexiBLAS/3.4.4-GCC-13.3.0/include -I/rds/bear-apps/2024a/EL8-ice/software/FlexiBLAS/3.4.4-GCC-13.3.0/include/flexiblas   -fvisibility=hidden -fpic  -O2 -ftree-vectorize -march=native -fno-math-errno  -c ansi.c -o ansi.o
gcc -std=gnu2x -I"/rds/bear-apps/2024a/EL8-ice/software/R/4.5.0-gfbf-2024a/lib64/R/include" -DNDEBUG -I../inst/include  -I/rds/bear-apps/2024a/EL8-ice/software/FriBidi/1.0.15-GCCcore-13.3.0/include -I/rds/bear-apps/2024a/EL8-ice/software/HarfBuzz/9.0.0-GCCcore-13.3.0/include -I/rds/bear-apps/2024a/EL8-ice/software/Tk/8.6.14-GCCcore-13.3.0/include -I/rds/bear-apps/2024a/EL8-ice/software/cURL/8.7.1-GCCcore-13.3.0/include -I/rds/bear-apps/2024a/EL8-ice/software/OpenSSL/3/include -I/rds/bear-apps/2024a/EL8-ice/software/libgit2/1.8.1-GCCcore-13.3.0/include -I/rds/bear-apps/2024a/EL8-ice/software/Java/17.0.15/include -I/rds/bear-apps/2024a/EL8-ice/software/LibTIFF/4.6.0-GCCcore-13.3.0/include -I/rds/bear-apps/2024a/EL8-ice/software/libjpeg-turbo/3.0.1-GCCcore-13.3.0/include -I/rds/bear-apps/2024a/EL8-ice/software/libpng/1.6.43-GCCcore-13.3.0/include -I/rds/bear-apps/2024a/EL8-ice/software/PCRE2/10.43-GCCcore-13.3.0/include -I/rds/bear-apps/2024a/EL8-ice/software/SQLite/3.45.3-GCCcore-13.3.0/include -I/rds/bear-apps/2024a/EL8-ice/software/zlib/1.3.1-GCCcore-13.3.0/include -I/rds/bear-apps/2024a/EL8-ice/software/XZ/5.4.5-GCCcore-13.3.0/include -I/rds/bear-apps/2024a/EL8-ice/software/bzip2/1.0.8-GCCcore-13.3.0/include -I/rds/bear-apps/2024a/EL8-ice/software/ncurses/6.5-GCCcore-13.3.0/include -I/rds/bear-apps/2024a/EL8-ice/software/libreadline/8.2-GCCcore-13.3.0/include -I/rds/bear-apps/2024a/EL8-ice/software/cairo/1.18.0-GCCcore-13.3.0/include -I/rds/bear-apps/2024a/EL8-ice/software/libGLU/9.0.3-GCCcore-13.3.0/include -I/rds/bear-apps/2024a/EL8-ice/software/Mesa/24.1.3-GCCcore-13.3.0/include -I/rds/bear-apps/2024a/EL8-ice/software/X11/20240607-GCCcore-13.3.0/include -I/rds/bear-apps/2024a/EL8-ice/software/pkgconf/2.2.0-GCCcore-13.3.0/include -I/rds/bear-apps/2024a/EL8-ice/software/FFTW/3.3.10-GCC-13.3.0/include -I/rds/bear-apps/2024a/EL8-ice/software/FlexiBLAS/3.4.4-GCC-13.3.0/include -I/rds/bear-apps/2024a/EL8-ice/software/FlexiBLAS/3.4.4-GCC-13.3.0/include/flexiblas   -fvisibility=hidden -fpic  -O2 -ftree-vectorize -march=native -fno-math-errno  -c cleancall.c -o cleancall.o
gcc -std=gnu2x -I"/rds/bear-apps/2024a/EL8-ice/software/R/4.5.0-gfbf-2024a/lib64/R/include" -DNDEBUG -I../inst/include  -I/rds/bear-apps/2024a/EL8-ice/software/FriBidi/1.0.15-GCCcore-13.3.0/include -I/rds/bear-apps/2024a/EL8-ice/software/HarfBuzz/9.0.0-GCCcore-13.3.0/include -I/rds/bear-apps/2024a/EL8-ice/software/Tk/8.6.14-GCCcore-13.3.0/include -I/rds/bear-apps/2024a/EL8-ice/software/cURL/8.7.1-GCCcore-13.3.0/include -I/rds/bear-apps/2024a/EL8-ice/software/OpenSSL/3/include -I/rds/bear-apps/2024a/EL8-ice/software/libgit2/1.8.1-GCCcore-13.3.0/include -I/rds/bear-apps/2024a/EL8-ice/software/Java/17.0.15/include -I/rds/bear-apps/2024a/EL8-ice/software/LibTIFF/4.6.0-GCCcore-13.3.0/include -I/rds/bear-apps/2024a/EL8-ice/software/libjpeg-turbo/3.0.1-GCCcore-13.3.0/include -I/rds/bear-apps/2024a/EL8-ice/software/libpng/1.6.43-GCCcore-13.3.0/include -I/rds/bear-apps/2024a/EL8-ice/software/PCRE2/10.43-GCCcore-13.3.0/include -I/rds/bear-apps/2024a/EL8-ice/software/SQLite/3.45.3-GCCcore-13.3.0/include -I/rds/bear-apps/2024a/EL8-ice/software/zlib/1.3.1-GCCcore-13.3.0/include -I/rds/bear-apps/2024a/EL8-ice/software/XZ/5.4.5-GCCcore-13.3.0/include -I/rds/bear-apps/2024a/EL8-ice/software/bzip2/1.0.8-GCCcore-13.3.0/include -I/rds/bear-apps/2024a/EL8-ice/software/ncurses/6.5-GCCcore-13.3.0/include -I/rds/bear-apps/2024a/EL8-ice/software/libreadline/8.2-GCCcore-13.3.0/include -I/rds/bear-apps/2024a/EL8-ice/software/cairo/1.18.0-GCCcore-13.3.0/include -I/rds/bear-apps/2024a/EL8-ice/software/libGLU/9.0.3-GCCcore-13.3.0/include -I/rds/bear-apps/2024a/EL8-ice/software/Mesa/24.1.3-GCCcore-13.3.0/include -I/rds/bear-apps/2024a/EL8-ice/software/X11/20240607-GCCcore-13.3.0/include -I/rds/bear-apps/2024a/EL8-ice/software/pkgconf/2.2.0-GCCcore-13.3.0/include -I/rds/bear-apps/2024a/EL8-ice/software/FFTW/3.3.10-GCC-13.3.0/include -I/rds/bear-apps/2024a/EL8-ice/software/FlexiBLAS/3.4.4-GCC-13.3.0/include -I/rds/bear-apps/2024a/EL8-ice/software/FlexiBLAS/3.4.4-GCC-13.3.0/include/flexiblas   -fvisibility=hidden -fpic  -O2 -ftree-vectorize -march=native -fno-math-errno  -c diff.c -o diff.o
gcc -std=gnu2x -I"/rds/bear-apps/2024a/EL8-ice/software/R/4.5.0-gfbf-2024a/lib64/R/include" -DNDEBUG -I../inst/include  -I/rds/bear-apps/2024a/EL8-ice/software/FriBidi/1.0.15-GCCcore-13.3.0/include -I/rds/bear-apps/2024a/EL8-ice/software/HarfBuzz/9.0.0-GCCcore-13.3.0/include -I/rds/bear-apps/2024a/EL8-ice/software/Tk/8.6.14-GCCcore-13.3.0/include -I/rds/bear-apps/2024a/EL8-ice/software/cURL/8.7.1-GCCcore-13.3.0/include -I/rds/bear-apps/2024a/EL8-ice/software/OpenSSL/3/include -I/rds/bear-apps/2024a/EL8-ice/software/libgit2/1.8.1-GCCcore-13.3.0/include -I/rds/bear-apps/2024a/EL8-ice/software/Java/17.0.15/include -I/rds/bear-apps/2024a/EL8-ice/software/LibTIFF/4.6.0-GCCcore-13.3.0/include -I/rds/bear-apps/2024a/EL8-ice/software/libjpeg-turbo/3.0.1-GCCcore-13.3.0/include -I/rds/bear-apps/2024a/EL8-ice/software/libpng/1.6.43-GCCcore-13.3.0/include -I/rds/bear-apps/2024a/EL8-ice/software/PCRE2/10.43-GCCcore-13.3.0/include -I/rds/bear-apps/2024a/EL8-ice/software/SQLite/3.45.3-GCCcore-13.3.0/include -I/rds/bear-apps/2024a/EL8-ice/software/zlib/1.3.1-GCCcore-13.3.0/include -I/rds/bear-apps/2024a/EL8-ice/software/XZ/5.4.5-GCCcore-13.3.0/include -I/rds/bear-apps/2024a/EL8-ice/software/bzip2/1.0.8-GCCcore-13.3.0/include -I/rds/bear-apps/2024a/EL8-ice/software/ncurses/6.5-GCCcore-13.3.0/include -I/rds/bear-apps/2024a/EL8-ice/software/libreadline/8.2-GCCcore-13.3.0/include -I/rds/bear-apps/2024a/EL8-ice/software/cairo/1.18.0-GCCcore-13.3.0/include -I/rds/bear-apps/2024a/EL8-ice/software/libGLU/9.0.3-GCCcore-13.3.0/include -I/rds/bear-apps/2024a/EL8-ice/software/Mesa/24.1.3-GCCcore-13.3.0/include -I/rds/bear-apps/2024a/EL8-ice/software/X11/20240607-GCCcore-13.3.0/include -I/rds/bear-apps/2024a/EL8-ice/software/pkgconf/2.2.0-GCCcore-13.3.0/include -I/rds/bear-apps/2024a/EL8-ice/software/FFTW/3.3.10-GCC-13.3.0/include -I/rds/bear-apps/2024a/EL8-ice/software/FlexiBLAS/3.4.4-GCC-13.3.0/include -I/rds/bear-apps/2024a/EL8-ice/software/FlexiBLAS/3.4.4-GCC-13.3.0/include/flexiblas   -fvisibility=hidden -fpic  -O2 -ftree-vectorize -march=native -fno-math-errno  -c errors.c -o errors.o
gcc -std=gnu2x -I"/rds/bear-apps/2024a/EL8-ice/software/R/4.5.0-gfbf-2024a/lib64/R/include" -DNDEBUG -I../inst/include  -I/rds/bear-apps/2024a/EL8-ice/software/FriBidi/1.0.15-GCCcore-13.3.0/include -I/rds/bear-apps/2024a/EL8-ice/software/HarfBuzz/9.0.0-GCCcore-13.3.0/include -I/rds/bear-apps/2024a/EL8-ice/software/Tk/8.6.14-GCCcore-13.3.0/include -I/rds/bear-apps/2024a/EL8-ice/software/cURL/8.7.1-GCCcore-13.3.0/include -I/rds/bear-apps/2024a/EL8-ice/software/OpenSSL/3/include -I/rds/bear-apps/2024a/EL8-ice/software/libgit2/1.8.1-GCCcore-13.3.0/include -I/rds/bear-apps/2024a/EL8-ice/software/Java/17.0.15/include -I/rds/bear-apps/2024a/EL8-ice/software/LibTIFF/4.6.0-GCCcore-13.3.0/include -I/rds/bear-apps/2024a/EL8-ice/software/libjpeg-turbo/3.0.1-GCCcore-13.3.0/include -I/rds/bear-apps/2024a/EL8-ice/software/libpng/1.6.43-GCCcore-13.3.0/include -I/rds/bear-apps/2024a/EL8-ice/software/PCRE2/10.43-GCCcore-13.3.0/include -I/rds/bear-apps/2024a/EL8-ice/software/SQLite/3.45.3-GCCcore-13.3.0/include -I/rds/bear-apps/2024a/EL8-ice/software/zlib/1.3.1-GCCcore-13.3.0/include -I/rds/bear-apps/2024a/EL8-ice/software/XZ/5.4.5-GCCcore-13.3.0/include -I/rds/bear-apps/2024a/EL8-ice/software/bzip2/1.0.8-GCCcore-13.3.0/include -I/rds/bear-apps/2024a/EL8-ice/software/ncurses/6.5-GCCcore-13.3.0/include -I/rds/bear-apps/2024a/EL8-ice/software/libreadline/8.2-GCCcore-13.3.0/include -I/rds/bear-apps/2024a/EL8-ice/software/cairo/1.18.0-GCCcore-13.3.0/include -I/rds/bear-apps/2024a/EL8-ice/software/libGLU/9.0.3-GCCcore-13.3.0/include -I/rds/bear-apps/2024a/EL8-ice/software/Mesa/24.1.3-GCCcore-13.3.0/include -I/rds/bear-apps/2024a/EL8-ice/software/X11/20240607-GCCcore-13.3.0/include -I/rds/bear-apps/2024a/EL8-ice/software/pkgconf/2.2.0-GCCcore-13.3.0/include -I/rds/bear-apps/2024a/EL8-ice/software/FFTW/3.3.10-GCC-13.3.0/include -I/rds/bear-apps/2024a/EL8-ice/software/FlexiBLAS/3.4.4-GCC-13.3.0/include -I/rds/bear-apps/2024a/EL8-ice/software/FlexiBLAS/3.4.4-GCC-13.3.0/include/flexiblas   -fvisibility=hidden -fpic  -O2 -ftree-vectorize -march=native -fno-math-errno  -c glue.c -o glue.o
gcc -std=gnu2x -I"/rds/bear-apps/2024a/EL8-ice/software/R/4.5.0-gfbf-2024a/lib64/R/include" -DNDEBUG -I../inst/include  -I/rds/bear-apps/2024a/EL8-ice/software/FriBidi/1.0.15-GCCcore-13.3.0/include -I/rds/bear-apps/2024a/EL8-ice/software/HarfBuzz/9.0.0-GCCcore-13.3.0/include -I/rds/bear-apps/2024a/EL8-ice/software/Tk/8.6.14-GCCcore-13.3.0/include -I/rds/bear-apps/2024a/EL8-ice/software/cURL/8.7.1-GCCcore-13.3.0/include -I/rds/bear-apps/2024a/EL8-ice/software/OpenSSL/3/include -I/rds/bear-apps/2024a/EL8-ice/software/libgit2/1.8.1-GCCcore-13.3.0/include -I/rds/bear-apps/2024a/EL8-ice/software/Java/17.0.15/include -I/rds/bear-apps/2024a/EL8-ice/software/LibTIFF/4.6.0-GCCcore-13.3.0/include -I/rds/bear-apps/2024a/EL8-ice/software/libjpeg-turbo/3.0.1-GCCcore-13.3.0/include -I/rds/bear-apps/2024a/EL8-ice/software/libpng/1.6.43-GCCcore-13.3.0/include -I/rds/bear-apps/2024a/EL8-ice/software/PCRE2/10.43-GCCcore-13.3.0/include -I/rds/bear-apps/2024a/EL8-ice/software/SQLite/3.45.3-GCCcore-13.3.0/include -I/rds/bear-apps/2024a/EL8-ice/software/zlib/1.3.1-GCCcore-13.3.0/include -I/rds/bear-apps/2024a/EL8-ice/software/XZ/5.4.5-GCCcore-13.3.0/include -I/rds/bear-apps/2024a/EL8-ice/software/bzip2/1.0.8-GCCcore-13.3.0/include -I/rds/bear-apps/2024a/EL8-ice/software/ncurses/6.5-GCCcore-13.3.0/include -I/rds/bear-apps/2024a/EL8-ice/software/libreadline/8.2-GCCcore-13.3.0/include -I/rds/bear-apps/2024a/EL8-ice/software/cairo/1.18.0-GCCcore-13.3.0/include -I/rds/bear-apps/2024a/EL8-ice/software/libGLU/9.0.3-GCCcore-13.3.0/include -I/rds/bear-apps/2024a/EL8-ice/software/Mesa/24.1.3-GCCcore-13.3.0/include -I/rds/bear-apps/2024a/EL8-ice/software/X11/20240607-GCCcore-13.3.0/include -I/rds/bear-apps/2024a/EL8-ice/software/pkgconf/2.2.0-GCCcore-13.3.0/include -I/rds/bear-apps/2024a/EL8-ice/software/FFTW/3.3.10-GCC-13.3.0/include -I/rds/bear-apps/2024a/EL8-ice/software/FlexiBLAS/3.4.4-GCC-13.3.0/include -I/rds/bear-apps/2024a/EL8-ice/software/FlexiBLAS/3.4.4-GCC-13.3.0/include/flexiblas   -fvisibility=hidden -fpic  -O2 -ftree-vectorize -march=native -fno-math-errno  -c init.c -o init.o
gcc -std=gnu2x -I"/rds/bear-apps/2024a/EL8-ice/software/R/4.5.0-gfbf-2024a/lib64/R/include" -DNDEBUG -I../inst/include  -I/rds/bear-apps/2024a/EL8-ice/software/FriBidi/1.0.15-GCCcore-13.3.0/include -I/rds/bear-apps/2024a/EL8-ice/software/HarfBuzz/9.0.0-GCCcore-13.3.0/include -I/rds/bear-apps/2024a/EL8-ice/software/Tk/8.6.14-GCCcore-13.3.0/include -I/rds/bear-apps/2024a/EL8-ice/software/cURL/8.7.1-GCCcore-13.3.0/include -I/rds/bear-apps/2024a/EL8-ice/software/OpenSSL/3/include -I/rds/bear-apps/2024a/EL8-ice/software/libgit2/1.8.1-GCCcore-13.3.0/include -I/rds/bear-apps/2024a/EL8-ice/software/Java/17.0.15/include -I/rds/bear-apps/2024a/EL8-ice/software/LibTIFF/4.6.0-GCCcore-13.3.0/include -I/rds/bear-apps/2024a/EL8-ice/software/libjpeg-turbo/3.0.1-GCCcore-13.3.0/include -I/rds/bear-apps/2024a/EL8-ice/software/libpng/1.6.43-GCCcore-13.3.0/include -I/rds/bear-apps/2024a/EL8-ice/software/PCRE2/10.43-GCCcore-13.3.0/include -I/rds/bear-apps/2024a/EL8-ice/software/SQLite/3.45.3-GCCcore-13.3.0/include -I/rds/bear-apps/2024a/EL8-ice/software/zlib/1.3.1-GCCcore-13.3.0/include -I/rds/bear-apps/2024a/EL8-ice/software/XZ/5.4.5-GCCcore-13.3.0/include -I/rds/bear-apps/2024a/EL8-ice/software/bzip2/1.0.8-GCCcore-13.3.0/include -I/rds/bear-apps/2024a/EL8-ice/software/ncurses/6.5-GCCcore-13.3.0/include -I/rds/bear-apps/2024a/EL8-ice/software/libreadline/8.2-GCCcore-13.3.0/include -I/rds/bear-apps/2024a/EL8-ice/software/cairo/1.18.0-GCCcore-13.3.0/include -I/rds/bear-apps/2024a/EL8-ice/software/libGLU/9.0.3-GCCcore-13.3.0/include -I/rds/bear-apps/2024a/EL8-ice/software/Mesa/24.1.3-GCCcore-13.3.0/include -I/rds/bear-apps/2024a/EL8-ice/software/X11/20240607-GCCcore-13.3.0/include -I/rds/bear-apps/2024a/EL8-ice/software/pkgconf/2.2.0-GCCcore-13.3.0/include -I/rds/bear-apps/2024a/EL8-ice/software/FFTW/3.3.10-GCC-13.3.0/include -I/rds/bear-apps/2024a/EL8-ice/software/FlexiBLAS/3.4.4-GCC-13.3.0/include -I/rds/bear-apps/2024a/EL8-ice/software/FlexiBLAS/3.4.4-GCC-13.3.0/include/flexiblas   -fvisibility=hidden -fpic  -O2 -ftree-vectorize -march=native -fno-math-errno  -c inst.c -o inst.o
gcc -std=gnu2x -I"/rds/bear-apps/2024a/EL8-ice/software/R/4.5.0-gfbf-2024a/lib64/R/include" -DNDEBUG -I../inst/include  -I/rds/bear-apps/2024a/EL8-ice/software/FriBidi/1.0.15-GCCcore-13.3.0/include -I/rds/bear-apps/2024a/EL8-ice/software/HarfBuzz/9.0.0-GCCcore-13.3.0/include -I/rds/bear-apps/2024a/EL8-ice/software/Tk/8.6.14-GCCcore-13.3.0/include -I/rds/bear-apps/2024a/EL8-ice/software/cURL/8.7.1-GCCcore-13.3.0/include -I/rds/bear-apps/2024a/EL8-ice/software/OpenSSL/3/include -I/rds/bear-apps/2024a/EL8-ice/software/libgit2/1.8.1-GCCcore-13.3.0/include -I/rds/bear-apps/2024a/EL8-ice/software/Java/17.0.15/include -I/rds/bear-apps/2024a/EL8-ice/software/LibTIFF/4.6.0-GCCcore-13.3.0/include -I/rds/bear-apps/2024a/EL8-ice/software/libjpeg-turbo/3.0.1-GCCcore-13.3.0/include -I/rds/bear-apps/2024a/EL8-ice/software/libpng/1.6.43-GCCcore-13.3.0/include -I/rds/bear-apps/2024a/EL8-ice/software/PCRE2/10.43-GCCcore-13.3.0/include -I/rds/bear-apps/2024a/EL8-ice/software/SQLite/3.45.3-GCCcore-13.3.0/include -I/rds/bear-apps/2024a/EL8-ice/software/zlib/1.3.1-GCCcore-13.3.0/include -I/rds/bear-apps/2024a/EL8-ice/software/XZ/5.4.5-GCCcore-13.3.0/include -I/rds/bear-apps/2024a/EL8-ice/software/bzip2/1.0.8-GCCcore-13.3.0/include -I/rds/bear-apps/2024a/EL8-ice/software/ncurses/6.5-GCCcore-13.3.0/include -I/rds/bear-apps/2024a/EL8-ice/software/libreadline/8.2-GCCcore-13.3.0/include -I/rds/bear-apps/2024a/EL8-ice/software/cairo/1.18.0-GCCcore-13.3.0/include -I/rds/bear-apps/2024a/EL8-ice/software/libGLU/9.0.3-GCCcore-13.3.0/include -I/rds/bear-apps/2024a/EL8-ice/software/Mesa/24.1.3-GCCcore-13.3.0/include -I/rds/bear-apps/2024a/EL8-ice/software/X11/20240607-GCCcore-13.3.0/include -I/rds/bear-apps/2024a/EL8-ice/software/pkgconf/2.2.0-GCCcore-13.3.0/include -I/rds/bear-apps/2024a/EL8-ice/software/FFTW/3.3.10-GCC-13.3.0/include -I/rds/bear-apps/2024a/EL8-ice/software/FlexiBLAS/3.4.4-GCC-13.3.0/include -I/rds/bear-apps/2024a/EL8-ice/software/FlexiBLAS/3.4.4-GCC-13.3.0/include/flexiblas   -fvisibility=hidden -fpic  -O2 -ftree-vectorize -march=native -fno-math-errno  -c keypress-unix.c -o keypress-unix.o
gcc -std=gnu2x -I"/rds/bear-apps/2024a/EL8-ice/software/R/4.5.0-gfbf-2024a/lib64/R/include" -DNDEBUG -I../inst/include  -I/rds/bear-apps/2024a/EL8-ice/software/FriBidi/1.0.15-GCCcore-13.3.0/include -I/rds/bear-apps/2024a/EL8-ice/software/HarfBuzz/9.0.0-GCCcore-13.3.0/include -I/rds/bear-apps/2024a/EL8-ice/software/Tk/8.6.14-GCCcore-13.3.0/include -I/rds/bear-apps/2024a/EL8-ice/software/cURL/8.7.1-GCCcore-13.3.0/include -I/rds/bear-apps/2024a/EL8-ice/software/OpenSSL/3/include -I/rds/bear-apps/2024a/EL8-ice/software/libgit2/1.8.1-GCCcore-13.3.0/include -I/rds/bear-apps/2024a/EL8-ice/software/Java/17.0.15/include -I/rds/bear-apps/2024a/EL8-ice/software/LibTIFF/4.6.0-GCCcore-13.3.0/include -I/rds/bear-apps/2024a/EL8-ice/software/libjpeg-turbo/3.0.1-GCCcore-13.3.0/include -I/rds/bear-apps/2024a/EL8-ice/software/libpng/1.6.43-GCCcore-13.3.0/include -I/rds/bear-apps/2024a/EL8-ice/software/PCRE2/10.43-GCCcore-13.3.0/include -I/rds/bear-apps/2024a/EL8-ice/software/SQLite/3.45.3-GCCcore-13.3.0/include -I/rds/bear-apps/2024a/EL8-ice/software/zlib/1.3.1-GCCcore-13.3.0/include -I/rds/bear-apps/2024a/EL8-ice/software/XZ/5.4.5-GCCcore-13.3.0/include -I/rds/bear-apps/2024a/EL8-ice/software/bzip2/1.0.8-GCCcore-13.3.0/include -I/rds/bear-apps/2024a/EL8-ice/software/ncurses/6.5-GCCcore-13.3.0/include -I/rds/bear-apps/2024a/EL8-ice/software/libreadline/8.2-GCCcore-13.3.0/include -I/rds/bear-apps/2024a/EL8-ice/software/cairo/1.18.0-GCCcore-13.3.0/include -I/rds/bear-apps/2024a/EL8-ice/software/libGLU/9.0.3-GCCcore-13.3.0/include -I/rds/bear-apps/2024a/EL8-ice/software/Mesa/24.1.3-GCCcore-13.3.0/include -I/rds/bear-apps/2024a/EL8-ice/software/X11/20240607-GCCcore-13.3.0/include -I/rds/bear-apps/2024a/EL8-ice/software/pkgconf/2.2.0-GCCcore-13.3.0/include -I/rds/bear-apps/2024a/EL8-ice/software/FFTW/3.3.10-GCC-13.3.0/include -I/rds/bear-apps/2024a/EL8-ice/software/FlexiBLAS/3.4.4-GCC-13.3.0/include -I/rds/bear-apps/2024a/EL8-ice/software/FlexiBLAS/3.4.4-GCC-13.3.0/include/flexiblas   -fvisibility=hidden -fpic  -O2 -ftree-vectorize -march=native -fno-math-errno  -c keypress-win.c -o keypress-win.o
gcc -std=gnu2x -I"/rds/bear-apps/2024a/EL8-ice/software/R/4.5.0-gfbf-2024a/lib64/R/include" -DNDEBUG -I../inst/include  -I/rds/bear-apps/2024a/EL8-ice/software/FriBidi/1.0.15-GCCcore-13.3.0/include -I/rds/bear-apps/2024a/EL8-ice/software/HarfBuzz/9.0.0-GCCcore-13.3.0/include -I/rds/bear-apps/2024a/EL8-ice/software/Tk/8.6.14-GCCcore-13.3.0/include -I/rds/bear-apps/2024a/EL8-ice/software/cURL/8.7.1-GCCcore-13.3.0/include -I/rds/bear-apps/2024a/EL8-ice/software/OpenSSL/3/include -I/rds/bear-apps/2024a/EL8-ice/software/libgit2/1.8.1-GCCcore-13.3.0/include -I/rds/bear-apps/2024a/EL8-ice/software/Java/17.0.15/include -I/rds/bear-apps/2024a/EL8-ice/software/LibTIFF/4.6.0-GCCcore-13.3.0/include -I/rds/bear-apps/2024a/EL8-ice/software/libjpeg-turbo/3.0.1-GCCcore-13.3.0/include -I/rds/bear-apps/2024a/EL8-ice/software/libpng/1.6.43-GCCcore-13.3.0/include -I/rds/bear-apps/2024a/EL8-ice/software/PCRE2/10.43-GCCcore-13.3.0/include -I/rds/bear-apps/2024a/EL8-ice/software/SQLite/3.45.3-GCCcore-13.3.0/include -I/rds/bear-apps/2024a/EL8-ice/software/zlib/1.3.1-GCCcore-13.3.0/include -I/rds/bear-apps/2024a/EL8-ice/software/XZ/5.4.5-GCCcore-13.3.0/include -I/rds/bear-apps/2024a/EL8-ice/software/bzip2/1.0.8-GCCcore-13.3.0/include -I/rds/bear-apps/2024a/EL8-ice/software/ncurses/6.5-GCCcore-13.3.0/include -I/rds/bear-apps/2024a/EL8-ice/software/libreadline/8.2-GCCcore-13.3.0/include -I/rds/bear-apps/2024a/EL8-ice/software/cairo/1.18.0-GCCcore-13.3.0/include -I/rds/bear-apps/2024a/EL8-ice/software/libGLU/9.0.3-GCCcore-13.3.0/include -I/rds/bear-apps/2024a/EL8-ice/software/Mesa/24.1.3-GCCcore-13.3.0/include -I/rds/bear-apps/2024a/EL8-ice/software/X11/20240607-GCCcore-13.3.0/include -I/rds/bear-apps/2024a/EL8-ice/software/pkgconf/2.2.0-GCCcore-13.3.0/include -I/rds/bear-apps/2024a/EL8-ice/software/FFTW/3.3.10-GCC-13.3.0/include -I/rds/bear-apps/2024a/EL8-ice/software/FlexiBLAS/3.4.4-GCC-13.3.0/include -I/rds/bear-apps/2024a/EL8-ice/software/FlexiBLAS/3.4.4-GCC-13.3.0/include/flexiblas   -fvisibility=hidden -fpic  -O2 -ftree-vectorize -march=native -fno-math-errno  -c keypress.c -o keypress.o
gcc -std=gnu2x -I"/rds/bear-apps/2024a/EL8-ice/software/R/4.5.0-gfbf-2024a/lib64/R/include" -DNDEBUG -I../inst/include  -I/rds/bear-apps/2024a/EL8-ice/software/FriBidi/1.0.15-GCCcore-13.3.0/include -I/rds/bear-apps/2024a/EL8-ice/software/HarfBuzz/9.0.0-GCCcore-13.3.0/include -I/rds/bear-apps/2024a/EL8-ice/software/Tk/8.6.14-GCCcore-13.3.0/include -I/rds/bear-apps/2024a/EL8-ice/software/cURL/8.7.1-GCCcore-13.3.0/include -I/rds/bear-apps/2024a/EL8-ice/software/OpenSSL/3/include -I/rds/bear-apps/2024a/EL8-ice/software/libgit2/1.8.1-GCCcore-13.3.0/include -I/rds/bear-apps/2024a/EL8-ice/software/Java/17.0.15/include -I/rds/bear-apps/2024a/EL8-ice/software/LibTIFF/4.6.0-GCCcore-13.3.0/include -I/rds/bear-apps/2024a/EL8-ice/software/libjpeg-turbo/3.0.1-GCCcore-13.3.0/include -I/rds/bear-apps/2024a/EL8-ice/software/libpng/1.6.43-GCCcore-13.3.0/include -I/rds/bear-apps/2024a/EL8-ice/software/PCRE2/10.43-GCCcore-13.3.0/include -I/rds/bear-apps/2024a/EL8-ice/software/SQLite/3.45.3-GCCcore-13.3.0/include -I/rds/bear-apps/2024a/EL8-ice/software/zlib/1.3.1-GCCcore-13.3.0/include -I/rds/bear-apps/2024a/EL8-ice/software/XZ/5.4.5-GCCcore-13.3.0/include -I/rds/bear-apps/2024a/EL8-ice/software/bzip2/1.0.8-GCCcore-13.3.0/include -I/rds/bear-apps/2024a/EL8-ice/software/ncurses/6.5-GCCcore-13.3.0/include -I/rds/bear-apps/2024a/EL8-ice/software/libreadline/8.2-GCCcore-13.3.0/include -I/rds/bear-apps/2024a/EL8-ice/software/cairo/1.18.0-GCCcore-13.3.0/include -I/rds/bear-apps/2024a/EL8-ice/software/libGLU/9.0.3-GCCcore-13.3.0/include -I/rds/bear-apps/2024a/EL8-ice/software/Mesa/24.1.3-GCCcore-13.3.0/include -I/rds/bear-apps/2024a/EL8-ice/software/X11/20240607-GCCcore-13.3.0/include -I/rds/bear-apps/2024a/EL8-ice/software/pkgconf/2.2.0-GCCcore-13.3.0/include -I/rds/bear-apps/2024a/EL8-ice/software/FFTW/3.3.10-GCC-13.3.0/include -I/rds/bear-apps/2024a/EL8-ice/software/FlexiBLAS/3.4.4-GCC-13.3.0/include -I/rds/bear-apps/2024a/EL8-ice/software/FlexiBLAS/3.4.4-GCC-13.3.0/include/flexiblas   -fvisibility=hidden -fpic  -O2 -ftree-vectorize -march=native -fno-math-errno  -c md5.c -o md5.o
gcc -std=gnu2x -I"/rds/bear-apps/2024a/EL8-ice/software/R/4.5.0-gfbf-2024a/lib64/R/include" -DNDEBUG -I../inst/include  -I/rds/bear-apps/2024a/EL8-ice/software/FriBidi/1.0.15-GCCcore-13.3.0/include -I/rds/bear-apps/2024a/EL8-ice/software/HarfBuzz/9.0.0-GCCcore-13.3.0/include -I/rds/bear-apps/2024a/EL8-ice/software/Tk/8.6.14-GCCcore-13.3.0/include -I/rds/bear-apps/2024a/EL8-ice/software/cURL/8.7.1-GCCcore-13.3.0/include -I/rds/bear-apps/2024a/EL8-ice/software/OpenSSL/3/include -I/rds/bear-apps/2024a/EL8-ice/software/libgit2/1.8.1-GCCcore-13.3.0/include -I/rds/bear-apps/2024a/EL8-ice/software/Java/17.0.15/include -I/rds/bear-apps/2024a/EL8-ice/software/LibTIFF/4.6.0-GCCcore-13.3.0/include -I/rds/bear-apps/2024a/EL8-ice/software/libjpeg-turbo/3.0.1-GCCcore-13.3.0/include -I/rds/bear-apps/2024a/EL8-ice/software/libpng/1.6.43-GCCcore-13.3.0/include -I/rds/bear-apps/2024a/EL8-ice/software/PCRE2/10.43-GCCcore-13.3.0/include -I/rds/bear-apps/2024a/EL8-ice/software/SQLite/3.45.3-GCCcore-13.3.0/include -I/rds/bear-apps/2024a/EL8-ice/software/zlib/1.3.1-GCCcore-13.3.0/include -I/rds/bear-apps/2024a/EL8-ice/software/XZ/5.4.5-GCCcore-13.3.0/include -I/rds/bear-apps/2024a/EL8-ice/software/bzip2/1.0.8-GCCcore-13.3.0/include -I/rds/bear-apps/2024a/EL8-ice/software/ncurses/6.5-GCCcore-13.3.0/include -I/rds/bear-apps/2024a/EL8-ice/software/libreadline/8.2-GCCcore-13.3.0/include -I/rds/bear-apps/2024a/EL8-ice/software/cairo/1.18.0-GCCcore-13.3.0/include -I/rds/bear-apps/2024a/EL8-ice/software/libGLU/9.0.3-GCCcore-13.3.0/include -I/rds/bear-apps/2024a/EL8-ice/software/Mesa/24.1.3-GCCcore-13.3.0/include -I/rds/bear-apps/2024a/EL8-ice/software/X11/20240607-GCCcore-13.3.0/include -I/rds/bear-apps/2024a/EL8-ice/software/pkgconf/2.2.0-GCCcore-13.3.0/include -I/rds/bear-apps/2024a/EL8-ice/software/FFTW/3.3.10-GCC-13.3.0/include -I/rds/bear-apps/2024a/EL8-ice/software/FlexiBLAS/3.4.4-GCC-13.3.0/include -I/rds/bear-apps/2024a/EL8-ice/software/FlexiBLAS/3.4.4-GCC-13.3.0/include/flexiblas   -fvisibility=hidden -fpic  -O2 -ftree-vectorize -march=native -fno-math-errno  -c progress-altrep.c -o progress-altrep.o
gcc -std=gnu2x -I"/rds/bear-apps/2024a/EL8-ice/software/R/4.5.0-gfbf-2024a/lib64/R/include" -DNDEBUG -I../inst/include  -I/rds/bear-apps/2024a/EL8-ice/software/FriBidi/1.0.15-GCCcore-13.3.0/include -I/rds/bear-apps/2024a/EL8-ice/software/HarfBuzz/9.0.0-GCCcore-13.3.0/include -I/rds/bear-apps/2024a/EL8-ice/software/Tk/8.6.14-GCCcore-13.3.0/include -I/rds/bear-apps/2024a/EL8-ice/software/cURL/8.7.1-GCCcore-13.3.0/include -I/rds/bear-apps/2024a/EL8-ice/software/OpenSSL/3/include -I/rds/bear-apps/2024a/EL8-ice/software/libgit2/1.8.1-GCCcore-13.3.0/include -I/rds/bear-apps/2024a/EL8-ice/software/Java/17.0.15/include -I/rds/bear-apps/2024a/EL8-ice/software/LibTIFF/4.6.0-GCCcore-13.3.0/include -I/rds/bear-apps/2024a/EL8-ice/software/libjpeg-turbo/3.0.1-GCCcore-13.3.0/include -I/rds/bear-apps/2024a/EL8-ice/software/libpng/1.6.43-GCCcore-13.3.0/include -I/rds/bear-apps/2024a/EL8-ice/software/PCRE2/10.43-GCCcore-13.3.0/include -I/rds/bear-apps/2024a/EL8-ice/software/SQLite/3.45.3-GCCcore-13.3.0/include -I/rds/bear-apps/2024a/EL8-ice/software/zlib/1.3.1-GCCcore-13.3.0/include -I/rds/bear-apps/2024a/EL8-ice/software/XZ/5.4.5-GCCcore-13.3.0/include -I/rds/bear-apps/2024a/EL8-ice/software/bzip2/1.0.8-GCCcore-13.3.0/include -I/rds/bear-apps/2024a/EL8-ice/software/ncurses/6.5-GCCcore-13.3.0/include -I/rds/bear-apps/2024a/EL8-ice/software/libreadline/8.2-GCCcore-13.3.0/include -I/rds/bear-apps/2024a/EL8-ice/software/cairo/1.18.0-GCCcore-13.3.0/include -I/rds/bear-apps/2024a/EL8-ice/software/libGLU/9.0.3-GCCcore-13.3.0/include -I/rds/bear-apps/2024a/EL8-ice/software/Mesa/24.1.3-GCCcore-13.3.0/include -I/rds/bear-apps/2024a/EL8-ice/software/X11/20240607-GCCcore-13.3.0/include -I/rds/bear-apps/2024a/EL8-ice/software/pkgconf/2.2.0-GCCcore-13.3.0/include -I/rds/bear-apps/2024a/EL8-ice/software/FFTW/3.3.10-GCC-13.3.0/include -I/rds/bear-apps/2024a/EL8-ice/software/FlexiBLAS/3.4.4-GCC-13.3.0/include -I/rds/bear-apps/2024a/EL8-ice/software/FlexiBLAS/3.4.4-GCC-13.3.0/include/flexiblas   -fvisibility=hidden -fpic  -O2 -ftree-vectorize -march=native -fno-math-errno  -c progress.c -o progress.o
gcc -std=gnu2x -I"/rds/bear-apps/2024a/EL8-ice/software/R/4.5.0-gfbf-2024a/lib64/R/include" -DNDEBUG -I../inst/include  -I/rds/bear-apps/2024a/EL8-ice/software/FriBidi/1.0.15-GCCcore-13.3.0/include -I/rds/bear-apps/2024a/EL8-ice/software/HarfBuzz/9.0.0-GCCcore-13.3.0/include -I/rds/bear-apps/2024a/EL8-ice/software/Tk/8.6.14-GCCcore-13.3.0/include -I/rds/bear-apps/2024a/EL8-ice/software/cURL/8.7.1-GCCcore-13.3.0/include -I/rds/bear-apps/2024a/EL8-ice/software/OpenSSL/3/include -I/rds/bear-apps/2024a/EL8-ice/software/libgit2/1.8.1-GCCcore-13.3.0/include -I/rds/bear-apps/2024a/EL8-ice/software/Java/17.0.15/include -I/rds/bear-apps/2024a/EL8-ice/software/LibTIFF/4.6.0-GCCcore-13.3.0/include -I/rds/bear-apps/2024a/EL8-ice/software/libjpeg-turbo/3.0.1-GCCcore-13.3.0/include -I/rds/bear-apps/2024a/EL8-ice/software/libpng/1.6.43-GCCcore-13.3.0/include -I/rds/bear-apps/2024a/EL8-ice/software/PCRE2/10.43-GCCcore-13.3.0/include -I/rds/bear-apps/2024a/EL8-ice/software/SQLite/3.45.3-GCCcore-13.3.0/include -I/rds/bear-apps/2024a/EL8-ice/software/zlib/1.3.1-GCCcore-13.3.0/include -I/rds/bear-apps/2024a/EL8-ice/software/XZ/5.4.5-GCCcore-13.3.0/include -I/rds/bear-apps/2024a/EL8-ice/software/bzip2/1.0.8-GCCcore-13.3.0/include -I/rds/bear-apps/2024a/EL8-ice/software/ncurses/6.5-GCCcore-13.3.0/include -I/rds/bear-apps/2024a/EL8-ice/software/libreadline/8.2-GCCcore-13.3.0/include -I/rds/bear-apps/2024a/EL8-ice/software/cairo/1.18.0-GCCcore-13.3.0/include -I/rds/bear-apps/2024a/EL8-ice/software/libGLU/9.0.3-GCCcore-13.3.0/include -I/rds/bear-apps/2024a/EL8-ice/software/Mesa/24.1.3-GCCcore-13.3.0/include -I/rds/bear-apps/2024a/EL8-ice/software/X11/20240607-GCCcore-13.3.0/include -I/rds/bear-apps/2024a/EL8-ice/software/pkgconf/2.2.0-GCCcore-13.3.0/include -I/rds/bear-apps/2024a/EL8-ice/software/FFTW/3.3.10-GCC-13.3.0/include -I/rds/bear-apps/2024a/EL8-ice/software/FlexiBLAS/3.4.4-GCC-13.3.0/include -I/rds/bear-apps/2024a/EL8-ice/software/FlexiBLAS/3.4.4-GCC-13.3.0/include/flexiblas   -fvisibility=hidden -fpic  -O2 -ftree-vectorize -march=native -fno-math-errno  -c sha1.c -o sha1.o
gcc -std=gnu2x -I"/rds/bear-apps/2024a/EL8-ice/software/R/4.5.0-gfbf-2024a/lib64/R/include" -DNDEBUG -I../inst/include  -I/rds/bear-apps/2024a/EL8-ice/software/FriBidi/1.0.15-GCCcore-13.3.0/include -I/rds/bear-apps/2024a/EL8-ice/software/HarfBuzz/9.0.0-GCCcore-13.3.0/include -I/rds/bear-apps/2024a/EL8-ice/software/Tk/8.6.14-GCCcore-13.3.0/include -I/rds/bear-apps/2024a/EL8-ice/software/cURL/8.7.1-GCCcore-13.3.0/include -I/rds/bear-apps/2024a/EL8-ice/software/OpenSSL/3/include -I/rds/bear-apps/2024a/EL8-ice/software/libgit2/1.8.1-GCCcore-13.3.0/include -I/rds/bear-apps/2024a/EL8-ice/software/Java/17.0.15/include -I/rds/bear-apps/2024a/EL8-ice/software/LibTIFF/4.6.0-GCCcore-13.3.0/include -I/rds/bear-apps/2024a/EL8-ice/software/libjpeg-turbo/3.0.1-GCCcore-13.3.0/include -I/rds/bear-apps/2024a/EL8-ice/software/libpng/1.6.43-GCCcore-13.3.0/include -I/rds/bear-apps/2024a/EL8-ice/software/PCRE2/10.43-GCCcore-13.3.0/include -I/rds/bear-apps/2024a/EL8-ice/software/SQLite/3.45.3-GCCcore-13.3.0/include -I/rds/bear-apps/2024a/EL8-ice/software/zlib/1.3.1-GCCcore-13.3.0/include -I/rds/bear-apps/2024a/EL8-ice/software/XZ/5.4.5-GCCcore-13.3.0/include -I/rds/bear-apps/2024a/EL8-ice/software/bzip2/1.0.8-GCCcore-13.3.0/include -I/rds/bear-apps/2024a/EL8-ice/software/ncurses/6.5-GCCcore-13.3.0/include -I/rds/bear-apps/2024a/EL8-ice/software/libreadline/8.2-GCCcore-13.3.0/include -I/rds/bear-apps/2024a/EL8-ice/software/cairo/1.18.0-GCCcore-13.3.0/include -I/rds/bear-apps/2024a/EL8-ice/software/libGLU/9.0.3-GCCcore-13.3.0/include -I/rds/bear-apps/2024a/EL8-ice/software/Mesa/24.1.3-GCCcore-13.3.0/include -I/rds/bear-apps/2024a/EL8-ice/software/X11/20240607-GCCcore-13.3.0/include -I/rds/bear-apps/2024a/EL8-ice/software/pkgconf/2.2.0-GCCcore-13.3.0/include -I/rds/bear-apps/2024a/EL8-ice/software/FFTW/3.3.10-GCC-13.3.0/include -I/rds/bear-apps/2024a/EL8-ice/software/FlexiBLAS/3.4.4-GCC-13.3.0/include -I/rds/bear-apps/2024a/EL8-ice/software/FlexiBLAS/3.4.4-GCC-13.3.0/include/flexiblas   -fvisibility=hidden -fpic  -O2 -ftree-vectorize -march=native -fno-math-errno  -c sha256.c -o sha256.o
gcc -std=gnu2x -I"/rds/bear-apps/2024a/EL8-ice/software/R/4.5.0-gfbf-2024a/lib64/R/include" -DNDEBUG -I../inst/include  -I/rds/bear-apps/2024a/EL8-ice/software/FriBidi/1.0.15-GCCcore-13.3.0/include -I/rds/bear-apps/2024a/EL8-ice/software/HarfBuzz/9.0.0-GCCcore-13.3.0/include -I/rds/bear-apps/2024a/EL8-ice/software/Tk/8.6.14-GCCcore-13.3.0/include -I/rds/bear-apps/2024a/EL8-ice/software/cURL/8.7.1-GCCcore-13.3.0/include -I/rds/bear-apps/2024a/EL8-ice/software/OpenSSL/3/include -I/rds/bear-apps/2024a/EL8-ice/software/libgit2/1.8.1-GCCcore-13.3.0/include -I/rds/bear-apps/2024a/EL8-ice/software/Java/17.0.15/include -I/rds/bear-apps/2024a/EL8-ice/software/LibTIFF/4.6.0-GCCcore-13.3.0/include -I/rds/bear-apps/2024a/EL8-ice/software/libjpeg-turbo/3.0.1-GCCcore-13.3.0/include -I/rds/bear-apps/2024a/EL8-ice/software/libpng/1.6.43-GCCcore-13.3.0/include -I/rds/bear-apps/2024a/EL8-ice/software/PCRE2/10.43-GCCcore-13.3.0/include -I/rds/bear-apps/2024a/EL8-ice/software/SQLite/3.45.3-GCCcore-13.3.0/include -I/rds/bear-apps/2024a/EL8-ice/software/zlib/1.3.1-GCCcore-13.3.0/include -I/rds/bear-apps/2024a/EL8-ice/software/XZ/5.4.5-GCCcore-13.3.0/include -I/rds/bear-apps/2024a/EL8-ice/software/bzip2/1.0.8-GCCcore-13.3.0/include -I/rds/bear-apps/2024a/EL8-ice/software/ncurses/6.5-GCCcore-13.3.0/include -I/rds/bear-apps/2024a/EL8-ice/software/libreadline/8.2-GCCcore-13.3.0/include -I/rds/bear-apps/2024a/EL8-ice/software/cairo/1.18.0-GCCcore-13.3.0/include -I/rds/bear-apps/2024a/EL8-ice/software/libGLU/9.0.3-GCCcore-13.3.0/include -I/rds/bear-apps/2024a/EL8-ice/software/Mesa/24.1.3-GCCcore-13.3.0/include -I/rds/bear-apps/2024a/EL8-ice/software/X11/20240607-GCCcore-13.3.0/include -I/rds/bear-apps/2024a/EL8-ice/software/pkgconf/2.2.0-GCCcore-13.3.0/include -I/rds/bear-apps/2024a/EL8-ice/software/FFTW/3.3.10-GCC-13.3.0/include -I/rds/bear-apps/2024a/EL8-ice/software/FlexiBLAS/3.4.4-GCC-13.3.0/include -I/rds/bear-apps/2024a/EL8-ice/software/FlexiBLAS/3.4.4-GCC-13.3.0/include/flexiblas   -fvisibility=hidden -fpic  -O2 -ftree-vectorize -march=native -fno-math-errno  -c thread.c -o thread.o
gcc -std=gnu2x -I"/rds/bear-apps/2024a/EL8-ice/software/R/4.5.0-gfbf-2024a/lib64/R/include" -DNDEBUG -I../inst/include  -I/rds/bear-apps/2024a/EL8-ice/software/FriBidi/1.0.15-GCCcore-13.3.0/include -I/rds/bear-apps/2024a/EL8-ice/software/HarfBuzz/9.0.0-GCCcore-13.3.0/include -I/rds/bear-apps/2024a/EL8-ice/software/Tk/8.6.14-GCCcore-13.3.0/include -I/rds/bear-apps/2024a/EL8-ice/software/cURL/8.7.1-GCCcore-13.3.0/include -I/rds/bear-apps/2024a/EL8-ice/software/OpenSSL/3/include -I/rds/bear-apps/2024a/EL8-ice/software/libgit2/1.8.1-GCCcore-13.3.0/include -I/rds/bear-apps/2024a/EL8-ice/software/Java/17.0.15/include -I/rds/bear-apps/2024a/EL8-ice/software/LibTIFF/4.6.0-GCCcore-13.3.0/include -I/rds/bear-apps/2024a/EL8-ice/software/libjpeg-turbo/3.0.1-GCCcore-13.3.0/include -I/rds/bear-apps/2024a/EL8-ice/software/libpng/1.6.43-GCCcore-13.3.0/include -I/rds/bear-apps/2024a/EL8-ice/software/PCRE2/10.43-GCCcore-13.3.0/include -I/rds/bear-apps/2024a/EL8-ice/software/SQLite/3.45.3-GCCcore-13.3.0/include -I/rds/bear-apps/2024a/EL8-ice/software/zlib/1.3.1-GCCcore-13.3.0/include -I/rds/bear-apps/2024a/EL8-ice/software/XZ/5.4.5-GCCcore-13.3.0/include -I/rds/bear-apps/2024a/EL8-ice/software/bzip2/1.0.8-GCCcore-13.3.0/include -I/rds/bear-apps/2024a/EL8-ice/software/ncurses/6.5-GCCcore-13.3.0/include -I/rds/bear-apps/2024a/EL8-ice/software/libreadline/8.2-GCCcore-13.3.0/include -I/rds/bear-apps/2024a/EL8-ice/software/cairo/1.18.0-GCCcore-13.3.0/include -I/rds/bear-apps/2024a/EL8-ice/software/libGLU/9.0.3-GCCcore-13.3.0/include -I/rds/bear-apps/2024a/EL8-ice/software/Mesa/24.1.3-GCCcore-13.3.0/include -I/rds/bear-apps/2024a/EL8-ice/software/X11/20240607-GCCcore-13.3.0/include -I/rds/bear-apps/2024a/EL8-ice/software/pkgconf/2.2.0-GCCcore-13.3.0/include -I/rds/bear-apps/2024a/EL8-ice/software/FFTW/3.3.10-GCC-13.3.0/include -I/rds/bear-apps/2024a/EL8-ice/software/FlexiBLAS/3.4.4-GCC-13.3.0/include -I/rds/bear-apps/2024a/EL8-ice/software/FlexiBLAS/3.4.4-GCC-13.3.0/include/flexiblas   -fvisibility=hidden -fpic  -O2 -ftree-vectorize -march=native -fno-math-errno  -c tty.c -o tty.o
gcc -std=gnu2x -I"/rds/bear-apps/2024a/EL8-ice/software/R/4.5.0-gfbf-2024a/lib64/R/include" -DNDEBUG -I../inst/include  -I/rds/bear-apps/2024a/EL8-ice/software/FriBidi/1.0.15-GCCcore-13.3.0/include -I/rds/bear-apps/2024a/EL8-ice/software/HarfBuzz/9.0.0-GCCcore-13.3.0/include -I/rds/bear-apps/2024a/EL8-ice/software/Tk/8.6.14-GCCcore-13.3.0/include -I/rds/bear-apps/2024a/EL8-ice/software/cURL/8.7.1-GCCcore-13.3.0/include -I/rds/bear-apps/2024a/EL8-ice/software/OpenSSL/3/include -I/rds/bear-apps/2024a/EL8-ice/software/libgit2/1.8.1-GCCcore-13.3.0/include -I/rds/bear-apps/2024a/EL8-ice/software/Java/17.0.15/include -I/rds/bear-apps/2024a/EL8-ice/software/LibTIFF/4.6.0-GCCcore-13.3.0/include -I/rds/bear-apps/2024a/EL8-ice/software/libjpeg-turbo/3.0.1-GCCcore-13.3.0/include -I/rds/bear-apps/2024a/EL8-ice/software/libpng/1.6.43-GCCcore-13.3.0/include -I/rds/bear-apps/2024a/EL8-ice/software/PCRE2/10.43-GCCcore-13.3.0/include -I/rds/bear-apps/2024a/EL8-ice/software/SQLite/3.45.3-GCCcore-13.3.0/include -I/rds/bear-apps/2024a/EL8-ice/software/zlib/1.3.1-GCCcore-13.3.0/include -I/rds/bear-apps/2024a/EL8-ice/software/XZ/5.4.5-GCCcore-13.3.0/include -I/rds/bear-apps/2024a/EL8-ice/software/bzip2/1.0.8-GCCcore-13.3.0/include -I/rds/bear-apps/2024a/EL8-ice/software/ncurses/6.5-GCCcore-13.3.0/include -I/rds/bear-apps/2024a/EL8-ice/software/libreadline/8.2-GCCcore-13.3.0/include -I/rds/bear-apps/2024a/EL8-ice/software/cairo/1.18.0-GCCcore-13.3.0/include -I/rds/bear-apps/2024a/EL8-ice/software/libGLU/9.0.3-GCCcore-13.3.0/include -I/rds/bear-apps/2024a/EL8-ice/software/Mesa/24.1.3-GCCcore-13.3.0/include -I/rds/bear-apps/2024a/EL8-ice/software/X11/20240607-GCCcore-13.3.0/include -I/rds/bear-apps/2024a/EL8-ice/software/pkgconf/2.2.0-GCCcore-13.3.0/include -I/rds/bear-apps/2024a/EL8-ice/software/FFTW/3.3.10-GCC-13.3.0/include -I/rds/bear-apps/2024a/EL8-ice/software/FlexiBLAS/3.4.4-GCC-13.3.0/include -I/rds/bear-apps/2024a/EL8-ice/software/FlexiBLAS/3.4.4-GCC-13.3.0/include/flexiblas   -fvisibility=hidden -fpic  -O2 -ftree-vectorize -march=native -fno-math-errno  -c utf8.c -o utf8.o
gcc -std=gnu2x -I"/rds/bear-apps/2024a/EL8-ice/software/R/4.5.0-gfbf-2024a/lib64/R/include" -DNDEBUG -I../inst/include  -I/rds/bear-apps/2024a/EL8-ice/software/FriBidi/1.0.15-GCCcore-13.3.0/include -I/rds/bear-apps/2024a/EL8-ice/software/HarfBuzz/9.0.0-GCCcore-13.3.0/include -I/rds/bear-apps/2024a/EL8-ice/software/Tk/8.6.14-GCCcore-13.3.0/include -I/rds/bear-apps/2024a/EL8-ice/software/cURL/8.7.1-GCCcore-13.3.0/include -I/rds/bear-apps/2024a/EL8-ice/software/OpenSSL/3/include -I/rds/bear-apps/2024a/EL8-ice/software/libgit2/1.8.1-GCCcore-13.3.0/include -I/rds/bear-apps/2024a/EL8-ice/software/Java/17.0.15/include -I/rds/bear-apps/2024a/EL8-ice/software/LibTIFF/4.6.0-GCCcore-13.3.0/include -I/rds/bear-apps/2024a/EL8-ice/software/libjpeg-turbo/3.0.1-GCCcore-13.3.0/include -I/rds/bear-apps/2024a/EL8-ice/software/libpng/1.6.43-GCCcore-13.3.0/include -I/rds/bear-apps/2024a/EL8-ice/software/PCRE2/10.43-GCCcore-13.3.0/include -I/rds/bear-apps/2024a/EL8-ice/software/SQLite/3.45.3-GCCcore-13.3.0/include -I/rds/bear-apps/2024a/EL8-ice/software/zlib/1.3.1-GCCcore-13.3.0/include -I/rds/bear-apps/2024a/EL8-ice/software/XZ/5.4.5-GCCcore-13.3.0/include -I/rds/bear-apps/2024a/EL8-ice/software/bzip2/1.0.8-GCCcore-13.3.0/include -I/rds/bear-apps/2024a/EL8-ice/software/ncurses/6.5-GCCcore-13.3.0/include -I/rds/bear-apps/2024a/EL8-ice/software/libreadline/8.2-GCCcore-13.3.0/include -I/rds/bear-apps/2024a/EL8-ice/software/cairo/1.18.0-GCCcore-13.3.0/include -I/rds/bear-apps/2024a/EL8-ice/software/libGLU/9.0.3-GCCcore-13.3.0/include -I/rds/bear-apps/2024a/EL8-ice/software/Mesa/24.1.3-GCCcore-13.3.0/include -I/rds/bear-apps/2024a/EL8-ice/software/X11/20240607-GCCcore-13.3.0/include -I/rds/bear-apps/2024a/EL8-ice/software/pkgconf/2.2.0-GCCcore-13.3.0/include -I/rds/bear-apps/2024a/EL8-ice/software/FFTW/3.3.10-GCC-13.3.0/include -I/rds/bear-apps/2024a/EL8-ice/software/FlexiBLAS/3.4.4-GCC-13.3.0/include -I/rds/bear-apps/2024a/EL8-ice/software/FlexiBLAS/3.4.4-GCC-13.3.0/include/flexiblas   -fvisibility=hidden -fpic  -O2 -ftree-vectorize -march=native -fno-math-errno  -c utils.c -o utils.o
gcc -std=gnu2x -I"/rds/bear-apps/2024a/EL8-ice/software/R/4.5.0-gfbf-2024a/lib64/R/include" -DNDEBUG -I../inst/include  -I/rds/bear-apps/2024a/EL8-ice/software/FriBidi/1.0.15-GCCcore-13.3.0/include -I/rds/bear-apps/2024a/EL8-ice/software/HarfBuzz/9.0.0-GCCcore-13.3.0/include -I/rds/bear-apps/2024a/EL8-ice/software/Tk/8.6.14-GCCcore-13.3.0/include -I/rds/bear-apps/2024a/EL8-ice/software/cURL/8.7.1-GCCcore-13.3.0/include -I/rds/bear-apps/2024a/EL8-ice/software/OpenSSL/3/include -I/rds/bear-apps/2024a/EL8-ice/software/libgit2/1.8.1-GCCcore-13.3.0/include -I/rds/bear-apps/2024a/EL8-ice/software/Java/17.0.15/include -I/rds/bear-apps/2024a/EL8-ice/software/LibTIFF/4.6.0-GCCcore-13.3.0/include -I/rds/bear-apps/2024a/EL8-ice/software/libjpeg-turbo/3.0.1-GCCcore-13.3.0/include -I/rds/bear-apps/2024a/EL8-ice/software/libpng/1.6.43-GCCcore-13.3.0/include -I/rds/bear-apps/2024a/EL8-ice/software/PCRE2/10.43-GCCcore-13.3.0/include -I/rds/bear-apps/2024a/EL8-ice/software/SQLite/3.45.3-GCCcore-13.3.0/include -I/rds/bear-apps/2024a/EL8-ice/software/zlib/1.3.1-GCCcore-13.3.0/include -I/rds/bear-apps/2024a/EL8-ice/software/XZ/5.4.5-GCCcore-13.3.0/include -I/rds/bear-apps/2024a/EL8-ice/software/bzip2/1.0.8-GCCcore-13.3.0/include -I/rds/bear-apps/2024a/EL8-ice/software/ncurses/6.5-GCCcore-13.3.0/include -I/rds/bear-apps/2024a/EL8-ice/software/libreadline/8.2-GCCcore-13.3.0/include -I/rds/bear-apps/2024a/EL8-ice/software/cairo/1.18.0-GCCcore-13.3.0/include -I/rds/bear-apps/2024a/EL8-ice/software/libGLU/9.0.3-GCCcore-13.3.0/include -I/rds/bear-apps/2024a/EL8-ice/software/Mesa/24.1.3-GCCcore-13.3.0/include -I/rds/bear-apps/2024a/EL8-ice/software/X11/20240607-GCCcore-13.3.0/include -I/rds/bear-apps/2024a/EL8-ice/software/pkgconf/2.2.0-GCCcore-13.3.0/include -I/rds/bear-apps/2024a/EL8-ice/software/FFTW/3.3.10-GCC-13.3.0/include -I/rds/bear-apps/2024a/EL8-ice/software/FlexiBLAS/3.4.4-GCC-13.3.0/include -I/rds/bear-apps/2024a/EL8-ice/software/FlexiBLAS/3.4.4-GCC-13.3.0/include/flexiblas   -fvisibility=hidden -fpic  -O2 -ftree-vectorize -march=native -fno-math-errno  -c vt.c -o vt.o
gcc -std=gnu2x -I"/rds/bear-apps/2024a/EL8-ice/software/R/4.5.0-gfbf-2024a/lib64/R/include" -DNDEBUG -I../inst/include  -I/rds/bear-apps/2024a/EL8-ice/software/FriBidi/1.0.15-GCCcore-13.3.0/include -I/rds/bear-apps/2024a/EL8-ice/software/HarfBuzz/9.0.0-GCCcore-13.3.0/include -I/rds/bear-apps/2024a/EL8-ice/software/Tk/8.6.14-GCCcore-13.3.0/include -I/rds/bear-apps/2024a/EL8-ice/software/cURL/8.7.1-GCCcore-13.3.0/include -I/rds/bear-apps/2024a/EL8-ice/software/OpenSSL/3/include -I/rds/bear-apps/2024a/EL8-ice/software/libgit2/1.8.1-GCCcore-13.3.0/include -I/rds/bear-apps/2024a/EL8-ice/software/Java/17.0.15/include -I/rds/bear-apps/2024a/EL8-ice/software/LibTIFF/4.6.0-GCCcore-13.3.0/include -I/rds/bear-apps/2024a/EL8-ice/software/libjpeg-turbo/3.0.1-GCCcore-13.3.0/include -I/rds/bear-apps/2024a/EL8-ice/software/libpng/1.6.43-GCCcore-13.3.0/include -I/rds/bear-apps/2024a/EL8-ice/software/PCRE2/10.43-GCCcore-13.3.0/include -I/rds/bear-apps/2024a/EL8-ice/software/SQLite/3.45.3-GCCcore-13.3.0/include -I/rds/bear-apps/2024a/EL8-ice/software/zlib/1.3.1-GCCcore-13.3.0/include -I/rds/bear-apps/2024a/EL8-ice/software/XZ/5.4.5-GCCcore-13.3.0/include -I/rds/bear-apps/2024a/EL8-ice/software/bzip2/1.0.8-GCCcore-13.3.0/include -I/rds/bear-apps/2024a/EL8-ice/software/ncurses/6.5-GCCcore-13.3.0/include -I/rds/bear-apps/2024a/EL8-ice/software/libreadline/8.2-GCCcore-13.3.0/include -I/rds/bear-apps/2024a/EL8-ice/software/cairo/1.18.0-GCCcore-13.3.0/include -I/rds/bear-apps/2024a/EL8-ice/software/libGLU/9.0.3-GCCcore-13.3.0/include -I/rds/bear-apps/2024a/EL8-ice/software/Mesa/24.1.3-GCCcore-13.3.0/include -I/rds/bear-apps/2024a/EL8-ice/software/X11/20240607-GCCcore-13.3.0/include -I/rds/bear-apps/2024a/EL8-ice/software/pkgconf/2.2.0-GCCcore-13.3.0/include -I/rds/bear-apps/2024a/EL8-ice/software/FFTW/3.3.10-GCC-13.3.0/include -I/rds/bear-apps/2024a/EL8-ice/software/FlexiBLAS/3.4.4-GCC-13.3.0/include -I/rds/bear-apps/2024a/EL8-ice/software/FlexiBLAS/3.4.4-GCC-13.3.0/include/flexiblas   -fvisibility=hidden -fpic  -O2 -ftree-vectorize -march=native -fno-math-errno  -c vtparse.c -o vtparse.o
gcc -std=gnu2x -I"/rds/bear-apps/2024a/EL8-ice/software/R/4.5.0-gfbf-2024a/lib64/R/include" -DNDEBUG -I../inst/include  -I/rds/bear-apps/2024a/EL8-ice/software/FriBidi/1.0.15-GCCcore-13.3.0/include -I/rds/bear-apps/2024a/EL8-ice/software/HarfBuzz/9.0.0-GCCcore-13.3.0/include -I/rds/bear-apps/2024a/EL8-ice/software/Tk/8.6.14-GCCcore-13.3.0/include -I/rds/bear-apps/2024a/EL8-ice/software/cURL/8.7.1-GCCcore-13.3.0/include -I/rds/bear-apps/2024a/EL8-ice/software/OpenSSL/3/include -I/rds/bear-apps/2024a/EL8-ice/software/libgit2/1.8.1-GCCcore-13.3.0/include -I/rds/bear-apps/2024a/EL8-ice/software/Java/17.0.15/include -I/rds/bear-apps/2024a/EL8-ice/software/LibTIFF/4.6.0-GCCcore-13.3.0/include -I/rds/bear-apps/2024a/EL8-ice/software/libjpeg-turbo/3.0.1-GCCcore-13.3.0/include -I/rds/bear-apps/2024a/EL8-ice/software/libpng/1.6.43-GCCcore-13.3.0/include -I/rds/bear-apps/2024a/EL8-ice/software/PCRE2/10.43-GCCcore-13.3.0/include -I/rds/bear-apps/2024a/EL8-ice/software/SQLite/3.45.3-GCCcore-13.3.0/include -I/rds/bear-apps/2024a/EL8-ice/software/zlib/1.3.1-GCCcore-13.3.0/include -I/rds/bear-apps/2024a/EL8-ice/software/XZ/5.4.5-GCCcore-13.3.0/include -I/rds/bear-apps/2024a/EL8-ice/software/bzip2/1.0.8-GCCcore-13.3.0/include -I/rds/bear-apps/2024a/EL8-ice/software/ncurses/6.5-GCCcore-13.3.0/include -I/rds/bear-apps/2024a/EL8-ice/software/libreadline/8.2-GCCcore-13.3.0/include -I/rds/bear-apps/2024a/EL8-ice/software/cairo/1.18.0-GCCcore-13.3.0/include -I/rds/bear-apps/2024a/EL8-ice/software/libGLU/9.0.3-GCCcore-13.3.0/include -I/rds/bear-apps/2024a/EL8-ice/software/Mesa/24.1.3-GCCcore-13.3.0/include -I/rds/bear-apps/2024a/EL8-ice/software/X11/20240607-GCCcore-13.3.0/include -I/rds/bear-apps/2024a/EL8-ice/software/pkgconf/2.2.0-GCCcore-13.3.0/include -I/rds/bear-apps/2024a/EL8-ice/software/FFTW/3.3.10-GCC-13.3.0/include -I/rds/bear-apps/2024a/EL8-ice/software/FlexiBLAS/3.4.4-GCC-13.3.0/include -I/rds/bear-apps/2024a/EL8-ice/software/FlexiBLAS/3.4.4-GCC-13.3.0/include/flexiblas   -fvisibility=hidden -fpic  -O2 -ftree-vectorize -march=native -fno-math-errno  -c vtparse_table.c -o vtparse_table.o
gcc -std=gnu2x -I"/rds/bear-apps/2024a/EL8-ice/software/R/4.5.0-gfbf-2024a/lib64/R/include" -DNDEBUG -I../inst/include  -I/rds/bear-apps/2024a/EL8-ice/software/FriBidi/1.0.15-GCCcore-13.3.0/include -I/rds/bear-apps/2024a/EL8-ice/software/HarfBuzz/9.0.0-GCCcore-13.3.0/include -I/rds/bear-apps/2024a/EL8-ice/software/Tk/8.6.14-GCCcore-13.3.0/include -I/rds/bear-apps/2024a/EL8-ice/software/cURL/8.7.1-GCCcore-13.3.0/include -I/rds/bear-apps/2024a/EL8-ice/software/OpenSSL/3/include -I/rds/bear-apps/2024a/EL8-ice/software/libgit2/1.8.1-GCCcore-13.3.0/include -I/rds/bear-apps/2024a/EL8-ice/software/Java/17.0.15/include -I/rds/bear-apps/2024a/EL8-ice/software/LibTIFF/4.6.0-GCCcore-13.3.0/include -I/rds/bear-apps/2024a/EL8-ice/software/libjpeg-turbo/3.0.1-GCCcore-13.3.0/include -I/rds/bear-apps/2024a/EL8-ice/software/libpng/1.6.43-GCCcore-13.3.0/include -I/rds/bear-apps/2024a/EL8-ice/software/PCRE2/10.43-GCCcore-13.3.0/include -I/rds/bear-apps/2024a/EL8-ice/software/SQLite/3.45.3-GCCcore-13.3.0/include -I/rds/bear-apps/2024a/EL8-ice/software/zlib/1.3.1-GCCcore-13.3.0/include -I/rds/bear-apps/2024a/EL8-ice/software/XZ/5.4.5-GCCcore-13.3.0/include -I/rds/bear-apps/2024a/EL8-ice/software/bzip2/1.0.8-GCCcore-13.3.0/include -I/rds/bear-apps/2024a/EL8-ice/software/ncurses/6.5-GCCcore-13.3.0/include -I/rds/bear-apps/2024a/EL8-ice/software/libreadline/8.2-GCCcore-13.3.0/include -I/rds/bear-apps/2024a/EL8-ice/software/cairo/1.18.0-GCCcore-13.3.0/include -I/rds/bear-apps/2024a/EL8-ice/software/libGLU/9.0.3-GCCcore-13.3.0/include -I/rds/bear-apps/2024a/EL8-ice/software/Mesa/24.1.3-GCCcore-13.3.0/include -I/rds/bear-apps/2024a/EL8-ice/software/X11/20240607-GCCcore-13.3.0/include -I/rds/bear-apps/2024a/EL8-ice/software/pkgconf/2.2.0-GCCcore-13.3.0/include -I/rds/bear-apps/2024a/EL8-ice/software/FFTW/3.3.10-GCC-13.3.0/include -I/rds/bear-apps/2024a/EL8-ice/software/FlexiBLAS/3.4.4-GCC-13.3.0/include -I/rds/bear-apps/2024a/EL8-ice/software/FlexiBLAS/3.4.4-GCC-13.3.0/include/flexiblas   -fvisibility=hidden -fpic  -O2 -ftree-vectorize -march=native -fno-math-errno  -c win-utf8.c -o win-utf8.o
gcc -std=gnu2x -I"/rds/bear-apps/2024a/EL8-ice/software/R/4.5.0-gfbf-2024a/lib64/R/include" -DNDEBUG -I../inst/include  -I/rds/bear-apps/2024a/EL8-ice/software/FriBidi/1.0.15-GCCcore-13.3.0/include -I/rds/bear-apps/2024a/EL8-ice/software/HarfBuzz/9.0.0-GCCcore-13.3.0/include -I/rds/bear-apps/2024a/EL8-ice/software/Tk/8.6.14-GCCcore-13.3.0/include -I/rds/bear-apps/2024a/EL8-ice/software/cURL/8.7.1-GCCcore-13.3.0/include -I/rds/bear-apps/2024a/EL8-ice/software/OpenSSL/3/include -I/rds/bear-apps/2024a/EL8-ice/software/libgit2/1.8.1-GCCcore-13.3.0/include -I/rds/bear-apps/2024a/EL8-ice/software/Java/17.0.15/include -I/rds/bear-apps/2024a/EL8-ice/software/LibTIFF/4.6.0-GCCcore-13.3.0/include -I/rds/bear-apps/2024a/EL8-ice/software/libjpeg-turbo/3.0.1-GCCcore-13.3.0/include -I/rds/bear-apps/2024a/EL8-ice/software/libpng/1.6.43-GCCcore-13.3.0/include -I/rds/bear-apps/2024a/EL8-ice/software/PCRE2/10.43-GCCcore-13.3.0/include -I/rds/bear-apps/2024a/EL8-ice/software/SQLite/3.45.3-GCCcore-13.3.0/include -I/rds/bear-apps/2024a/EL8-ice/software/zlib/1.3.1-GCCcore-13.3.0/include -I/rds/bear-apps/2024a/EL8-ice/software/XZ/5.4.5-GCCcore-13.3.0/include -I/rds/bear-apps/2024a/EL8-ice/software/bzip2/1.0.8-GCCcore-13.3.0/include -I/rds/bear-apps/2024a/EL8-ice/software/ncurses/6.5-GCCcore-13.3.0/include -I/rds/bear-apps/2024a/EL8-ice/software/libreadline/8.2-GCCcore-13.3.0/include -I/rds/bear-apps/2024a/EL8-ice/software/cairo/1.18.0-GCCcore-13.3.0/include -I/rds/bear-apps/2024a/EL8-ice/software/libGLU/9.0.3-GCCcore-13.3.0/include -I/rds/bear-apps/2024a/EL8-ice/software/Mesa/24.1.3-GCCcore-13.3.0/include -I/rds/bear-apps/2024a/EL8-ice/software/X11/20240607-GCCcore-13.3.0/include -I/rds/bear-apps/2024a/EL8-ice/software/pkgconf/2.2.0-GCCcore-13.3.0/include -I/rds/bear-apps/2024a/EL8-ice/software/FFTW/3.3.10-GCC-13.3.0/include -I/rds/bear-apps/2024a/EL8-ice/software/FlexiBLAS/3.4.4-GCC-13.3.0/include -I/rds/bear-apps/2024a/EL8-ice/software/FlexiBLAS/3.4.4-GCC-13.3.0/include/flexiblas   -fvisibility=hidden -fpic  -O2 -ftree-vectorize -march=native -fno-math-errno  -c winfiles.c -o winfiles.o
gcc -std=gnu2x -I"/rds/bear-apps/2024a/EL8-ice/software/R/4.5.0-gfbf-2024a/lib64/R/include" -DNDEBUG -I../inst/include  -I/rds/bear-apps/2024a/EL8-ice/software/FriBidi/1.0.15-GCCcore-13.3.0/include -I/rds/bear-apps/2024a/EL8-ice/software/HarfBuzz/9.0.0-GCCcore-13.3.0/include -I/rds/bear-apps/2024a/EL8-ice/software/Tk/8.6.14-GCCcore-13.3.0/include -I/rds/bear-apps/2024a/EL8-ice/software/cURL/8.7.1-GCCcore-13.3.0/include -I/rds/bear-apps/2024a/EL8-ice/software/OpenSSL/3/include -I/rds/bear-apps/2024a/EL8-ice/software/libgit2/1.8.1-GCCcore-13.3.0/include -I/rds/bear-apps/2024a/EL8-ice/software/Java/17.0.15/include -I/rds/bear-apps/2024a/EL8-ice/software/LibTIFF/4.6.0-GCCcore-13.3.0/include -I/rds/bear-apps/2024a/EL8-ice/software/libjpeg-turbo/3.0.1-GCCcore-13.3.0/include -I/rds/bear-apps/2024a/EL8-ice/software/libpng/1.6.43-GCCcore-13.3.0/include -I/rds/bear-apps/2024a/EL8-ice/software/PCRE2/10.43-GCCcore-13.3.0/include -I/rds/bear-apps/2024a/EL8-ice/software/SQLite/3.45.3-GCCcore-13.3.0/include -I/rds/bear-apps/2024a/EL8-ice/software/zlib/1.3.1-GCCcore-13.3.0/include -I/rds/bear-apps/2024a/EL8-ice/software/XZ/5.4.5-GCCcore-13.3.0/include -I/rds/bear-apps/2024a/EL8-ice/software/bzip2/1.0.8-GCCcore-13.3.0/include -I/rds/bear-apps/2024a/EL8-ice/software/ncurses/6.5-GCCcore-13.3.0/include -I/rds/bear-apps/2024a/EL8-ice/software/libreadline/8.2-GCCcore-13.3.0/include -I/rds/bear-apps/2024a/EL8-ice/software/cairo/1.18.0-GCCcore-13.3.0/include -I/rds/bear-apps/2024a/EL8-ice/software/libGLU/9.0.3-GCCcore-13.3.0/include -I/rds/bear-apps/2024a/EL8-ice/software/Mesa/24.1.3-GCCcore-13.3.0/include -I/rds/bear-apps/2024a/EL8-ice/software/X11/20240607-GCCcore-13.3.0/include -I/rds/bear-apps/2024a/EL8-ice/software/pkgconf/2.2.0-GCCcore-13.3.0/include -I/rds/bear-apps/2024a/EL8-ice/software/FFTW/3.3.10-GCC-13.3.0/include -I/rds/bear-apps/2024a/EL8-ice/software/FlexiBLAS/3.4.4-GCC-13.3.0/include -I/rds/bear-apps/2024a/EL8-ice/software/FlexiBLAS/3.4.4-GCC-13.3.0/include/flexiblas   -fvisibility=hidden -fpic  -O2 -ftree-vectorize -march=native -fno-math-errno  -c xxhash.c -o xxhash.o
gcc -std=gnu2x -I"/rds/bear-apps/2024a/EL8-ice/software/R/4.5.0-gfbf-2024a/lib64/R/include" -DNDEBUG -I../inst/include  -I/rds/bear-apps/2024a/EL8-ice/software/FriBidi/1.0.15-GCCcore-13.3.0/include -I/rds/bear-apps/2024a/EL8-ice/software/HarfBuzz/9.0.0-GCCcore-13.3.0/include -I/rds/bear-apps/2024a/EL8-ice/software/Tk/8.6.14-GCCcore-13.3.0/include -I/rds/bear-apps/2024a/EL8-ice/software/cURL/8.7.1-GCCcore-13.3.0/include -I/rds/bear-apps/2024a/EL8-ice/software/OpenSSL/3/include -I/rds/bear-apps/2024a/EL8-ice/software/libgit2/1.8.1-GCCcore-13.3.0/include -I/rds/bear-apps/2024a/EL8-ice/software/Java/17.0.15/include -I/rds/bear-apps/2024a/EL8-ice/software/LibTIFF/4.6.0-GCCcore-13.3.0/include -I/rds/bear-apps/2024a/EL8-ice/software/libjpeg-turbo/3.0.1-GCCcore-13.3.0/include -I/rds/bear-apps/2024a/EL8-ice/software/libpng/1.6.43-GCCcore-13.3.0/include -I/rds/bear-apps/2024a/EL8-ice/software/PCRE2/10.43-GCCcore-13.3.0/include -I/rds/bear-apps/2024a/EL8-ice/software/SQLite/3.45.3-GCCcore-13.3.0/include -I/rds/bear-apps/2024a/EL8-ice/software/zlib/1.3.1-GCCcore-13.3.0/include -I/rds/bear-apps/2024a/EL8-ice/software/XZ/5.4.5-GCCcore-13.3.0/include -I/rds/bear-apps/2024a/EL8-ice/software/bzip2/1.0.8-GCCcore-13.3.0/include -I/rds/bear-apps/2024a/EL8-ice/software/ncurses/6.5-GCCcore-13.3.0/include -I/rds/bear-apps/2024a/EL8-ice/software/libreadline/8.2-GCCcore-13.3.0/include -I/rds/bear-apps/2024a/EL8-ice/software/cairo/1.18.0-GCCcore-13.3.0/include -I/rds/bear-apps/2024a/EL8-ice/software/libGLU/9.0.3-GCCcore-13.3.0/include -I/rds/bear-apps/2024a/EL8-ice/software/Mesa/24.1.3-GCCcore-13.3.0/include -I/rds/bear-apps/2024a/EL8-ice/software/X11/20240607-GCCcore-13.3.0/include -I/rds/bear-apps/2024a/EL8-ice/software/pkgconf/2.2.0-GCCcore-13.3.0/include -I/rds/bear-apps/2024a/EL8-ice/software/FFTW/3.3.10-GCC-13.3.0/include -I/rds/bear-apps/2024a/EL8-ice/software/FlexiBLAS/3.4.4-GCC-13.3.0/include -I/rds/bear-apps/2024a/EL8-ice/software/FlexiBLAS/3.4.4-GCC-13.3.0/include/flexiblas   -fvisibility=hidden -fpic  -O2 -ftree-vectorize -march=native -fno-math-errno  -c xxhash2.c -o xxhash2.o
gcc -std=gnu2x -shared -L/rds/bear-apps/2024a/EL8-ice/software/R/4.5.0-gfbf-2024a/lib64/R/lib -L/rds/bear-apps/2024a/EL8-ice/software/FriBidi/1.0.15-GCCcore-13.3.0/lib64 -L/rds/bear-apps/2024a/EL8-ice/software/FriBidi/1.0.15-GCCcore-13.3.0/lib -L/rds/bear-apps/2024a/EL8-ice/software/HarfBuzz/9.0.0-GCCcore-13.3.0/lib64 -L/rds/bear-apps/2024a/EL8-ice/software/HarfBuzz/9.0.0-GCCcore-13.3.0/lib -L/rds/bear-apps/2024a/EL8-ice/software/Tk/8.6.14-GCCcore-13.3.0/lib64 -L/rds/bear-apps/2024a/EL8-ice/software/Tk/8.6.14-GCCcore-13.3.0/lib -L/rds/bear-apps/2024a/EL8-ice/software/cURL/8.7.1-GCCcore-13.3.0/lib64 -L/rds/bear-apps/2024a/EL8-ice/software/cURL/8.7.1-GCCcore-13.3.0/lib -L/rds/bear-apps/2024a/EL8-ice/software/OpenSSL/3/lib64 -L/rds/bear-apps/2024a/EL8-ice/software/OpenSSL/3/lib -L/rds/bear-apps/2024a/EL8-ice/software/libgit2/1.8.1-GCCcore-13.3.0/lib64 -L/rds/bear-apps/2024a/EL8-ice/software/libgit2/1.8.1-GCCcore-13.3.0/lib -L/rds/bear-apps/2024a/EL8-ice/software/Java/17.0.15/lib64 -L/rds/bear-apps/2024a/EL8-ice/software/Java/17.0.15/lib -L/rds/bear-apps/2024a/EL8-ice/software/LibTIFF/4.6.0-GCCcore-13.3.0/lib64 -L/rds/bear-apps/2024a/EL8-ice/software/LibTIFF/4.6.0-GCCcore-13.3.0/lib -L/rds/bear-apps/2024a/EL8-ice/software/libjpeg-turbo/3.0.1-GCCcore-13.3.0/lib64 -L/rds/bear-apps/2024a/EL8-ice/software/libjpeg-turbo/3.0.1-GCCcore-13.3.0/lib -L/rds/bear-apps/2024a/EL8-ice/software/libpng/1.6.43-GCCcore-13.3.0/lib64 -L/rds/bear-apps/2024a/EL8-ice/software/libpng/1.6.43-GCCcore-13.3.0/lib -L/rds/bear-apps/2024a/EL8-ice/software/PCRE2/10.43-GCCcore-13.3.0/lib64 -L/rds/bear-apps/2024a/EL8-ice/software/PCRE2/10.43-GCCcore-13.3.0/lib -L/rds/bear-apps/2024a/EL8-ice/software/SQLite/3.45.3-GCCcore-13.3.0/lib64 -L/rds/bear-apps/2024a/EL8-ice/software/SQLite/3.45.3-GCCcore-13.3.0/lib -L/rds/bear-apps/2024a/EL8-ice/software/zlib/1.3.1-GCCcore-13.3.0/lib64 -L/rds/bear-apps/2024a/EL8-ice/software/zlib/1.3.1-GCCcore-13.3.0/lib -L/rds/bear-apps/2024a/EL8-ice/software/XZ/5.4.5-GCCcore-13.3.0/lib64 -L/rds/bear-apps/2024a/EL8-ice/software/XZ/5.4.5-GCCcore-13.3.0/lib -L/rds/bear-apps/2024a/EL8-ice/software/bzip2/1.0.8-GCCcore-13.3.0/lib64 -L/rds/bear-apps/2024a/EL8-ice/software/bzip2/1.0.8-GCCcore-13.3.0/lib -L/rds/bear-apps/2024a/EL8-ice/software/ncurses/6.5-GCCcore-13.3.0/lib64 -L/rds/bear-apps/2024a/EL8-ice/software/ncurses/6.5-GCCcore-13.3.0/lib -L/rds/bear-apps/2024a/EL8-ice/software/libreadline/8.2-GCCcore-13.3.0/lib64 -L/rds/bear-apps/2024a/EL8-ice/software/libreadline/8.2-GCCcore-13.3.0/lib -L/rds/bear-apps/2024a/EL8-ice/software/cairo/1.18.0-GCCcore-13.3.0/lib64 -L/rds/bear-apps/2024a/EL8-ice/software/cairo/1.18.0-GCCcore-13.3.0/lib -L/rds/bear-apps/2024a/EL8-ice/software/libGLU/9.0.3-GCCcore-13.3.0/lib64 -L/rds/bear-apps/2024a/EL8-ice/software/libGLU/9.0.3-GCCcore-13.3.0/lib -L/rds/bear-apps/2024a/EL8-ice/software/Mesa/24.1.3-GCCcore-13.3.0/lib64 -L/rds/bear-apps/2024a/EL8-ice/software/Mesa/24.1.3-GCCcore-13.3.0/lib -L/rds/bear-apps/2024a/EL8-ice/software/X11/20240607-GCCcore-13.3.0/lib64 -L/rds/bear-apps/2024a/EL8-ice/software/X11/20240607-GCCcore-13.3.0/lib -L/rds/bear-apps/2024a/EL8-ice/software/pkgconf/2.2.0-GCCcore-13.3.0/lib64 -L/rds/bear-apps/2024a/EL8-ice/software/pkgconf/2.2.0-GCCcore-13.3.0/lib -L/rds/bear-apps/2024a/EL8-ice/software/FFTW/3.3.10-GCC-13.3.0/lib64 -L/rds/bear-apps/2024a/EL8-ice/software/FFTW/3.3.10-GCC-13.3.0/lib -L/rds/bear-apps/2024a/EL8-ice/software/FlexiBLAS/3.4.4-GCC-13.3.0/lib64 -L/rds/bear-apps/2024a/EL8-ice/software/FlexiBLAS/3.4.4-GCC-13.3.0/lib -L/rds/bear-apps/2024a/EL8-ice/software/GCCcore/13.3.0/lib64 -L/rds/bear-apps/2024a/EL8-ice/software/GCCcore/13.3.0/lib -o cli.so ansi.o cleancall.o diff.o errors.o glue.o init.o inst.o keypress-unix.o keypress-win.o keypress.o md5.o progress-altrep.o progress.o sha1.o sha256.o thread.o tty.o utf8.o utils.o vt.o vtparse.o vtparse_table.o win-utf8.o winfiles.o xxhash.o xxhash2.o -lpthread -L/rds/bear-apps/2024a/EL8-ice/software/R/4.5.0-gfbf-2024a/lib64/R/lib -lR
make[1]: Leaving directory '/tmp/RtmpPnYWwF/R.INSTALLc12a8e00dd85/pak/src/library/cli/src'
installing to /rds/homes/a/axv209/R/library/4.5.0/EL8-ice/00LOCK-pak/00new/pak/library/cli/libs

Compiling curl 
Found pkg-config cflags and libs!
Using PKG_CFLAGS=
Using PKG_LIBS=-lcurl 
using C compiler: ‘gcc (GCC) 13.3.0’
make[1]: Entering directory '/tmp/RtmpPnYWwF/R.INSTALLc12a8e00dd85/pak/src/library/curl/src'
gcc -std=gnu2x -I"/rds/bear-apps/2024a/EL8-ice/software/R/4.5.0-gfbf-2024a/lib64/R/include" -DNDEBUG -DSTRICT_R_HEADERS -DR_NO_REMAP  -I/rds/bear-apps/2024a/EL8-ice/software/FriBidi/1.0.15-GCCcore-13.3.0/include -I/rds/bear-apps/2024a/EL8-ice/software/HarfBuzz/9.0.0-GCCcore-13.3.0/include -I/rds/bear-apps/2024a/EL8-ice/software/Tk/8.6.14-GCCcore-13.3.0/include -I/rds/bear-apps/2024a/EL8-ice/software/cURL/8.7.1-GCCcore-13.3.0/include -I/rds/bear-apps/2024a/EL8-ice/software/OpenSSL/3/include -I/rds/bear-apps/2024a/EL8-ice/software/libgit2/1.8.1-GCCcore-13.3.0/include -I/rds/bear-apps/2024a/EL8-ice/software/Java/17.0.15/include -I/rds/bear-apps/2024a/EL8-ice/software/LibTIFF/4.6.0-GCCcore-13.3.0/include -I/rds/bear-apps/2024a/EL8-ice/software/libjpeg-turbo/3.0.1-GCCcore-13.3.0/include -I/rds/bear-apps/2024a/EL8-ice/software/libpng/1.6.43-GCCcore-13.3.0/include -I/rds/bear-apps/2024a/EL8-ice/software/PCRE2/10.43-GCCcore-13.3.0/include -I/rds/bear-apps/2024a/EL8-ice/software/SQLite/3.45.3-GCCcore-13.3.0/include -I/rds/bear-apps/2024a/EL8-ice/software/zlib/1.3.1-GCCcore-13.3.0/include -I/rds/bear-apps/2024a/EL8-ice/software/XZ/5.4.5-GCCcore-13.3.0/include -I/rds/bear-apps/2024a/EL8-ice/software/bzip2/1.0.8-GCCcore-13.3.0/include -I/rds/bear-apps/2024a/EL8-ice/software/ncurses/6.5-GCCcore-13.3.0/include -I/rds/bear-apps/2024a/EL8-ice/software/libreadline/8.2-GCCcore-13.3.0/include -I/rds/bear-apps/2024a/EL8-ice/software/cairo/1.18.0-GCCcore-13.3.0/include -I/rds/bear-apps/2024a/EL8-ice/software/libGLU/9.0.3-GCCcore-13.3.0/include -I/rds/bear-apps/2024a/EL8-ice/software/Mesa/24.1.3-GCCcore-13.3.0/include -I/rds/bear-apps/2024a/EL8-ice/software/X11/20240607-GCCcore-13.3.0/include -I/rds/bear-apps/2024a/EL8-ice/software/pkgconf/2.2.0-GCCcore-13.3.0/include -I/rds/bear-apps/2024a/EL8-ice/software/FFTW/3.3.10-GCC-13.3.0/include -I/rds/bear-apps/2024a/EL8-ice/software/FlexiBLAS/3.4.4-GCC-13.3.0/include -I/rds/bear-apps/2024a/EL8-ice/software/FlexiBLAS/3.4.4-GCC-13.3.0/include/flexiblas   -fvisibility=hidden -fpic  -O2 -ftree-vectorize -march=native -fno-math-errno  -c callbacks.c -o callbacks.o
gcc -std=gnu2x -I"/rds/bear-apps/2024a/EL8-ice/software/R/4.5.0-gfbf-2024a/lib64/R/include" -DNDEBUG -DSTRICT_R_HEADERS -DR_NO_REMAP  -I/rds/bear-apps/2024a/EL8-ice/software/FriBidi/1.0.15-GCCcore-13.3.0/include -I/rds/bear-apps/2024a/EL8-ice/software/HarfBuzz/9.0.0-GCCcore-13.3.0/include -I/rds/bear-apps/2024a/EL8-ice/software/Tk/8.6.14-GCCcore-13.3.0/include -I/rds/bear-apps/2024a/EL8-ice/software/cURL/8.7.1-GCCcore-13.3.0/include -I/rds/bear-apps/2024a/EL8-ice/software/OpenSSL/3/include -I/rds/bear-apps/2024a/EL8-ice/software/libgit2/1.8.1-GCCcore-13.3.0/include -I/rds/bear-apps/2024a/EL8-ice/software/Java/17.0.15/include -I/rds/bear-apps/2024a/EL8-ice/software/LibTIFF/4.6.0-GCCcore-13.3.0/include -I/rds/bear-apps/2024a/EL8-ice/software/libjpeg-turbo/3.0.1-GCCcore-13.3.0/include -I/rds/bear-apps/2024a/EL8-ice/software/libpng/1.6.43-GCCcore-13.3.0/include -I/rds/bear-apps/2024a/EL8-ice/software/PCRE2/10.43-GCCcore-13.3.0/include -I/rds/bear-apps/2024a/EL8-ice/software/SQLite/3.45.3-GCCcore-13.3.0/include -I/rds/bear-apps/2024a/EL8-ice/software/zlib/1.3.1-GCCcore-13.3.0/include -I/rds/bear-apps/2024a/EL8-ice/software/XZ/5.4.5-GCCcore-13.3.0/include -I/rds/bear-apps/2024a/EL8-ice/software/bzip2/1.0.8-GCCcore-13.3.0/include -I/rds/bear-apps/2024a/EL8-ice/software/ncurses/6.5-GCCcore-13.3.0/include -I/rds/bear-apps/2024a/EL8-ice/software/libreadline/8.2-GCCcore-13.3.0/include -I/rds/bear-apps/2024a/EL8-ice/software/cairo/1.18.0-GCCcore-13.3.0/include -I/rds/bear-apps/2024a/EL8-ice/software/libGLU/9.0.3-GCCcore-13.3.0/include -I/rds/bear-apps/2024a/EL8-ice/software/Mesa/24.1.3-GCCcore-13.3.0/include -I/rds/bear-apps/2024a/EL8-ice/software/X11/20240607-GCCcore-13.3.0/include -I/rds/bear-apps/2024a/EL8-ice/software/pkgconf/2.2.0-GCCcore-13.3.0/include -I/rds/bear-apps/2024a/EL8-ice/software/FFTW/3.3.10-GCC-13.3.0/include -I/rds/bear-apps/2024a/EL8-ice/software/FlexiBLAS/3.4.4-GCC-13.3.0/include -I/rds/bear-apps/2024a/EL8-ice/software/FlexiBLAS/3.4.4-GCC-13.3.0/include/flexiblas   -fvisibility=hidden -fpic  -O2 -ftree-vectorize -march=native -fno-math-errno  -c curl.c -o curl.o
gcc -std=gnu2x -I"/rds/bear-apps/2024a/EL8-ice/software/R/4.5.0-gfbf-2024a/lib64/R/include" -DNDEBUG -DSTRICT_R_HEADERS -DR_NO_REMAP  -I/rds/bear-apps/2024a/EL8-ice/software/FriBidi/1.0.15-GCCcore-13.3.0/include -I/rds/bear-apps/2024a/EL8-ice/software/HarfBuzz/9.0.0-GCCcore-13.3.0/include -I/rds/bear-apps/2024a/EL8-ice/software/Tk/8.6.14-GCCcore-13.3.0/include -I/rds/bear-apps/2024a/EL8-ice/software/cURL/8.7.1-GCCcore-13.3.0/include -I/rds/bear-apps/2024a/EL8-ice/software/OpenSSL/3/include -I/rds/bear-apps/2024a/EL8-ice/software/libgit2/1.8.1-GCCcore-13.3.0/include -I/rds/bear-apps/2024a/EL8-ice/software/Java/17.0.15/include -I/rds/bear-apps/2024a/EL8-ice/software/LibTIFF/4.6.0-GCCcore-13.3.0/include -I/rds/bear-apps/2024a/EL8-ice/software/libjpeg-turbo/3.0.1-GCCcore-13.3.0/include -I/rds/bear-apps/2024a/EL8-ice/software/libpng/1.6.43-GCCcore-13.3.0/include -I/rds/bear-apps/2024a/EL8-ice/software/PCRE2/10.43-GCCcore-13.3.0/include -I/rds/bear-apps/2024a/EL8-ice/software/SQLite/3.45.3-GCCcore-13.3.0/include -I/rds/bear-apps/2024a/EL8-ice/software/zlib/1.3.1-GCCcore-13.3.0/include -I/rds/bear-apps/2024a/EL8-ice/software/XZ/5.4.5-GCCcore-13.3.0/include -I/rds/bear-apps/2024a/EL8-ice/software/bzip2/1.0.8-GCCcore-13.3.0/include -I/rds/bear-apps/2024a/EL8-ice/software/ncurses/6.5-GCCcore-13.3.0/include -I/rds/bear-apps/2024a/EL8-ice/software/libreadline/8.2-GCCcore-13.3.0/include -I/rds/bear-apps/2024a/EL8-ice/software/cairo/1.18.0-GCCcore-13.3.0/include -I/rds/bear-apps/2024a/EL8-ice/software/libGLU/9.0.3-GCCcore-13.3.0/include -I/rds/bear-apps/2024a/EL8-ice/software/Mesa/24.1.3-GCCcore-13.3.0/include -I/rds/bear-apps/2024a/EL8-ice/software/X11/20240607-GCCcore-13.3.0/include -I/rds/bear-apps/2024a/EL8-ice/software/pkgconf/2.2.0-GCCcore-13.3.0/include -I/rds/bear-apps/2024a/EL8-ice/software/FFTW/3.3.10-GCC-13.3.0/include -I/rds/bear-apps/2024a/EL8-ice/software/FlexiBLAS/3.4.4-GCC-13.3.0/include -I/rds/bear-apps/2024a/EL8-ice/software/FlexiBLAS/3.4.4-GCC-13.3.0/include/flexiblas   -fvisibility=hidden -fpic  -O2 -ftree-vectorize -march=native -fno-math-errno  -c download.c -o download.o
gcc -std=gnu2x -I"/rds/bear-apps/2024a/EL8-ice/software/R/4.5.0-gfbf-2024a/lib64/R/include" -DNDEBUG -DSTRICT_R_HEADERS -DR_NO_REMAP  -I/rds/bear-apps/2024a/EL8-ice/software/FriBidi/1.0.15-GCCcore-13.3.0/include -I/rds/bear-apps/2024a/EL8-ice/software/HarfBuzz/9.0.0-GCCcore-13.3.0/include -I/rds/bear-apps/2024a/EL8-ice/software/Tk/8.6.14-GCCcore-13.3.0/include -I/rds/bear-apps/2024a/EL8-ice/software/cURL/8.7.1-GCCcore-13.3.0/include -I/rds/bear-apps/2024a/EL8-ice/software/OpenSSL/3/include -I/rds/bear-apps/2024a/EL8-ice/software/libgit2/1.8.1-GCCcore-13.3.0/include -I/rds/bear-apps/2024a/EL8-ice/software/Java/17.0.15/include -I/rds/bear-apps/2024a/EL8-ice/software/LibTIFF/4.6.0-GCCcore-13.3.0/include -I/rds/bear-apps/2024a/EL8-ice/software/libjpeg-turbo/3.0.1-GCCcore-13.3.0/include -I/rds/bear-apps/2024a/EL8-ice/software/libpng/1.6.43-GCCcore-13.3.0/include -I/rds/bear-apps/2024a/EL8-ice/software/PCRE2/10.43-GCCcore-13.3.0/include -I/rds/bear-apps/2024a/EL8-ice/software/SQLite/3.45.3-GCCcore-13.3.0/include -I/rds/bear-apps/2024a/EL8-ice/software/zlib/1.3.1-GCCcore-13.3.0/include -I/rds/bear-apps/2024a/EL8-ice/software/XZ/5.4.5-GCCcore-13.3.0/include -I/rds/bear-apps/2024a/EL8-ice/software/bzip2/1.0.8-GCCcore-13.3.0/include -I/rds/bear-apps/2024a/EL8-ice/software/ncurses/6.5-GCCcore-13.3.0/include -I/rds/bear-apps/2024a/EL8-ice/software/libreadline/8.2-GCCcore-13.3.0/include -I/rds/bear-apps/2024a/EL8-ice/software/cairo/1.18.0-GCCcore-13.3.0/include -I/rds/bear-apps/2024a/EL8-ice/software/libGLU/9.0.3-GCCcore-13.3.0/include -I/rds/bear-apps/2024a/EL8-ice/software/Mesa/24.1.3-GCCcore-13.3.0/include -I/rds/bear-apps/2024a/EL8-ice/software/X11/20240607-GCCcore-13.3.0/include -I/rds/bear-apps/2024a/EL8-ice/software/pkgconf/2.2.0-GCCcore-13.3.0/include -I/rds/bear-apps/2024a/EL8-ice/software/FFTW/3.3.10-GCC-13.3.0/include -I/rds/bear-apps/2024a/EL8-ice/software/FlexiBLAS/3.4.4-GCC-13.3.0/include -I/rds/bear-apps/2024a/EL8-ice/software/FlexiBLAS/3.4.4-GCC-13.3.0/include/flexiblas   -fvisibility=hidden -fpic  -O2 -ftree-vectorize -march=native -fno-math-errno  -c dryrun.c -o dryrun.o
gcc -std=gnu2x -I"/rds/bear-apps/2024a/EL8-ice/software/R/4.5.0-gfbf-2024a/lib64/R/include" -DNDEBUG -DSTRICT_R_HEADERS -DR_NO_REMAP  -I/rds/bear-apps/2024a/EL8-ice/software/FriBidi/1.0.15-GCCcore-13.3.0/include -I/rds/bear-apps/2024a/EL8-ice/software/HarfBuzz/9.0.0-GCCcore-13.3.0/include -I/rds/bear-apps/2024a/EL8-ice/software/Tk/8.6.14-GCCcore-13.3.0/include -I/rds/bear-apps/2024a/EL8-ice/software/cURL/8.7.1-GCCcore-13.3.0/include -I/rds/bear-apps/2024a/EL8-ice/software/OpenSSL/3/include -I/rds/bear-apps/2024a/EL8-ice/software/libgit2/1.8.1-GCCcore-13.3.0/include -I/rds/bear-apps/2024a/EL8-ice/software/Java/17.0.15/include -I/rds/bear-apps/2024a/EL8-ice/software/LibTIFF/4.6.0-GCCcore-13.3.0/include -I/rds/bear-apps/2024a/EL8-ice/software/libjpeg-turbo/3.0.1-GCCcore-13.3.0/include -I/rds/bear-apps/2024a/EL8-ice/software/libpng/1.6.43-GCCcore-13.3.0/include -I/rds/bear-apps/2024a/EL8-ice/software/PCRE2/10.43-GCCcore-13.3.0/include -I/rds/bear-apps/2024a/EL8-ice/software/SQLite/3.45.3-GCCcore-13.3.0/include -I/rds/bear-apps/2024a/EL8-ice/software/zlib/1.3.1-GCCcore-13.3.0/include -I/rds/bear-apps/2024a/EL8-ice/software/XZ/5.4.5-GCCcore-13.3.0/include -I/rds/bear-apps/2024a/EL8-ice/software/bzip2/1.0.8-GCCcore-13.3.0/include -I/rds/bear-apps/2024a/EL8-ice/software/ncurses/6.5-GCCcore-13.3.0/include -I/rds/bear-apps/2024a/EL8-ice/software/libreadline/8.2-GCCcore-13.3.0/include -I/rds/bear-apps/2024a/EL8-ice/software/cairo/1.18.0-GCCcore-13.3.0/include -I/rds/bear-apps/2024a/EL8-ice/software/libGLU/9.0.3-GCCcore-13.3.0/include -I/rds/bear-apps/2024a/EL8-ice/software/Mesa/24.1.3-GCCcore-13.3.0/include -I/rds/bear-apps/2024a/EL8-ice/software/X11/20240607-GCCcore-13.3.0/include -I/rds/bear-apps/2024a/EL8-ice/software/pkgconf/2.2.0-GCCcore-13.3.0/include -I/rds/bear-apps/2024a/EL8-ice/software/FFTW/3.3.10-GCC-13.3.0/include -I/rds/bear-apps/2024a/EL8-ice/software/FlexiBLAS/3.4.4-GCC-13.3.0/include -I/rds/bear-apps/2024a/EL8-ice/software/FlexiBLAS/3.4.4-GCC-13.3.0/include/flexiblas   -fvisibility=hidden -fpic  -O2 -ftree-vectorize -march=native -fno-math-errno  -c escape.c -o escape.o
gcc -std=gnu2x -I"/rds/bear-apps/2024a/EL8-ice/software/R/4.5.0-gfbf-2024a/lib64/R/include" -DNDEBUG -DSTRICT_R_HEADERS -DR_NO_REMAP  -I/rds/bear-apps/2024a/EL8-ice/software/FriBidi/1.0.15-GCCcore-13.3.0/include -I/rds/bear-apps/2024a/EL8-ice/software/HarfBuzz/9.0.0-GCCcore-13.3.0/include -I/rds/bear-apps/2024a/EL8-ice/software/Tk/8.6.14-GCCcore-13.3.0/include -I/rds/bear-apps/2024a/EL8-ice/software/cURL/8.7.1-GCCcore-13.3.0/include -I/rds/bear-apps/2024a/EL8-ice/software/OpenSSL/3/include -I/rds/bear-apps/2024a/EL8-ice/software/libgit2/1.8.1-GCCcore-13.3.0/include -I/rds/bear-apps/2024a/EL8-ice/software/Java/17.0.15/include -I/rds/bear-apps/2024a/EL8-ice/software/LibTIFF/4.6.0-GCCcore-13.3.0/include -I/rds/bear-apps/2024a/EL8-ice/software/libjpeg-turbo/3.0.1-GCCcore-13.3.0/include -I/rds/bear-apps/2024a/EL8-ice/software/libpng/1.6.43-GCCcore-13.3.0/include -I/rds/bear-apps/2024a/EL8-ice/software/PCRE2/10.43-GCCcore-13.3.0/include -I/rds/bear-apps/2024a/EL8-ice/software/SQLite/3.45.3-GCCcore-13.3.0/include -I/rds/bear-apps/2024a/EL8-ice/software/zlib/1.3.1-GCCcore-13.3.0/include -I/rds/bear-apps/2024a/EL8-ice/software/XZ/5.4.5-GCCcore-13.3.0/include -I/rds/bear-apps/2024a/EL8-ice/software/bzip2/1.0.8-GCCcore-13.3.0/include -I/rds/bear-apps/2024a/EL8-ice/software/ncurses/6.5-GCCcore-13.3.0/include -I/rds/bear-apps/2024a/EL8-ice/software/libreadline/8.2-GCCcore-13.3.0/include -I/rds/bear-apps/2024a/EL8-ice/software/cairo/1.18.0-GCCcore-13.3.0/include -I/rds/bear-apps/2024a/EL8-ice/software/libGLU/9.0.3-GCCcore-13.3.0/include -I/rds/bear-apps/2024a/EL8-ice/software/Mesa/24.1.3-GCCcore-13.3.0/include -I/rds/bear-apps/2024a/EL8-ice/software/X11/20240607-GCCcore-13.3.0/include -I/rds/bear-apps/2024a/EL8-ice/software/pkgconf/2.2.0-GCCcore-13.3.0/include -I/rds/bear-apps/2024a/EL8-ice/software/FFTW/3.3.10-GCC-13.3.0/include -I/rds/bear-apps/2024a/EL8-ice/software/FlexiBLAS/3.4.4-GCC-13.3.0/include -I/rds/bear-apps/2024a/EL8-ice/software/FlexiBLAS/3.4.4-GCC-13.3.0/include/flexiblas   -fvisibility=hidden -fpic  -O2 -ftree-vectorize -march=native -fno-math-errno  -c fetch.c -o fetch.o
gcc -std=gnu2x -I"/rds/bear-apps/2024a/EL8-ice/software/R/4.5.0-gfbf-2024a/lib64/R/include" -DNDEBUG -DSTRICT_R_HEADERS -DR_NO_REMAP  -I/rds/bear-apps/2024a/EL8-ice/software/FriBidi/1.0.15-GCCcore-13.3.0/include -I/rds/bear-apps/2024a/EL8-ice/software/HarfBuzz/9.0.0-GCCcore-13.3.0/include -I/rds/bear-apps/2024a/EL8-ice/software/Tk/8.6.14-GCCcore-13.3.0/include -I/rds/bear-apps/2024a/EL8-ice/software/cURL/8.7.1-GCCcore-13.3.0/include -I/rds/bear-apps/2024a/EL8-ice/software/OpenSSL/3/include -I/rds/bear-apps/2024a/EL8-ice/software/libgit2/1.8.1-GCCcore-13.3.0/include -I/rds/bear-apps/2024a/EL8-ice/software/Java/17.0.15/include -I/rds/bear-apps/2024a/EL8-ice/software/LibTIFF/4.6.0-GCCcore-13.3.0/include -I/rds/bear-apps/2024a/EL8-ice/software/libjpeg-turbo/3.0.1-GCCcore-13.3.0/include -I/rds/bear-apps/2024a/EL8-ice/software/libpng/1.6.43-GCCcore-13.3.0/include -I/rds/bear-apps/2024a/EL8-ice/software/PCRE2/10.43-GCCcore-13.3.0/include -I/rds/bear-apps/2024a/EL8-ice/software/SQLite/3.45.3-GCCcore-13.3.0/include -I/rds/bear-apps/2024a/EL8-ice/software/zlib/1.3.1-GCCcore-13.3.0/include -I/rds/bear-apps/2024a/EL8-ice/software/XZ/5.4.5-GCCcore-13.3.0/include -I/rds/bear-apps/2024a/EL8-ice/software/bzip2/1.0.8-GCCcore-13.3.0/include -I/rds/bear-apps/2024a/EL8-ice/software/ncurses/6.5-GCCcore-13.3.0/include -I/rds/bear-apps/2024a/EL8-ice/software/libreadline/8.2-GCCcore-13.3.0/include -I/rds/bear-apps/2024a/EL8-ice/software/cairo/1.18.0-GCCcore-13.3.0/include -I/rds/bear-apps/2024a/EL8-ice/software/libGLU/9.0.3-GCCcore-13.3.0/include -I/rds/bear-apps/2024a/EL8-ice/software/Mesa/24.1.3-GCCcore-13.3.0/include -I/rds/bear-apps/2024a/EL8-ice/software/X11/20240607-GCCcore-13.3.0/include -I/rds/bear-apps/2024a/EL8-ice/software/pkgconf/2.2.0-GCCcore-13.3.0/include -I/rds/bear-apps/2024a/EL8-ice/software/FFTW/3.3.10-GCC-13.3.0/include -I/rds/bear-apps/2024a/EL8-ice/software/FlexiBLAS/3.4.4-GCC-13.3.0/include -I/rds/bear-apps/2024a/EL8-ice/software/FlexiBLAS/3.4.4-GCC-13.3.0/include/flexiblas   -fvisibility=hidden -fpic  -O2 -ftree-vectorize -march=native -fno-math-errno  -c findport.c -o findport.o
gcc -std=gnu2x -I"/rds/bear-apps/2024a/EL8-ice/software/R/4.5.0-gfbf-2024a/lib64/R/include" -DNDEBUG -DSTRICT_R_HEADERS -DR_NO_REMAP  -I/rds/bear-apps/2024a/EL8-ice/software/FriBidi/1.0.15-GCCcore-13.3.0/include -I/rds/bear-apps/2024a/EL8-ice/software/HarfBuzz/9.0.0-GCCcore-13.3.0/include -I/rds/bear-apps/2024a/EL8-ice/software/Tk/8.6.14-GCCcore-13.3.0/include -I/rds/bear-apps/2024a/EL8-ice/software/cURL/8.7.1-GCCcore-13.3.0/include -I/rds/bear-apps/2024a/EL8-ice/software/OpenSSL/3/include -I/rds/bear-apps/2024a/EL8-ice/software/libgit2/1.8.1-GCCcore-13.3.0/include -I/rds/bear-apps/2024a/EL8-ice/software/Java/17.0.15/include -I/rds/bear-apps/2024a/EL8-ice/software/LibTIFF/4.6.0-GCCcore-13.3.0/include -I/rds/bear-apps/2024a/EL8-ice/software/libjpeg-turbo/3.0.1-GCCcore-13.3.0/include -I/rds/bear-apps/2024a/EL8-ice/software/libpng/1.6.43-GCCcore-13.3.0/include -I/rds/bear-apps/2024a/EL8-ice/software/PCRE2/10.43-GCCcore-13.3.0/include -I/rds/bear-apps/2024a/EL8-ice/software/SQLite/3.45.3-GCCcore-13.3.0/include -I/rds/bear-apps/2024a/EL8-ice/software/zlib/1.3.1-GCCcore-13.3.0/include -I/rds/bear-apps/2024a/EL8-ice/software/XZ/5.4.5-GCCcore-13.3.0/include -I/rds/bear-apps/2024a/EL8-ice/software/bzip2/1.0.8-GCCcore-13.3.0/include -I/rds/bear-apps/2024a/EL8-ice/software/ncurses/6.5-GCCcore-13.3.0/include -I/rds/bear-apps/2024a/EL8-ice/software/libreadline/8.2-GCCcore-13.3.0/include -I/rds/bear-apps/2024a/EL8-ice/software/cairo/1.18.0-GCCcore-13.3.0/include -I/rds/bear-apps/2024a/EL8-ice/software/libGLU/9.0.3-GCCcore-13.3.0/include -I/rds/bear-apps/2024a/EL8-ice/software/Mesa/24.1.3-GCCcore-13.3.0/include -I/rds/bear-apps/2024a/EL8-ice/software/X11/20240607-GCCcore-13.3.0/include -I/rds/bear-apps/2024a/EL8-ice/software/pkgconf/2.2.0-GCCcore-13.3.0/include -I/rds/bear-apps/2024a/EL8-ice/software/FFTW/3.3.10-GCC-13.3.0/include -I/rds/bear-apps/2024a/EL8-ice/software/FlexiBLAS/3.4.4-GCC-13.3.0/include -I/rds/bear-apps/2024a/EL8-ice/software/FlexiBLAS/3.4.4-GCC-13.3.0/include/flexiblas   -fvisibility=hidden -fpic  -O2 -ftree-vectorize -march=native -fno-math-errno  -c form.c -o form.o
gcc -std=gnu2x -I"/rds/bear-apps/2024a/EL8-ice/software/R/4.5.0-gfbf-2024a/lib64/R/include" -DNDEBUG -DSTRICT_R_HEADERS -DR_NO_REMAP  -I/rds/bear-apps/2024a/EL8-ice/software/FriBidi/1.0.15-GCCcore-13.3.0/include -I/rds/bear-apps/2024a/EL8-ice/software/HarfBuzz/9.0.0-GCCcore-13.3.0/include -I/rds/bear-apps/2024a/EL8-ice/software/Tk/8.6.14-GCCcore-13.3.0/include -I/rds/bear-apps/2024a/EL8-ice/software/cURL/8.7.1-GCCcore-13.3.0/include -I/rds/bear-apps/2024a/EL8-ice/software/OpenSSL/3/include -I/rds/bear-apps/2024a/EL8-ice/software/libgit2/1.8.1-GCCcore-13.3.0/include -I/rds/bear-apps/2024a/EL8-ice/software/Java/17.0.15/include -I/rds/bear-apps/2024a/EL8-ice/software/LibTIFF/4.6.0-GCCcore-13.3.0/include -I/rds/bear-apps/2024a/EL8-ice/software/libjpeg-turbo/3.0.1-GCCcore-13.3.0/include -I/rds/bear-apps/2024a/EL8-ice/software/libpng/1.6.43-GCCcore-13.3.0/include -I/rds/bear-apps/2024a/EL8-ice/software/PCRE2/10.43-GCCcore-13.3.0/include -I/rds/bear-apps/2024a/EL8-ice/software/SQLite/3.45.3-GCCcore-13.3.0/include -I/rds/bear-apps/2024a/EL8-ice/software/zlib/1.3.1-GCCcore-13.3.0/include -I/rds/bear-apps/2024a/EL8-ice/software/XZ/5.4.5-GCCcore-13.3.0/include -I/rds/bear-apps/2024a/EL8-ice/software/bzip2/1.0.8-GCCcore-13.3.0/include -I/rds/bear-apps/2024a/EL8-ice/software/ncurses/6.5-GCCcore-13.3.0/include -I/rds/bear-apps/2024a/EL8-ice/software/libreadline/8.2-GCCcore-13.3.0/include -I/rds/bear-apps/2024a/EL8-ice/software/cairo/1.18.0-GCCcore-13.3.0/include -I/rds/bear-apps/2024a/EL8-ice/software/libGLU/9.0.3-GCCcore-13.3.0/include -I/rds/bear-apps/2024a/EL8-ice/software/Mesa/24.1.3-GCCcore-13.3.0/include -I/rds/bear-apps/2024a/EL8-ice/software/X11/20240607-GCCcore-13.3.0/include -I/rds/bear-apps/2024a/EL8-ice/software/pkgconf/2.2.0-GCCcore-13.3.0/include -I/rds/bear-apps/2024a/EL8-ice/software/FFTW/3.3.10-GCC-13.3.0/include -I/rds/bear-apps/2024a/EL8-ice/software/FlexiBLAS/3.4.4-GCC-13.3.0/include -I/rds/bear-apps/2024a/EL8-ice/software/FlexiBLAS/3.4.4-GCC-13.3.0/include/flexiblas   -fvisibility=hidden -fpic  -O2 -ftree-vectorize -march=native -fno-math-errno  -c getdate.c -o getdate.o
gcc -std=gnu2x -I"/rds/bear-apps/2024a/EL8-ice/software/R/4.5.0-gfbf-2024a/lib64/R/include" -DNDEBUG -DSTRICT_R_HEADERS -DR_NO_REMAP  -I/rds/bear-apps/2024a/EL8-ice/software/FriBidi/1.0.15-GCCcore-13.3.0/include -I/rds/bear-apps/2024a/EL8-ice/software/HarfBuzz/9.0.0-GCCcore-13.3.0/include -I/rds/bear-apps/2024a/EL8-ice/software/Tk/8.6.14-GCCcore-13.3.0/include -I/rds/bear-apps/2024a/EL8-ice/software/cURL/8.7.1-GCCcore-13.3.0/include -I/rds/bear-apps/2024a/EL8-ice/software/OpenSSL/3/include -I/rds/bear-apps/2024a/EL8-ice/software/libgit2/1.8.1-GCCcore-13.3.0/include -I/rds/bear-apps/2024a/EL8-ice/software/Java/17.0.15/include -I/rds/bear-apps/2024a/EL8-ice/software/LibTIFF/4.6.0-GCCcore-13.3.0/include -I/rds/bear-apps/2024a/EL8-ice/software/libjpeg-turbo/3.0.1-GCCcore-13.3.0/include -I/rds/bear-apps/2024a/EL8-ice/software/libpng/1.6.43-GCCcore-13.3.0/include -I/rds/bear-apps/2024a/EL8-ice/software/PCRE2/10.43-GCCcore-13.3.0/include -I/rds/bear-apps/2024a/EL8-ice/software/SQLite/3.45.3-GCCcore-13.3.0/include -I/rds/bear-apps/2024a/EL8-ice/software/zlib/1.3.1-GCCcore-13.3.0/include -I/rds/bear-apps/2024a/EL8-ice/software/XZ/5.4.5-GCCcore-13.3.0/include -I/rds/bear-apps/2024a/EL8-ice/software/bzip2/1.0.8-GCCcore-13.3.0/include -I/rds/bear-apps/2024a/EL8-ice/software/ncurses/6.5-GCCcore-13.3.0/include -I/rds/bear-apps/2024a/EL8-ice/software/libreadline/8.2-GCCcore-13.3.0/include -I/rds/bear-apps/2024a/EL8-ice/software/cairo/1.18.0-GCCcore-13.3.0/include -I/rds/bear-apps/2024a/EL8-ice/software/libGLU/9.0.3-GCCcore-13.3.0/include -I/rds/bear-apps/2024a/EL8-ice/software/Mesa/24.1.3-GCCcore-13.3.0/include -I/rds/bear-apps/2024a/EL8-ice/software/X11/20240607-GCCcore-13.3.0/include -I/rds/bear-apps/2024a/EL8-ice/software/pkgconf/2.2.0-GCCcore-13.3.0/include -I/rds/bear-apps/2024a/EL8-ice/software/FFTW/3.3.10-GCC-13.3.0/include -I/rds/bear-apps/2024a/EL8-ice/software/FlexiBLAS/3.4.4-GCC-13.3.0/include -I/rds/bear-apps/2024a/EL8-ice/software/FlexiBLAS/3.4.4-GCC-13.3.0/include/flexiblas   -fvisibility=hidden -fpic  -O2 -ftree-vectorize -march=native -fno-math-errno  -c handle.c -o handle.o
gcc -std=gnu2x -I"/rds/bear-apps/2024a/EL8-ice/software/R/4.5.0-gfbf-2024a/lib64/R/include" -DNDEBUG -DSTRICT_R_HEADERS -DR_NO_REMAP  -I/rds/bear-apps/2024a/EL8-ice/software/FriBidi/1.0.15-GCCcore-13.3.0/include -I/rds/bear-apps/2024a/EL8-ice/software/HarfBuzz/9.0.0-GCCcore-13.3.0/include -I/rds/bear-apps/2024a/EL8-ice/software/Tk/8.6.14-GCCcore-13.3.0/include -I/rds/bear-apps/2024a/EL8-ice/software/cURL/8.7.1-GCCcore-13.3.0/include -I/rds/bear-apps/2024a/EL8-ice/software/OpenSSL/3/include -I/rds/bear-apps/2024a/EL8-ice/software/libgit2/1.8.1-GCCcore-13.3.0/include -I/rds/bear-apps/2024a/EL8-ice/software/Java/17.0.15/include -I/rds/bear-apps/2024a/EL8-ice/software/LibTIFF/4.6.0-GCCcore-13.3.0/include -I/rds/bear-apps/2024a/EL8-ice/software/libjpeg-turbo/3.0.1-GCCcore-13.3.0/include -I/rds/bear-apps/2024a/EL8-ice/software/libpng/1.6.43-GCCcore-13.3.0/include -I/rds/bear-apps/2024a/EL8-ice/software/PCRE2/10.43-GCCcore-13.3.0/include -I/rds/bear-apps/2024a/EL8-ice/software/SQLite/3.45.3-GCCcore-13.3.0/include -I/rds/bear-apps/2024a/EL8-ice/software/zlib/1.3.1-GCCcore-13.3.0/include -I/rds/bear-apps/2024a/EL8-ice/software/XZ/5.4.5-GCCcore-13.3.0/include -I/rds/bear-apps/2024a/EL8-ice/software/bzip2/1.0.8-GCCcore-13.3.0/include -I/rds/bear-apps/2024a/EL8-ice/software/ncurses/6.5-GCCcore-13.3.0/include -I/rds/bear-apps/2024a/EL8-ice/software/libreadline/8.2-GCCcore-13.3.0/include -I/rds/bear-apps/2024a/EL8-ice/software/cairo/1.18.0-GCCcore-13.3.0/include -I/rds/bear-apps/2024a/EL8-ice/software/libGLU/9.0.3-GCCcore-13.3.0/include -I/rds/bear-apps/2024a/EL8-ice/software/Mesa/24.1.3-GCCcore-13.3.0/include -I/rds/bear-apps/2024a/EL8-ice/software/X11/20240607-GCCcore-13.3.0/include -I/rds/bear-apps/2024a/EL8-ice/software/pkgconf/2.2.0-GCCcore-13.3.0/include -I/rds/bear-apps/2024a/EL8-ice/software/FFTW/3.3.10-GCC-13.3.0/include -I/rds/bear-apps/2024a/EL8-ice/software/FlexiBLAS/3.4.4-GCC-13.3.0/include -I/rds/bear-apps/2024a/EL8-ice/software/FlexiBLAS/3.4.4-GCC-13.3.0/include/flexiblas   -fvisibility=hidden -fpic  -O2 -ftree-vectorize -march=native -fno-math-errno  -c ieproxy.c -o ieproxy.o
gcc -std=gnu2x -I"/rds/bear-apps/2024a/EL8-ice/software/R/4.5.0-gfbf-2024a/lib64/R/include" -DNDEBUG -DSTRICT_R_HEADERS -DR_NO_REMAP  -I/rds/bear-apps/2024a/EL8-ice/software/FriBidi/1.0.15-GCCcore-13.3.0/include -I/rds/bear-apps/2024a/EL8-ice/software/HarfBuzz/9.0.0-GCCcore-13.3.0/include -I/rds/bear-apps/2024a/EL8-ice/software/Tk/8.6.14-GCCcore-13.3.0/include -I/rds/bear-apps/2024a/EL8-ice/software/cURL/8.7.1-GCCcore-13.3.0/include -I/rds/bear-apps/2024a/EL8-ice/software/OpenSSL/3/include -I/rds/bear-apps/2024a/EL8-ice/software/libgit2/1.8.1-GCCcore-13.3.0/include -I/rds/bear-apps/2024a/EL8-ice/software/Java/17.0.15/include -I/rds/bear-apps/2024a/EL8-ice/software/LibTIFF/4.6.0-GCCcore-13.3.0/include -I/rds/bear-apps/2024a/EL8-ice/software/libjpeg-turbo/3.0.1-GCCcore-13.3.0/include -I/rds/bear-apps/2024a/EL8-ice/software/libpng/1.6.43-GCCcore-13.3.0/include -I/rds/bear-apps/2024a/EL8-ice/software/PCRE2/10.43-GCCcore-13.3.0/include -I/rds/bear-apps/2024a/EL8-ice/software/SQLite/3.45.3-GCCcore-13.3.0/include -I/rds/bear-apps/2024a/EL8-ice/software/zlib/1.3.1-GCCcore-13.3.0/include -I/rds/bear-apps/2024a/EL8-ice/software/XZ/5.4.5-GCCcore-13.3.0/include -I/rds/bear-apps/2024a/EL8-ice/software/bzip2/1.0.8-GCCcore-13.3.0/include -I/rds/bear-apps/2024a/EL8-ice/software/ncurses/6.5-GCCcore-13.3.0/include -I/rds/bear-apps/2024a/EL8-ice/software/libreadline/8.2-GCCcore-13.3.0/include -I/rds/bear-apps/2024a/EL8-ice/software/cairo/1.18.0-GCCcore-13.3.0/include -I/rds/bear-apps/2024a/EL8-ice/software/libGLU/9.0.3-GCCcore-13.3.0/include -I/rds/bear-apps/2024a/EL8-ice/software/Mesa/24.1.3-GCCcore-13.3.0/include -I/rds/bear-apps/2024a/EL8-ice/software/X11/20240607-GCCcore-13.3.0/include -I/rds/bear-apps/2024a/EL8-ice/software/pkgconf/2.2.0-GCCcore-13.3.0/include -I/rds/bear-apps/2024a/EL8-ice/software/FFTW/3.3.10-GCC-13.3.0/include -I/rds/bear-apps/2024a/EL8-ice/software/FlexiBLAS/3.4.4-GCC-13.3.0/include -I/rds/bear-apps/2024a/EL8-ice/software/FlexiBLAS/3.4.4-GCC-13.3.0/include/flexiblas   -fvisibility=hidden -fpic  -O2 -ftree-vectorize -march=native -fno-math-errno  -c init.c -o init.o
gcc -std=gnu2x -I"/rds/bear-apps/2024a/EL8-ice/software/R/4.5.0-gfbf-2024a/lib64/R/include" -DNDEBUG -DSTRICT_R_HEADERS -DR_NO_REMAP  -I/rds/bear-apps/2024a/EL8-ice/software/FriBidi/1.0.15-GCCcore-13.3.0/include -I/rds/bear-apps/2024a/EL8-ice/software/HarfBuzz/9.0.0-GCCcore-13.3.0/include -I/rds/bear-apps/2024a/EL8-ice/software/Tk/8.6.14-GCCcore-13.3.0/include -I/rds/bear-apps/2024a/EL8-ice/software/cURL/8.7.1-GCCcore-13.3.0/include -I/rds/bear-apps/2024a/EL8-ice/software/OpenSSL/3/include -I/rds/bear-apps/2024a/EL8-ice/software/libgit2/1.8.1-GCCcore-13.3.0/include -I/rds/bear-apps/2024a/EL8-ice/software/Java/17.0.15/include -I/rds/bear-apps/2024a/EL8-ice/software/LibTIFF/4.6.0-GCCcore-13.3.0/include -I/rds/bear-apps/2024a/EL8-ice/software/libjpeg-turbo/3.0.1-GCCcore-13.3.0/include -I/rds/bear-apps/2024a/EL8-ice/software/libpng/1.6.43-GCCcore-13.3.0/include -I/rds/bear-apps/2024a/EL8-ice/software/PCRE2/10.43-GCCcore-13.3.0/include -I/rds/bear-apps/2024a/EL8-ice/software/SQLite/3.45.3-GCCcore-13.3.0/include -I/rds/bear-apps/2024a/EL8-ice/software/zlib/1.3.1-GCCcore-13.3.0/include -I/rds/bear-apps/2024a/EL8-ice/software/XZ/5.4.5-GCCcore-13.3.0/include -I/rds/bear-apps/2024a/EL8-ice/software/bzip2/1.0.8-GCCcore-13.3.0/include -I/rds/bear-apps/2024a/EL8-ice/software/ncurses/6.5-GCCcore-13.3.0/include -I/rds/bear-apps/2024a/EL8-ice/software/libreadline/8.2-GCCcore-13.3.0/include -I/rds/bear-apps/2024a/EL8-ice/software/cairo/1.18.0-GCCcore-13.3.0/include -I/rds/bear-apps/2024a/EL8-ice/software/libGLU/9.0.3-GCCcore-13.3.0/include -I/rds/bear-apps/2024a/EL8-ice/software/Mesa/24.1.3-GCCcore-13.3.0/include -I/rds/bear-apps/2024a/EL8-ice/software/X11/20240607-GCCcore-13.3.0/include -I/rds/bear-apps/2024a/EL8-ice/software/pkgconf/2.2.0-GCCcore-13.3.0/include -I/rds/bear-apps/2024a/EL8-ice/software/FFTW/3.3.10-GCC-13.3.0/include -I/rds/bear-apps/2024a/EL8-ice/software/FlexiBLAS/3.4.4-GCC-13.3.0/include -I/rds/bear-apps/2024a/EL8-ice/software/FlexiBLAS/3.4.4-GCC-13.3.0/include/flexiblas   -fvisibility=hidden -fpic  -O2 -ftree-vectorize -march=native -fno-math-errno  -c interrupt.c -o interrupt.o
gcc -std=gnu2x -I"/rds/bear-apps/2024a/EL8-ice/software/R/4.5.0-gfbf-2024a/lib64/R/include" -DNDEBUG -DSTRICT_R_HEADERS -DR_NO_REMAP  -I/rds/bear-apps/2024a/EL8-ice/software/FriBidi/1.0.15-GCCcore-13.3.0/include -I/rds/bear-apps/2024a/EL8-ice/software/HarfBuzz/9.0.0-GCCcore-13.3.0/include -I/rds/bear-apps/2024a/EL8-ice/software/Tk/8.6.14-GCCcore-13.3.0/include -I/rds/bear-apps/2024a/EL8-ice/software/cURL/8.7.1-GCCcore-13.3.0/include -I/rds/bear-apps/2024a/EL8-ice/software/OpenSSL/3/include -I/rds/bear-apps/2024a/EL8-ice/software/libgit2/1.8.1-GCCcore-13.3.0/include -I/rds/bear-apps/2024a/EL8-ice/software/Java/17.0.15/include -I/rds/bear-apps/2024a/EL8-ice/software/LibTIFF/4.6.0-GCCcore-13.3.0/include -I/rds/bear-apps/2024a/EL8-ice/software/libjpeg-turbo/3.0.1-GCCcore-13.3.0/include -I/rds/bear-apps/2024a/EL8-ice/software/libpng/1.6.43-GCCcore-13.3.0/include -I/rds/bear-apps/2024a/EL8-ice/software/PCRE2/10.43-GCCcore-13.3.0/include -I/rds/bear-apps/2024a/EL8-ice/software/SQLite/3.45.3-GCCcore-13.3.0/include -I/rds/bear-apps/2024a/EL8-ice/software/zlib/1.3.1-GCCcore-13.3.0/include -I/rds/bear-apps/2024a/EL8-ice/software/XZ/5.4.5-GCCcore-13.3.0/include -I/rds/bear-apps/2024a/EL8-ice/software/bzip2/1.0.8-GCCcore-13.3.0/include -I/rds/bear-apps/2024a/EL8-ice/software/ncurses/6.5-GCCcore-13.3.0/include -I/rds/bear-apps/2024a/EL8-ice/software/libreadline/8.2-GCCcore-13.3.0/include -I/rds/bear-apps/2024a/EL8-ice/software/cairo/1.18.0-GCCcore-13.3.0/include -I/rds/bear-apps/2024a/EL8-ice/software/libGLU/9.0.3-GCCcore-13.3.0/include -I/rds/bear-apps/2024a/EL8-ice/software/Mesa/24.1.3-GCCcore-13.3.0/include -I/rds/bear-apps/2024a/EL8-ice/software/X11/20240607-GCCcore-13.3.0/include -I/rds/bear-apps/2024a/EL8-ice/software/pkgconf/2.2.0-GCCcore-13.3.0/include -I/rds/bear-apps/2024a/EL8-ice/software/FFTW/3.3.10-GCC-13.3.0/include -I/rds/bear-apps/2024a/EL8-ice/software/FlexiBLAS/3.4.4-GCC-13.3.0/include -I/rds/bear-apps/2024a/EL8-ice/software/FlexiBLAS/3.4.4-GCC-13.3.0/include/flexiblas   -fvisibility=hidden -fpic  -O2 -ftree-vectorize -march=native -fno-math-errno  -c multi.c -o multi.o
gcc -std=gnu2x -I"/rds/bear-apps/2024a/EL8-ice/software/R/4.5.0-gfbf-2024a/lib64/R/include" -DNDEBUG -DSTRICT_R_HEADERS -DR_NO_REMAP  -I/rds/bear-apps/2024a/EL8-ice/software/FriBidi/1.0.15-GCCcore-13.3.0/include -I/rds/bear-apps/2024a/EL8-ice/software/HarfBuzz/9.0.0-GCCcore-13.3.0/include -I/rds/bear-apps/2024a/EL8-ice/software/Tk/8.6.14-GCCcore-13.3.0/include -I/rds/bear-apps/2024a/EL8-ice/software/cURL/8.7.1-GCCcore-13.3.0/include -I/rds/bear-apps/2024a/EL8-ice/software/OpenSSL/3/include -I/rds/bear-apps/2024a/EL8-ice/software/libgit2/1.8.1-GCCcore-13.3.0/include -I/rds/bear-apps/2024a/EL8-ice/software/Java/17.0.15/include -I/rds/bear-apps/2024a/EL8-ice/software/LibTIFF/4.6.0-GCCcore-13.3.0/include -I/rds/bear-apps/2024a/EL8-ice/software/libjpeg-turbo/3.0.1-GCCcore-13.3.0/include -I/rds/bear-apps/2024a/EL8-ice/software/libpng/1.6.43-GCCcore-13.3.0/include -I/rds/bear-apps/2024a/EL8-ice/software/PCRE2/10.43-GCCcore-13.3.0/include -I/rds/bear-apps/2024a/EL8-ice/software/SQLite/3.45.3-GCCcore-13.3.0/include -I/rds/bear-apps/2024a/EL8-ice/software/zlib/1.3.1-GCCcore-13.3.0/include -I/rds/bear-apps/2024a/EL8-ice/software/XZ/5.4.5-GCCcore-13.3.0/include -I/rds/bear-apps/2024a/EL8-ice/software/bzip2/1.0.8-GCCcore-13.3.0/include -I/rds/bear-apps/2024a/EL8-ice/software/ncurses/6.5-GCCcore-13.3.0/include -I/rds/bear-apps/2024a/EL8-ice/software/libreadline/8.2-GCCcore-13.3.0/include -I/rds/bear-apps/2024a/EL8-ice/software/cairo/1.18.0-GCCcore-13.3.0/include -I/rds/bear-apps/2024a/EL8-ice/software/libGLU/9.0.3-GCCcore-13.3.0/include -I/rds/bear-apps/2024a/EL8-ice/software/Mesa/24.1.3-GCCcore-13.3.0/include -I/rds/bear-apps/2024a/EL8-ice/software/X11/20240607-GCCcore-13.3.0/include -I/rds/bear-apps/2024a/EL8-ice/software/pkgconf/2.2.0-GCCcore-13.3.0/include -I/rds/bear-apps/2024a/EL8-ice/software/FFTW/3.3.10-GCC-13.3.0/include -I/rds/bear-apps/2024a/EL8-ice/software/FlexiBLAS/3.4.4-GCC-13.3.0/include -I/rds/bear-apps/2024a/EL8-ice/software/FlexiBLAS/3.4.4-GCC-13.3.0/include/flexiblas   -fvisibility=hidden -fpic  -O2 -ftree-vectorize -march=native -fno-math-errno  -c nslookup.c -o nslookup.o
gcc -std=gnu2x -I"/rds/bear-apps/2024a/EL8-ice/software/R/4.5.0-gfbf-2024a/lib64/R/include" -DNDEBUG -DSTRICT_R_HEADERS -DR_NO_REMAP  -I/rds/bear-apps/2024a/EL8-ice/software/FriBidi/1.0.15-GCCcore-13.3.0/include -I/rds/bear-apps/2024a/EL8-ice/software/HarfBuzz/9.0.0-GCCcore-13.3.0/include -I/rds/bear-apps/2024a/EL8-ice/software/Tk/8.6.14-GCCcore-13.3.0/include -I/rds/bear-apps/2024a/EL8-ice/software/cURL/8.7.1-GCCcore-13.3.0/include -I/rds/bear-apps/2024a/EL8-ice/software/OpenSSL/3/include -I/rds/bear-apps/2024a/EL8-ice/software/libgit2/1.8.1-GCCcore-13.3.0/include -I/rds/bear-apps/2024a/EL8-ice/software/Java/17.0.15/include -I/rds/bear-apps/2024a/EL8-ice/software/LibTIFF/4.6.0-GCCcore-13.3.0/include -I/rds/bear-apps/2024a/EL8-ice/software/libjpeg-turbo/3.0.1-GCCcore-13.3.0/include -I/rds/bear-apps/2024a/EL8-ice/software/libpng/1.6.43-GCCcore-13.3.0/include -I/rds/bear-apps/2024a/EL8-ice/software/PCRE2/10.43-GCCcore-13.3.0/include -I/rds/bear-apps/2024a/EL8-ice/software/SQLite/3.45.3-GCCcore-13.3.0/include -I/rds/bear-apps/2024a/EL8-ice/software/zlib/1.3.1-GCCcore-13.3.0/include -I/rds/bear-apps/2024a/EL8-ice/software/XZ/5.4.5-GCCcore-13.3.0/include -I/rds/bear-apps/2024a/EL8-ice/software/bzip2/1.0.8-GCCcore-13.3.0/include -I/rds/bear-apps/2024a/EL8-ice/software/ncurses/6.5-GCCcore-13.3.0/include -I/rds/bear-apps/2024a/EL8-ice/software/libreadline/8.2-GCCcore-13.3.0/include -I/rds/bear-apps/2024a/EL8-ice/software/cairo/1.18.0-GCCcore-13.3.0/include -I/rds/bear-apps/2024a/EL8-ice/software/libGLU/9.0.3-GCCcore-13.3.0/include -I/rds/bear-apps/2024a/EL8-ice/software/Mesa/24.1.3-GCCcore-13.3.0/include -I/rds/bear-apps/2024a/EL8-ice/software/X11/20240607-GCCcore-13.3.0/include -I/rds/bear-apps/2024a/EL8-ice/software/pkgconf/2.2.0-GCCcore-13.3.0/include -I/rds/bear-apps/2024a/EL8-ice/software/FFTW/3.3.10-GCC-13.3.0/include -I/rds/bear-apps/2024a/EL8-ice/software/FlexiBLAS/3.4.4-GCC-13.3.0/include -I/rds/bear-apps/2024a/EL8-ice/software/FlexiBLAS/3.4.4-GCC-13.3.0/include/flexiblas   -fvisibility=hidden -fpic  -O2 -ftree-vectorize -march=native -fno-math-errno  -c options.c -o options.o
gcc -std=gnu2x -I"/rds/bear-apps/2024a/EL8-ice/software/R/4.5.0-gfbf-2024a/lib64/R/include" -DNDEBUG -DSTRICT_R_HEADERS -DR_NO_REMAP  -I/rds/bear-apps/2024a/EL8-ice/software/FriBidi/1.0.15-GCCcore-13.3.0/include -I/rds/bear-apps/2024a/EL8-ice/software/HarfBuzz/9.0.0-GCCcore-13.3.0/include -I/rds/bear-apps/2024a/EL8-ice/software/Tk/8.6.14-GCCcore-13.3.0/include -I/rds/bear-apps/2024a/EL8-ice/software/cURL/8.7.1-GCCcore-13.3.0/include -I/rds/bear-apps/2024a/EL8-ice/software/OpenSSL/3/include -I/rds/bear-apps/2024a/EL8-ice/software/libgit2/1.8.1-GCCcore-13.3.0/include -I/rds/bear-apps/2024a/EL8-ice/software/Java/17.0.15/include -I/rds/bear-apps/2024a/EL8-ice/software/LibTIFF/4.6.0-GCCcore-13.3.0/include -I/rds/bear-apps/2024a/EL8-ice/software/libjpeg-turbo/3.0.1-GCCcore-13.3.0/include -I/rds/bear-apps/2024a/EL8-ice/software/libpng/1.6.43-GCCcore-13.3.0/include -I/rds/bear-apps/2024a/EL8-ice/software/PCRE2/10.43-GCCcore-13.3.0/include -I/rds/bear-apps/2024a/EL8-ice/software/SQLite/3.45.3-GCCcore-13.3.0/include -I/rds/bear-apps/2024a/EL8-ice/software/zlib/1.3.1-GCCcore-13.3.0/include -I/rds/bear-apps/2024a/EL8-ice/software/XZ/5.4.5-GCCcore-13.3.0/include -I/rds/bear-apps/2024a/EL8-ice/software/bzip2/1.0.8-GCCcore-13.3.0/include -I/rds/bear-apps/2024a/EL8-ice/software/ncurses/6.5-GCCcore-13.3.0/include -I/rds/bear-apps/2024a/EL8-ice/software/libreadline/8.2-GCCcore-13.3.0/include -I/rds/bear-apps/2024a/EL8-ice/software/cairo/1.18.0-GCCcore-13.3.0/include -I/rds/bear-apps/2024a/EL8-ice/software/libGLU/9.0.3-GCCcore-13.3.0/include -I/rds/bear-apps/2024a/EL8-ice/software/Mesa/24.1.3-GCCcore-13.3.0/include -I/rds/bear-apps/2024a/EL8-ice/software/X11/20240607-GCCcore-13.3.0/include -I/rds/bear-apps/2024a/EL8-ice/software/pkgconf/2.2.0-GCCcore-13.3.0/include -I/rds/bear-apps/2024a/EL8-ice/software/FFTW/3.3.10-GCC-13.3.0/include -I/rds/bear-apps/2024a/EL8-ice/software/FlexiBLAS/3.4.4-GCC-13.3.0/include -I/rds/bear-apps/2024a/EL8-ice/software/FlexiBLAS/3.4.4-GCC-13.3.0/include/flexiblas   -fvisibility=hidden -fpic  -O2 -ftree-vectorize -march=native -fno-math-errno  -c reflist.c -o reflist.o
gcc -std=gnu2x -I"/rds/bear-apps/2024a/EL8-ice/software/R/4.5.0-gfbf-2024a/lib64/R/include" -DNDEBUG -DSTRICT_R_HEADERS -DR_NO_REMAP  -I/rds/bear-apps/2024a/EL8-ice/software/FriBidi/1.0.15-GCCcore-13.3.0/include -I/rds/bear-apps/2024a/EL8-ice/software/HarfBuzz/9.0.0-GCCcore-13.3.0/include -I/rds/bear-apps/2024a/EL8-ice/software/Tk/8.6.14-GCCcore-13.3.0/include -I/rds/bear-apps/2024a/EL8-ice/software/cURL/8.7.1-GCCcore-13.3.0/include -I/rds/bear-apps/2024a/EL8-ice/software/OpenSSL/3/include -I/rds/bear-apps/2024a/EL8-ice/software/libgit2/1.8.1-GCCcore-13.3.0/include -I/rds/bear-apps/2024a/EL8-ice/software/Java/17.0.15/include -I/rds/bear-apps/2024a/EL8-ice/software/LibTIFF/4.6.0-GCCcore-13.3.0/include -I/rds/bear-apps/2024a/EL8-ice/software/libjpeg-turbo/3.0.1-GCCcore-13.3.0/include -I/rds/bear-apps/2024a/EL8-ice/software/libpng/1.6.43-GCCcore-13.3.0/include -I/rds/bear-apps/2024a/EL8-ice/software/PCRE2/10.43-GCCcore-13.3.0/include -I/rds/bear-apps/2024a/EL8-ice/software/SQLite/3.45.3-GCCcore-13.3.0/include -I/rds/bear-apps/2024a/EL8-ice/software/zlib/1.3.1-GCCcore-13.3.0/include -I/rds/bear-apps/2024a/EL8-ice/software/XZ/5.4.5-GCCcore-13.3.0/include -I/rds/bear-apps/2024a/EL8-ice/software/bzip2/1.0.8-GCCcore-13.3.0/include -I/rds/bear-apps/2024a/EL8-ice/software/ncurses/6.5-GCCcore-13.3.0/include -I/rds/bear-apps/2024a/EL8-ice/software/libreadline/8.2-GCCcore-13.3.0/include -I/rds/bear-apps/2024a/EL8-ice/software/cairo/1.18.0-GCCcore-13.3.0/include -I/rds/bear-apps/2024a/EL8-ice/software/libGLU/9.0.3-GCCcore-13.3.0/include -I/rds/bear-apps/2024a/EL8-ice/software/Mesa/24.1.3-GCCcore-13.3.0/include -I/rds/bear-apps/2024a/EL8-ice/software/X11/20240607-GCCcore-13.3.0/include -I/rds/bear-apps/2024a/EL8-ice/software/pkgconf/2.2.0-GCCcore-13.3.0/include -I/rds/bear-apps/2024a/EL8-ice/software/FFTW/3.3.10-GCC-13.3.0/include -I/rds/bear-apps/2024a/EL8-ice/software/FlexiBLAS/3.4.4-GCC-13.3.0/include -I/rds/bear-apps/2024a/EL8-ice/software/FlexiBLAS/3.4.4-GCC-13.3.0/include/flexiblas   -fvisibility=hidden -fpic  -O2 -ftree-vectorize -march=native -fno-math-errno  -c split.c -o split.o
gcc -std=gnu2x -I"/rds/bear-apps/2024a/EL8-ice/software/R/4.5.0-gfbf-2024a/lib64/R/include" -DNDEBUG -DSTRICT_R_HEADERS -DR_NO_REMAP  -I/rds/bear-apps/2024a/EL8-ice/software/FriBidi/1.0.15-GCCcore-13.3.0/include -I/rds/bear-apps/2024a/EL8-ice/software/HarfBuzz/9.0.0-GCCcore-13.3.0/include -I/rds/bear-apps/2024a/EL8-ice/software/Tk/8.6.14-GCCcore-13.3.0/include -I/rds/bear-apps/2024a/EL8-ice/software/cURL/8.7.1-GCCcore-13.3.0/include -I/rds/bear-apps/2024a/EL8-ice/software/OpenSSL/3/include -I/rds/bear-apps/2024a/EL8-ice/software/libgit2/1.8.1-GCCcore-13.3.0/include -I/rds/bear-apps/2024a/EL8-ice/software/Java/17.0.15/include -I/rds/bear-apps/2024a/EL8-ice/software/LibTIFF/4.6.0-GCCcore-13.3.0/include -I/rds/bear-apps/2024a/EL8-ice/software/libjpeg-turbo/3.0.1-GCCcore-13.3.0/include -I/rds/bear-apps/2024a/EL8-ice/software/libpng/1.6.43-GCCcore-13.3.0/include -I/rds/bear-apps/2024a/EL8-ice/software/PCRE2/10.43-GCCcore-13.3.0/include -I/rds/bear-apps/2024a/EL8-ice/software/SQLite/3.45.3-GCCcore-13.3.0/include -I/rds/bear-apps/2024a/EL8-ice/software/zlib/1.3.1-GCCcore-13.3.0/include -I/rds/bear-apps/2024a/EL8-ice/software/XZ/5.4.5-GCCcore-13.3.0/include -I/rds/bear-apps/2024a/EL8-ice/software/bzip2/1.0.8-GCCcore-13.3.0/include -I/rds/bear-apps/2024a/EL8-ice/software/ncurses/6.5-GCCcore-13.3.0/include -I/rds/bear-apps/2024a/EL8-ice/software/libreadline/8.2-GCCcore-13.3.0/include -I/rds/bear-apps/2024a/EL8-ice/software/cairo/1.18.0-GCCcore-13.3.0/include -I/rds/bear-apps/2024a/EL8-ice/software/libGLU/9.0.3-GCCcore-13.3.0/include -I/rds/bear-apps/2024a/EL8-ice/software/Mesa/24.1.3-GCCcore-13.3.0/include -I/rds/bear-apps/2024a/EL8-ice/software/X11/20240607-GCCcore-13.3.0/include -I/rds/bear-apps/2024a/EL8-ice/software/pkgconf/2.2.0-GCCcore-13.3.0/include -I/rds/bear-apps/2024a/EL8-ice/software/FFTW/3.3.10-GCC-13.3.0/include -I/rds/bear-apps/2024a/EL8-ice/software/FlexiBLAS/3.4.4-GCC-13.3.0/include -I/rds/bear-apps/2024a/EL8-ice/software/FlexiBLAS/3.4.4-GCC-13.3.0/include/flexiblas   -fvisibility=hidden -fpic  -O2 -ftree-vectorize -march=native -fno-math-errno  -c ssl.c -o ssl.o
gcc -std=gnu2x -I"/rds/bear-apps/2024a/EL8-ice/software/R/4.5.0-gfbf-2024a/lib64/R/include" -DNDEBUG -DSTRICT_R_HEADERS -DR_NO_REMAP  -I/rds/bear-apps/2024a/EL8-ice/software/FriBidi/1.0.15-GCCcore-13.3.0/include -I/rds/bear-apps/2024a/EL8-ice/software/HarfBuzz/9.0.0-GCCcore-13.3.0/include -I/rds/bear-apps/2024a/EL8-ice/software/Tk/8.6.14-GCCcore-13.3.0/include -I/rds/bear-apps/2024a/EL8-ice/software/cURL/8.7.1-GCCcore-13.3.0/include -I/rds/bear-apps/2024a/EL8-ice/software/OpenSSL/3/include -I/rds/bear-apps/2024a/EL8-ice/software/libgit2/1.8.1-GCCcore-13.3.0/include -I/rds/bear-apps/2024a/EL8-ice/software/Java/17.0.15/include -I/rds/bear-apps/2024a/EL8-ice/software/LibTIFF/4.6.0-GCCcore-13.3.0/include -I/rds/bear-apps/2024a/EL8-ice/software/libjpeg-turbo/3.0.1-GCCcore-13.3.0/include -I/rds/bear-apps/2024a/EL8-ice/software/libpng/1.6.43-GCCcore-13.3.0/include -I/rds/bear-apps/2024a/EL8-ice/software/PCRE2/10.43-GCCcore-13.3.0/include -I/rds/bear-apps/2024a/EL8-ice/software/SQLite/3.45.3-GCCcore-13.3.0/include -I/rds/bear-apps/2024a/EL8-ice/software/zlib/1.3.1-GCCcore-13.3.0/include -I/rds/bear-apps/2024a/EL8-ice/software/XZ/5.4.5-GCCcore-13.3.0/include -I/rds/bear-apps/2024a/EL8-ice/software/bzip2/1.0.8-GCCcore-13.3.0/include -I/rds/bear-apps/2024a/EL8-ice/software/ncurses/6.5-GCCcore-13.3.0/include -I/rds/bear-apps/2024a/EL8-ice/software/libreadline/8.2-GCCcore-13.3.0/include -I/rds/bear-apps/2024a/EL8-ice/software/cairo/1.18.0-GCCcore-13.3.0/include -I/rds/bear-apps/2024a/EL8-ice/software/libGLU/9.0.3-GCCcore-13.3.0/include -I/rds/bear-apps/2024a/EL8-ice/software/Mesa/24.1.3-GCCcore-13.3.0/include -I/rds/bear-apps/2024a/EL8-ice/software/X11/20240607-GCCcore-13.3.0/include -I/rds/bear-apps/2024a/EL8-ice/software/pkgconf/2.2.0-GCCcore-13.3.0/include -I/rds/bear-apps/2024a/EL8-ice/software/FFTW/3.3.10-GCC-13.3.0/include -I/rds/bear-apps/2024a/EL8-ice/software/FlexiBLAS/3.4.4-GCC-13.3.0/include -I/rds/bear-apps/2024a/EL8-ice/software/FlexiBLAS/3.4.4-GCC-13.3.0/include/flexiblas   -fvisibility=hidden -fpic  -O2 -ftree-vectorize -march=native -fno-math-errno  -c typechecking.c -o typechecking.o
gcc -std=gnu2x -I"/rds/bear-apps/2024a/EL8-ice/software/R/4.5.0-gfbf-2024a/lib64/R/include" -DNDEBUG -DSTRICT_R_HEADERS -DR_NO_REMAP  -I/rds/bear-apps/2024a/EL8-ice/software/FriBidi/1.0.15-GCCcore-13.3.0/include -I/rds/bear-apps/2024a/EL8-ice/software/HarfBuzz/9.0.0-GCCcore-13.3.0/include -I/rds/bear-apps/2024a/EL8-ice/software/Tk/8.6.14-GCCcore-13.3.0/include -I/rds/bear-apps/2024a/EL8-ice/software/cURL/8.7.1-GCCcore-13.3.0/include -I/rds/bear-apps/2024a/EL8-ice/software/OpenSSL/3/include -I/rds/bear-apps/2024a/EL8-ice/software/libgit2/1.8.1-GCCcore-13.3.0/include -I/rds/bear-apps/2024a/EL8-ice/software/Java/17.0.15/include -I/rds/bear-apps/2024a/EL8-ice/software/LibTIFF/4.6.0-GCCcore-13.3.0/include -I/rds/bear-apps/2024a/EL8-ice/software/libjpeg-turbo/3.0.1-GCCcore-13.3.0/include -I/rds/bear-apps/2024a/EL8-ice/software/libpng/1.6.43-GCCcore-13.3.0/include -I/rds/bear-apps/2024a/EL8-ice/software/PCRE2/10.43-GCCcore-13.3.0/include -I/rds/bear-apps/2024a/EL8-ice/software/SQLite/3.45.3-GCCcore-13.3.0/include -I/rds/bear-apps/2024a/EL8-ice/software/zlib/1.3.1-GCCcore-13.3.0/include -I/rds/bear-apps/2024a/EL8-ice/software/XZ/5.4.5-GCCcore-13.3.0/include -I/rds/bear-apps/2024a/EL8-ice/software/bzip2/1.0.8-GCCcore-13.3.0/include -I/rds/bear-apps/2024a/EL8-ice/software/ncurses/6.5-GCCcore-13.3.0/include -I/rds/bear-apps/2024a/EL8-ice/software/libreadline/8.2-GCCcore-13.3.0/include -I/rds/bear-apps/2024a/EL8-ice/software/cairo/1.18.0-GCCcore-13.3.0/include -I/rds/bear-apps/2024a/EL8-ice/software/libGLU/9.0.3-GCCcore-13.3.0/include -I/rds/bear-apps/2024a/EL8-ice/software/Mesa/24.1.3-GCCcore-13.3.0/include -I/rds/bear-apps/2024a/EL8-ice/software/X11/20240607-GCCcore-13.3.0/include -I/rds/bear-apps/2024a/EL8-ice/software/pkgconf/2.2.0-GCCcore-13.3.0/include -I/rds/bear-apps/2024a/EL8-ice/software/FFTW/3.3.10-GCC-13.3.0/include -I/rds/bear-apps/2024a/EL8-ice/software/FlexiBLAS/3.4.4-GCC-13.3.0/include -I/rds/bear-apps/2024a/EL8-ice/software/FlexiBLAS/3.4.4-GCC-13.3.0/include/flexiblas   -fvisibility=hidden -fpic  -O2 -ftree-vectorize -march=native -fno-math-errno  -c urlparser.c -o urlparser.o
gcc -std=gnu2x -I"/rds/bear-apps/2024a/EL8-ice/software/R/4.5.0-gfbf-2024a/lib64/R/include" -DNDEBUG -DSTRICT_R_HEADERS -DR_NO_REMAP  -I/rds/bear-apps/2024a/EL8-ice/software/FriBidi/1.0.15-GCCcore-13.3.0/include -I/rds/bear-apps/2024a/EL8-ice/software/HarfBuzz/9.0.0-GCCcore-13.3.0/include -I/rds/bear-apps/2024a/EL8-ice/software/Tk/8.6.14-GCCcore-13.3.0/include -I/rds/bear-apps/2024a/EL8-ice/software/cURL/8.7.1-GCCcore-13.3.0/include -I/rds/bear-apps/2024a/EL8-ice/software/OpenSSL/3/include -I/rds/bear-apps/2024a/EL8-ice/software/libgit2/1.8.1-GCCcore-13.3.0/include -I/rds/bear-apps/2024a/EL8-ice/software/Java/17.0.15/include -I/rds/bear-apps/2024a/EL8-ice/software/LibTIFF/4.6.0-GCCcore-13.3.0/include -I/rds/bear-apps/2024a/EL8-ice/software/libjpeg-turbo/3.0.1-GCCcore-13.3.0/include -I/rds/bear-apps/2024a/EL8-ice/software/libpng/1.6.43-GCCcore-13.3.0/include -I/rds/bear-apps/2024a/EL8-ice/software/PCRE2/10.43-GCCcore-13.3.0/include -I/rds/bear-apps/2024a/EL8-ice/software/SQLite/3.45.3-GCCcore-13.3.0/include -I/rds/bear-apps/2024a/EL8-ice/software/zlib/1.3.1-GCCcore-13.3.0/include -I/rds/bear-apps/2024a/EL8-ice/software/XZ/5.4.5-GCCcore-13.3.0/include -I/rds/bear-apps/2024a/EL8-ice/software/bzip2/1.0.8-GCCcore-13.3.0/include -I/rds/bear-apps/2024a/EL8-ice/software/ncurses/6.5-GCCcore-13.3.0/include -I/rds/bear-apps/2024a/EL8-ice/software/libreadline/8.2-GCCcore-13.3.0/include -I/rds/bear-apps/2024a/EL8-ice/software/cairo/1.18.0-GCCcore-13.3.0/include -I/rds/bear-apps/2024a/EL8-ice/software/libGLU/9.0.3-GCCcore-13.3.0/include -I/rds/bear-apps/2024a/EL8-ice/software/Mesa/24.1.3-GCCcore-13.3.0/include -I/rds/bear-apps/2024a/EL8-ice/software/X11/20240607-GCCcore-13.3.0/include -I/rds/bear-apps/2024a/EL8-ice/software/pkgconf/2.2.0-GCCcore-13.3.0/include -I/rds/bear-apps/2024a/EL8-ice/software/FFTW/3.3.10-GCC-13.3.0/include -I/rds/bear-apps/2024a/EL8-ice/software/FlexiBLAS/3.4.4-GCC-13.3.0/include -I/rds/bear-apps/2024a/EL8-ice/software/FlexiBLAS/3.4.4-GCC-13.3.0/include/flexiblas   -fvisibility=hidden -fpic  -O2 -ftree-vectorize -march=native -fno-math-errno  -c utils.c -o utils.o
gcc -std=gnu2x -I"/rds/bear-apps/2024a/EL8-ice/software/R/4.5.0-gfbf-2024a/lib64/R/include" -DNDEBUG -DSTRICT_R_HEADERS -DR_NO_REMAP  -I/rds/bear-apps/2024a/EL8-ice/software/FriBidi/1.0.15-GCCcore-13.3.0/include -I/rds/bear-apps/2024a/EL8-ice/software/HarfBuzz/9.0.0-GCCcore-13.3.0/include -I/rds/bear-apps/2024a/EL8-ice/software/Tk/8.6.14-GCCcore-13.3.0/include -I/rds/bear-apps/2024a/EL8-ice/software/cURL/8.7.1-GCCcore-13.3.0/include -I/rds/bear-apps/2024a/EL8-ice/software/OpenSSL/3/include -I/rds/bear-apps/2024a/EL8-ice/software/libgit2/1.8.1-GCCcore-13.3.0/include -I/rds/bear-apps/2024a/EL8-ice/software/Java/17.0.15/include -I/rds/bear-apps/2024a/EL8-ice/software/LibTIFF/4.6.0-GCCcore-13.3.0/include -I/rds/bear-apps/2024a/EL8-ice/software/libjpeg-turbo/3.0.1-GCCcore-13.3.0/include -I/rds/bear-apps/2024a/EL8-ice/software/libpng/1.6.43-GCCcore-13.3.0/include -I/rds/bear-apps/2024a/EL8-ice/software/PCRE2/10.43-GCCcore-13.3.0/include -I/rds/bear-apps/2024a/EL8-ice/software/SQLite/3.45.3-GCCcore-13.3.0/include -I/rds/bear-apps/2024a/EL8-ice/software/zlib/1.3.1-GCCcore-13.3.0/include -I/rds/bear-apps/2024a/EL8-ice/software/XZ/5.4.5-GCCcore-13.3.0/include -I/rds/bear-apps/2024a/EL8-ice/software/bzip2/1.0.8-GCCcore-13.3.0/include -I/rds/bear-apps/2024a/EL8-ice/software/ncurses/6.5-GCCcore-13.3.0/include -I/rds/bear-apps/2024a/EL8-ice/software/libreadline/8.2-GCCcore-13.3.0/include -I/rds/bear-apps/2024a/EL8-ice/software/cairo/1.18.0-GCCcore-13.3.0/include -I/rds/bear-apps/2024a/EL8-ice/software/libGLU/9.0.3-GCCcore-13.3.0/include -I/rds/bear-apps/2024a/EL8-ice/software/Mesa/24.1.3-GCCcore-13.3.0/include -I/rds/bear-apps/2024a/EL8-ice/software/X11/20240607-GCCcore-13.3.0/include -I/rds/bear-apps/2024a/EL8-ice/software/pkgconf/2.2.0-GCCcore-13.3.0/include -I/rds/bear-apps/2024a/EL8-ice/software/FFTW/3.3.10-GCC-13.3.0/include -I/rds/bear-apps/2024a/EL8-ice/software/FlexiBLAS/3.4.4-GCC-13.3.0/include -I/rds/bear-apps/2024a/EL8-ice/software/FlexiBLAS/3.4.4-GCC-13.3.0/include/flexiblas   -fvisibility=hidden -fpic  -O2 -ftree-vectorize -march=native -fno-math-errno  -c version.c -o version.o
gcc -std=gnu2x -I"/rds/bear-apps/2024a/EL8-ice/software/R/4.5.0-gfbf-2024a/lib64/R/include" -DNDEBUG -DSTRICT_R_HEADERS -DR_NO_REMAP  -I/rds/bear-apps/2024a/EL8-ice/software/FriBidi/1.0.15-GCCcore-13.3.0/include -I/rds/bear-apps/2024a/EL8-ice/software/HarfBuzz/9.0.0-GCCcore-13.3.0/include -I/rds/bear-apps/2024a/EL8-ice/software/Tk/8.6.14-GCCcore-13.3.0/include -I/rds/bear-apps/2024a/EL8-ice/software/cURL/8.7.1-GCCcore-13.3.0/include -I/rds/bear-apps/2024a/EL8-ice/software/OpenSSL/3/include -I/rds/bear-apps/2024a/EL8-ice/software/libgit2/1.8.1-GCCcore-13.3.0/include -I/rds/bear-apps/2024a/EL8-ice/software/Java/17.0.15/include -I/rds/bear-apps/2024a/EL8-ice/software/LibTIFF/4.6.0-GCCcore-13.3.0/include -I/rds/bear-apps/2024a/EL8-ice/software/libjpeg-turbo/3.0.1-GCCcore-13.3.0/include -I/rds/bear-apps/2024a/EL8-ice/software/libpng/1.6.43-GCCcore-13.3.0/include -I/rds/bear-apps/2024a/EL8-ice/software/PCRE2/10.43-GCCcore-13.3.0/include -I/rds/bear-apps/2024a/EL8-ice/software/SQLite/3.45.3-GCCcore-13.3.0/include -I/rds/bear-apps/2024a/EL8-ice/software/zlib/1.3.1-GCCcore-13.3.0/include -I/rds/bear-apps/2024a/EL8-ice/software/XZ/5.4.5-GCCcore-13.3.0/include -I/rds/bear-apps/2024a/EL8-ice/software/bzip2/1.0.8-GCCcore-13.3.0/include -I/rds/bear-apps/2024a/EL8-ice/software/ncurses/6.5-GCCcore-13.3.0/include -I/rds/bear-apps/2024a/EL8-ice/software/libreadline/8.2-GCCcore-13.3.0/include -I/rds/bear-apps/2024a/EL8-ice/software/cairo/1.18.0-GCCcore-13.3.0/include -I/rds/bear-apps/2024a/EL8-ice/software/libGLU/9.0.3-GCCcore-13.3.0/include -I/rds/bear-apps/2024a/EL8-ice/software/Mesa/24.1.3-GCCcore-13.3.0/include -I/rds/bear-apps/2024a/EL8-ice/software/X11/20240607-GCCcore-13.3.0/include -I/rds/bear-apps/2024a/EL8-ice/software/pkgconf/2.2.0-GCCcore-13.3.0/include -I/rds/bear-apps/2024a/EL8-ice/software/FFTW/3.3.10-GCC-13.3.0/include -I/rds/bear-apps/2024a/EL8-ice/software/FlexiBLAS/3.4.4-GCC-13.3.0/include -I/rds/bear-apps/2024a/EL8-ice/software/FlexiBLAS/3.4.4-GCC-13.3.0/include/flexiblas   -fvisibility=hidden -fpic  -O2 -ftree-vectorize -march=native -fno-math-errno  -c winidn.c -o winidn.o
gcc -std=gnu2x -I"/rds/bear-apps/2024a/EL8-ice/software/R/4.5.0-gfbf-2024a/lib64/R/include" -DNDEBUG -DSTRICT_R_HEADERS -DR_NO_REMAP  -I/rds/bear-apps/2024a/EL8-ice/software/FriBidi/1.0.15-GCCcore-13.3.0/include -I/rds/bear-apps/2024a/EL8-ice/software/HarfBuzz/9.0.0-GCCcore-13.3.0/include -I/rds/bear-apps/2024a/EL8-ice/software/Tk/8.6.14-GCCcore-13.3.0/include -I/rds/bear-apps/2024a/EL8-ice/software/cURL/8.7.1-GCCcore-13.3.0/include -I/rds/bear-apps/2024a/EL8-ice/software/OpenSSL/3/include -I/rds/bear-apps/2024a/EL8-ice/software/libgit2/1.8.1-GCCcore-13.3.0/include -I/rds/bear-apps/2024a/EL8-ice/software/Java/17.0.15/include -I/rds/bear-apps/2024a/EL8-ice/software/LibTIFF/4.6.0-GCCcore-13.3.0/include -I/rds/bear-apps/2024a/EL8-ice/software/libjpeg-turbo/3.0.1-GCCcore-13.3.0/include -I/rds/bear-apps/2024a/EL8-ice/software/libpng/1.6.43-GCCcore-13.3.0/include -I/rds/bear-apps/2024a/EL8-ice/software/PCRE2/10.43-GCCcore-13.3.0/include -I/rds/bear-apps/2024a/EL8-ice/software/SQLite/3.45.3-GCCcore-13.3.0/include -I/rds/bear-apps/2024a/EL8-ice/software/zlib/1.3.1-GCCcore-13.3.0/include -I/rds/bear-apps/2024a/EL8-ice/software/XZ/5.4.5-GCCcore-13.3.0/include -I/rds/bear-apps/2024a/EL8-ice/software/bzip2/1.0.8-GCCcore-13.3.0/include -I/rds/bear-apps/2024a/EL8-ice/software/ncurses/6.5-GCCcore-13.3.0/include -I/rds/bear-apps/2024a/EL8-ice/software/libreadline/8.2-GCCcore-13.3.0/include -I/rds/bear-apps/2024a/EL8-ice/software/cairo/1.18.0-GCCcore-13.3.0/include -I/rds/bear-apps/2024a/EL8-ice/software/libGLU/9.0.3-GCCcore-13.3.0/include -I/rds/bear-apps/2024a/EL8-ice/software/Mesa/24.1.3-GCCcore-13.3.0/include -I/rds/bear-apps/2024a/EL8-ice/software/X11/20240607-GCCcore-13.3.0/include -I/rds/bear-apps/2024a/EL8-ice/software/pkgconf/2.2.0-GCCcore-13.3.0/include -I/rds/bear-apps/2024a/EL8-ice/software/FFTW/3.3.10-GCC-13.3.0/include -I/rds/bear-apps/2024a/EL8-ice/software/FlexiBLAS/3.4.4-GCC-13.3.0/include -I/rds/bear-apps/2024a/EL8-ice/software/FlexiBLAS/3.4.4-GCC-13.3.0/include/flexiblas   -fvisibility=hidden -fpic  -O2 -ftree-vectorize -march=native -fno-math-errno  -c writer.c -o writer.o
gcc -std=gnu2x -shared -L/rds/bear-apps/2024a/EL8-ice/software/R/4.5.0-gfbf-2024a/lib64/R/lib -L/rds/bear-apps/2024a/EL8-ice/software/FriBidi/1.0.15-GCCcore-13.3.0/lib64 -L/rds/bear-apps/2024a/EL8-ice/software/FriBidi/1.0.15-GCCcore-13.3.0/lib -L/rds/bear-apps/2024a/EL8-ice/software/HarfBuzz/9.0.0-GCCcore-13.3.0/lib64 -L/rds/bear-apps/2024a/EL8-ice/software/HarfBuzz/9.0.0-GCCcore-13.3.0/lib -L/rds/bear-apps/2024a/EL8-ice/software/Tk/8.6.14-GCCcore-13.3.0/lib64 -L/rds/bear-apps/2024a/EL8-ice/software/Tk/8.6.14-GCCcore-13.3.0/lib -L/rds/bear-apps/2024a/EL8-ice/software/cURL/8.7.1-GCCcore-13.3.0/lib64 -L/rds/bear-apps/2024a/EL8-ice/software/cURL/8.7.1-GCCcore-13.3.0/lib -L/rds/bear-apps/2024a/EL8-ice/software/OpenSSL/3/lib64 -L/rds/bear-apps/2024a/EL8-ice/software/OpenSSL/3/lib -L/rds/bear-apps/2024a/EL8-ice/software/libgit2/1.8.1-GCCcore-13.3.0/lib64 -L/rds/bear-apps/2024a/EL8-ice/software/libgit2/1.8.1-GCCcore-13.3.0/lib -L/rds/bear-apps/2024a/EL8-ice/software/Java/17.0.15/lib64 -L/rds/bear-apps/2024a/EL8-ice/software/Java/17.0.15/lib -L/rds/bear-apps/2024a/EL8-ice/software/LibTIFF/4.6.0-GCCcore-13.3.0/lib64 -L/rds/bear-apps/2024a/EL8-ice/software/LibTIFF/4.6.0-GCCcore-13.3.0/lib -L/rds/bear-apps/2024a/EL8-ice/software/libjpeg-turbo/3.0.1-GCCcore-13.3.0/lib64 -L/rds/bear-apps/2024a/EL8-ice/software/libjpeg-turbo/3.0.1-GCCcore-13.3.0/lib -L/rds/bear-apps/2024a/EL8-ice/software/libpng/1.6.43-GCCcore-13.3.0/lib64 -L/rds/bear-apps/2024a/EL8-ice/software/libpng/1.6.43-GCCcore-13.3.0/lib -L/rds/bear-apps/2024a/EL8-ice/software/PCRE2/10.43-GCCcore-13.3.0/lib64 -L/rds/bear-apps/2024a/EL8-ice/software/PCRE2/10.43-GCCcore-13.3.0/lib -L/rds/bear-apps/2024a/EL8-ice/software/SQLite/3.45.3-GCCcore-13.3.0/lib64 -L/rds/bear-apps/2024a/EL8-ice/software/SQLite/3.45.3-GCCcore-13.3.0/lib -L/rds/bear-apps/2024a/EL8-ice/software/zlib/1.3.1-GCCcore-13.3.0/lib64 -L/rds/bear-apps/2024a/EL8-ice/software/zlib/1.3.1-GCCcore-13.3.0/lib -L/rds/bear-apps/2024a/EL8-ice/software/XZ/5.4.5-GCCcore-13.3.0/lib64 -L/rds/bear-apps/2024a/EL8-ice/software/XZ/5.4.5-GCCcore-13.3.0/lib -L/rds/bear-apps/2024a/EL8-ice/software/bzip2/1.0.8-GCCcore-13.3.0/lib64 -L/rds/bear-apps/2024a/EL8-ice/software/bzip2/1.0.8-GCCcore-13.3.0/lib -L/rds/bear-apps/2024a/EL8-ice/software/ncurses/6.5-GCCcore-13.3.0/lib64 -L/rds/bear-apps/2024a/EL8-ice/software/ncurses/6.5-GCCcore-13.3.0/lib -L/rds/bear-apps/2024a/EL8-ice/software/libreadline/8.2-GCCcore-13.3.0/lib64 -L/rds/bear-apps/2024a/EL8-ice/software/libreadline/8.2-GCCcore-13.3.0/lib -L/rds/bear-apps/2024a/EL8-ice/software/cairo/1.18.0-GCCcore-13.3.0/lib64 -L/rds/bear-apps/2024a/EL8-ice/software/cairo/1.18.0-GCCcore-13.3.0/lib -L/rds/bear-apps/2024a/EL8-ice/software/libGLU/9.0.3-GCCcore-13.3.0/lib64 -L/rds/bear-apps/2024a/EL8-ice/software/libGLU/9.0.3-GCCcore-13.3.0/lib -L/rds/bear-apps/2024a/EL8-ice/software/Mesa/24.1.3-GCCcore-13.3.0/lib64 -L/rds/bear-apps/2024a/EL8-ice/software/Mesa/24.1.3-GCCcore-13.3.0/lib -L/rds/bear-apps/2024a/EL8-ice/software/X11/20240607-GCCcore-13.3.0/lib64 -L/rds/bear-apps/2024a/EL8-ice/software/X11/20240607-GCCcore-13.3.0/lib -L/rds/bear-apps/2024a/EL8-ice/software/pkgconf/2.2.0-GCCcore-13.3.0/lib64 -L/rds/bear-apps/2024a/EL8-ice/software/pkgconf/2.2.0-GCCcore-13.3.0/lib -L/rds/bear-apps/2024a/EL8-ice/software/FFTW/3.3.10-GCC-13.3.0/lib64 -L/rds/bear-apps/2024a/EL8-ice/software/FFTW/3.3.10-GCC-13.3.0/lib -L/rds/bear-apps/2024a/EL8-ice/software/FlexiBLAS/3.4.4-GCC-13.3.0/lib64 -L/rds/bear-apps/2024a/EL8-ice/software/FlexiBLAS/3.4.4-GCC-13.3.0/lib -L/rds/bear-apps/2024a/EL8-ice/software/GCCcore/13.3.0/lib64 -L/rds/bear-apps/2024a/EL8-ice/software/GCCcore/13.3.0/lib -o curl.so callbacks.o curl.o download.o dryrun.o escape.o fetch.o findport.o form.o getdate.o handle.o ieproxy.o init.o interrupt.o multi.o nslookup.o options.o reflist.o split.o ssl.o typechecking.o urlparser.o utils.o version.o winidn.o writer.o -lcurl -L/rds/bear-apps/2024a/EL8-ice/software/R/4.5.0-gfbf-2024a/lib64/R/lib -lR
make[1]: Leaving directory '/tmp/RtmpPnYWwF/R.INSTALLc12a8e00dd85/pak/src/library/curl/src'
installing to /rds/homes/a/axv209/R/library/4.5.0/EL8-ice/00LOCK-pak/00new/pak/library/curl/libs

Compiling filelock 
using C compiler: ‘gcc (GCC) 13.3.0’
make[1]: Entering directory '/tmp/RtmpPnYWwF/R.INSTALLc12a8e00dd85/pak/src/library/filelock/src'
rm -f filelock.so init.o filelock-unix.o locklist.o
gcc -std=gnu2x -I"/rds/bear-apps/2024a/EL8-ice/software/R/4.5.0-gfbf-2024a/lib64/R/include" -DNDEBUG   -I/rds/bear-apps/2024a/EL8-ice/software/FriBidi/1.0.15-GCCcore-13.3.0/include -I/rds/bear-apps/2024a/EL8-ice/software/HarfBuzz/9.0.0-GCCcore-13.3.0/include -I/rds/bear-apps/2024a/EL8-ice/software/Tk/8.6.14-GCCcore-13.3.0/include -I/rds/bear-apps/2024a/EL8-ice/software/cURL/8.7.1-GCCcore-13.3.0/include -I/rds/bear-apps/2024a/EL8-ice/software/OpenSSL/3/include -I/rds/bear-apps/2024a/EL8-ice/software/libgit2/1.8.1-GCCcore-13.3.0/include -I/rds/bear-apps/2024a/EL8-ice/software/Java/17.0.15/include -I/rds/bear-apps/2024a/EL8-ice/software/LibTIFF/4.6.0-GCCcore-13.3.0/include -I/rds/bear-apps/2024a/EL8-ice/software/libjpeg-turbo/3.0.1-GCCcore-13.3.0/include -I/rds/bear-apps/2024a/EL8-ice/software/libpng/1.6.43-GCCcore-13.3.0/include -I/rds/bear-apps/2024a/EL8-ice/software/PCRE2/10.43-GCCcore-13.3.0/include -I/rds/bear-apps/2024a/EL8-ice/software/SQLite/3.45.3-GCCcore-13.3.0/include -I/rds/bear-apps/2024a/EL8-ice/software/zlib/1.3.1-GCCcore-13.3.0/include -I/rds/bear-apps/2024a/EL8-ice/software/XZ/5.4.5-GCCcore-13.3.0/include -I/rds/bear-apps/2024a/EL8-ice/software/bzip2/1.0.8-GCCcore-13.3.0/include -I/rds/bear-apps/2024a/EL8-ice/software/ncurses/6.5-GCCcore-13.3.0/include -I/rds/bear-apps/2024a/EL8-ice/software/libreadline/8.2-GCCcore-13.3.0/include -I/rds/bear-apps/2024a/EL8-ice/software/cairo/1.18.0-GCCcore-13.3.0/include -I/rds/bear-apps/2024a/EL8-ice/software/libGLU/9.0.3-GCCcore-13.3.0/include -I/rds/bear-apps/2024a/EL8-ice/software/Mesa/24.1.3-GCCcore-13.3.0/include -I/rds/bear-apps/2024a/EL8-ice/software/X11/20240607-GCCcore-13.3.0/include -I/rds/bear-apps/2024a/EL8-ice/software/pkgconf/2.2.0-GCCcore-13.3.0/include -I/rds/bear-apps/2024a/EL8-ice/software/FFTW/3.3.10-GCC-13.3.0/include -I/rds/bear-apps/2024a/EL8-ice/software/FlexiBLAS/3.4.4-GCC-13.3.0/include -I/rds/bear-apps/2024a/EL8-ice/software/FlexiBLAS/3.4.4-GCC-13.3.0/include/flexiblas    -fpic  -O2 -ftree-vectorize -march=native -fno-math-errno  -c init.c -o init.o
gcc -std=gnu2x -I"/rds/bear-apps/2024a/EL8-ice/software/R/4.5.0-gfbf-2024a/lib64/R/include" -DNDEBUG   -I/rds/bear-apps/2024a/EL8-ice/software/FriBidi/1.0.15-GCCcore-13.3.0/include -I/rds/bear-apps/2024a/EL8-ice/software/HarfBuzz/9.0.0-GCCcore-13.3.0/include -I/rds/bear-apps/2024a/EL8-ice/software/Tk/8.6.14-GCCcore-13.3.0/include -I/rds/bear-apps/2024a/EL8-ice/software/cURL/8.7.1-GCCcore-13.3.0/include -I/rds/bear-apps/2024a/EL8-ice/software/OpenSSL/3/include -I/rds/bear-apps/2024a/EL8-ice/software/libgit2/1.8.1-GCCcore-13.3.0/include -I/rds/bear-apps/2024a/EL8-ice/software/Java/17.0.15/include -I/rds/bear-apps/2024a/EL8-ice/software/LibTIFF/4.6.0-GCCcore-13.3.0/include -I/rds/bear-apps/2024a/EL8-ice/software/libjpeg-turbo/3.0.1-GCCcore-13.3.0/include -I/rds/bear-apps/2024a/EL8-ice/software/libpng/1.6.43-GCCcore-13.3.0/include -I/rds/bear-apps/2024a/EL8-ice/software/PCRE2/10.43-GCCcore-13.3.0/include -I/rds/bear-apps/2024a/EL8-ice/software/SQLite/3.45.3-GCCcore-13.3.0/include -I/rds/bear-apps/2024a/EL8-ice/software/zlib/1.3.1-GCCcore-13.3.0/include -I/rds/bear-apps/2024a/EL8-ice/software/XZ/5.4.5-GCCcore-13.3.0/include -I/rds/bear-apps/2024a/EL8-ice/software/bzip2/1.0.8-GCCcore-13.3.0/include -I/rds/bear-apps/2024a/EL8-ice/software/ncurses/6.5-GCCcore-13.3.0/include -I/rds/bear-apps/2024a/EL8-ice/software/libreadline/8.2-GCCcore-13.3.0/include -I/rds/bear-apps/2024a/EL8-ice/software/cairo/1.18.0-GCCcore-13.3.0/include -I/rds/bear-apps/2024a/EL8-ice/software/libGLU/9.0.3-GCCcore-13.3.0/include -I/rds/bear-apps/2024a/EL8-ice/software/Mesa/24.1.3-GCCcore-13.3.0/include -I/rds/bear-apps/2024a/EL8-ice/software/X11/20240607-GCCcore-13.3.0/include -I/rds/bear-apps/2024a/EL8-ice/software/pkgconf/2.2.0-GCCcore-13.3.0/include -I/rds/bear-apps/2024a/EL8-ice/software/FFTW/3.3.10-GCC-13.3.0/include -I/rds/bear-apps/2024a/EL8-ice/software/FlexiBLAS/3.4.4-GCC-13.3.0/include -I/rds/bear-apps/2024a/EL8-ice/software/FlexiBLAS/3.4.4-GCC-13.3.0/include/flexiblas    -fpic  -O2 -ftree-vectorize -march=native -fno-math-errno  -c filelock-unix.c -o filelock-unix.o
gcc -std=gnu2x -I"/rds/bear-apps/2024a/EL8-ice/software/R/4.5.0-gfbf-2024a/lib64/R/include" -DNDEBUG   -I/rds/bear-apps/2024a/EL8-ice/software/FriBidi/1.0.15-GCCcore-13.3.0/include -I/rds/bear-apps/2024a/EL8-ice/software/HarfBuzz/9.0.0-GCCcore-13.3.0/include -I/rds/bear-apps/2024a/EL8-ice/software/Tk/8.6.14-GCCcore-13.3.0/include -I/rds/bear-apps/2024a/EL8-ice/software/cURL/8.7.1-GCCcore-13.3.0/include -I/rds/bear-apps/2024a/EL8-ice/software/OpenSSL/3/include -I/rds/bear-apps/2024a/EL8-ice/software/libgit2/1.8.1-GCCcore-13.3.0/include -I/rds/bear-apps/2024a/EL8-ice/software/Java/17.0.15/include -I/rds/bear-apps/2024a/EL8-ice/software/LibTIFF/4.6.0-GCCcore-13.3.0/include -I/rds/bear-apps/2024a/EL8-ice/software/libjpeg-turbo/3.0.1-GCCcore-13.3.0/include -I/rds/bear-apps/2024a/EL8-ice/software/libpng/1.6.43-GCCcore-13.3.0/include -I/rds/bear-apps/2024a/EL8-ice/software/PCRE2/10.43-GCCcore-13.3.0/include -I/rds/bear-apps/2024a/EL8-ice/software/SQLite/3.45.3-GCCcore-13.3.0/include -I/rds/bear-apps/2024a/EL8-ice/software/zlib/1.3.1-GCCcore-13.3.0/include -I/rds/bear-apps/2024a/EL8-ice/software/XZ/5.4.5-GCCcore-13.3.0/include -I/rds/bear-apps/2024a/EL8-ice/software/bzip2/1.0.8-GCCcore-13.3.0/include -I/rds/bear-apps/2024a/EL8-ice/software/ncurses/6.5-GCCcore-13.3.0/include -I/rds/bear-apps/2024a/EL8-ice/software/libreadline/8.2-GCCcore-13.3.0/include -I/rds/bear-apps/2024a/EL8-ice/software/cairo/1.18.0-GCCcore-13.3.0/include -I/rds/bear-apps/2024a/EL8-ice/software/libGLU/9.0.3-GCCcore-13.3.0/include -I/rds/bear-apps/2024a/EL8-ice/software/Mesa/24.1.3-GCCcore-13.3.0/include -I/rds/bear-apps/2024a/EL8-ice/software/X11/20240607-GCCcore-13.3.0/include -I/rds/bear-apps/2024a/EL8-ice/software/pkgconf/2.2.0-GCCcore-13.3.0/include -I/rds/bear-apps/2024a/EL8-ice/software/FFTW/3.3.10-GCC-13.3.0/include -I/rds/bear-apps/2024a/EL8-ice/software/FlexiBLAS/3.4.4-GCC-13.3.0/include -I/rds/bear-apps/2024a/EL8-ice/software/FlexiBLAS/3.4.4-GCC-13.3.0/include/flexiblas    -fpic  -O2 -ftree-vectorize -march=native -fno-math-errno  -c locklist.c -o locklist.o
gcc -std=gnu2x -shared -L/rds/bear-apps/2024a/EL8-ice/software/R/4.5.0-gfbf-2024a/lib64/R/lib -L/rds/bear-apps/2024a/EL8-ice/software/FriBidi/1.0.15-GCCcore-13.3.0/lib64 -L/rds/bear-apps/2024a/EL8-ice/software/FriBidi/1.0.15-GCCcore-13.3.0/lib -L/rds/bear-apps/2024a/EL8-ice/software/HarfBuzz/9.0.0-GCCcore-13.3.0/lib64 -L/rds/bear-apps/2024a/EL8-ice/software/HarfBuzz/9.0.0-GCCcore-13.3.0/lib -L/rds/bear-apps/2024a/EL8-ice/software/Tk/8.6.14-GCCcore-13.3.0/lib64 -L/rds/bear-apps/2024a/EL8-ice/software/Tk/8.6.14-GCCcore-13.3.0/lib -L/rds/bear-apps/2024a/EL8-ice/software/cURL/8.7.1-GCCcore-13.3.0/lib64 -L/rds/bear-apps/2024a/EL8-ice/software/cURL/8.7.1-GCCcore-13.3.0/lib -L/rds/bear-apps/2024a/EL8-ice/software/OpenSSL/3/lib64 -L/rds/bear-apps/2024a/EL8-ice/software/OpenSSL/3/lib -L/rds/bear-apps/2024a/EL8-ice/software/libgit2/1.8.1-GCCcore-13.3.0/lib64 -L/rds/bear-apps/2024a/EL8-ice/software/libgit2/1.8.1-GCCcore-13.3.0/lib -L/rds/bear-apps/2024a/EL8-ice/software/Java/17.0.15/lib64 -L/rds/bear-apps/2024a/EL8-ice/software/Java/17.0.15/lib -L/rds/bear-apps/2024a/EL8-ice/software/LibTIFF/4.6.0-GCCcore-13.3.0/lib64 -L/rds/bear-apps/2024a/EL8-ice/software/LibTIFF/4.6.0-GCCcore-13.3.0/lib -L/rds/bear-apps/2024a/EL8-ice/software/libjpeg-turbo/3.0.1-GCCcore-13.3.0/lib64 -L/rds/bear-apps/2024a/EL8-ice/software/libjpeg-turbo/3.0.1-GCCcore-13.3.0/lib -L/rds/bear-apps/2024a/EL8-ice/software/libpng/1.6.43-GCCcore-13.3.0/lib64 -L/rds/bear-apps/2024a/EL8-ice/software/libpng/1.6.43-GCCcore-13.3.0/lib -L/rds/bear-apps/2024a/EL8-ice/software/PCRE2/10.43-GCCcore-13.3.0/lib64 -L/rds/bear-apps/2024a/EL8-ice/software/PCRE2/10.43-GCCcore-13.3.0/lib -L/rds/bear-apps/2024a/EL8-ice/software/SQLite/3.45.3-GCCcore-13.3.0/lib64 -L/rds/bear-apps/2024a/EL8-ice/software/SQLite/3.45.3-GCCcore-13.3.0/lib -L/rds/bear-apps/2024a/EL8-ice/software/zlib/1.3.1-GCCcore-13.3.0/lib64 -L/rds/bear-apps/2024a/EL8-ice/software/zlib/1.3.1-GCCcore-13.3.0/lib -L/rds/bear-apps/2024a/EL8-ice/software/XZ/5.4.5-GCCcore-13.3.0/lib64 -L/rds/bear-apps/2024a/EL8-ice/software/XZ/5.4.5-GCCcore-13.3.0/lib -L/rds/bear-apps/2024a/EL8-ice/software/bzip2/1.0.8-GCCcore-13.3.0/lib64 -L/rds/bear-apps/2024a/EL8-ice/software/bzip2/1.0.8-GCCcore-13.3.0/lib -L/rds/bear-apps/2024a/EL8-ice/software/ncurses/6.5-GCCcore-13.3.0/lib64 -L/rds/bear-apps/2024a/EL8-ice/software/ncurses/6.5-GCCcore-13.3.0/lib -L/rds/bear-apps/2024a/EL8-ice/software/libreadline/8.2-GCCcore-13.3.0/lib64 -L/rds/bear-apps/2024a/EL8-ice/software/libreadline/8.2-GCCcore-13.3.0/lib -L/rds/bear-apps/2024a/EL8-ice/software/cairo/1.18.0-GCCcore-13.3.0/lib64 -L/rds/bear-apps/2024a/EL8-ice/software/cairo/1.18.0-GCCcore-13.3.0/lib -L/rds/bear-apps/2024a/EL8-ice/software/libGLU/9.0.3-GCCcore-13.3.0/lib64 -L/rds/bear-apps/2024a/EL8-ice/software/libGLU/9.0.3-GCCcore-13.3.0/lib -L/rds/bear-apps/2024a/EL8-ice/software/Mesa/24.1.3-GCCcore-13.3.0/lib64 -L/rds/bear-apps/2024a/EL8-ice/software/Mesa/24.1.3-GCCcore-13.3.0/lib -L/rds/bear-apps/2024a/EL8-ice/software/X11/20240607-GCCcore-13.3.0/lib64 -L/rds/bear-apps/2024a/EL8-ice/software/X11/20240607-GCCcore-13.3.0/lib -L/rds/bear-apps/2024a/EL8-ice/software/pkgconf/2.2.0-GCCcore-13.3.0/lib64 -L/rds/bear-apps/2024a/EL8-ice/software/pkgconf/2.2.0-GCCcore-13.3.0/lib -L/rds/bear-apps/2024a/EL8-ice/software/FFTW/3.3.10-GCC-13.3.0/lib64 -L/rds/bear-apps/2024a/EL8-ice/software/FFTW/3.3.10-GCC-13.3.0/lib -L/rds/bear-apps/2024a/EL8-ice/software/FlexiBLAS/3.4.4-GCC-13.3.0/lib64 -L/rds/bear-apps/2024a/EL8-ice/software/FlexiBLAS/3.4.4-GCC-13.3.0/lib -L/rds/bear-apps/2024a/EL8-ice/software/GCCcore/13.3.0/lib64 -L/rds/bear-apps/2024a/EL8-ice/software/GCCcore/13.3.0/lib -o filelock.so init.o filelock-unix.o locklist.o -L/rds/bear-apps/2024a/EL8-ice/software/R/4.5.0-gfbf-2024a/lib64/R/lib -lR
make[1]: Leaving directory '/tmp/RtmpPnYWwF/R.INSTALLc12a8e00dd85/pak/src/library/filelock/src'
installing to /rds/homes/a/axv209/R/library/4.5.0/EL8-ice/00LOCK-pak/00new/pak/library/filelock/libs

Compiling jsonlite 
using C compiler: ‘gcc (GCC) 13.3.0’
make[1]: Entering directory '/tmp/RtmpPnYWwF/R.INSTALLc12a8e00dd85/pak/src/library/jsonlite/src'
gcc -std=gnu2x -I"/rds/bear-apps/2024a/EL8-ice/software/R/4.5.0-gfbf-2024a/lib64/R/include" -DNDEBUG -Iyajl/api  -I/rds/bear-apps/2024a/EL8-ice/software/FriBidi/1.0.15-GCCcore-13.3.0/include -I/rds/bear-apps/2024a/EL8-ice/software/HarfBuzz/9.0.0-GCCcore-13.3.0/include -I/rds/bear-apps/2024a/EL8-ice/software/Tk/8.6.14-GCCcore-13.3.0/include -I/rds/bear-apps/2024a/EL8-ice/software/cURL/8.7.1-GCCcore-13.3.0/include -I/rds/bear-apps/2024a/EL8-ice/software/OpenSSL/3/include -I/rds/bear-apps/2024a/EL8-ice/software/libgit2/1.8.1-GCCcore-13.3.0/include -I/rds/bear-apps/2024a/EL8-ice/software/Java/17.0.15/include -I/rds/bear-apps/2024a/EL8-ice/software/LibTIFF/4.6.0-GCCcore-13.3.0/include -I/rds/bear-apps/2024a/EL8-ice/software/libjpeg-turbo/3.0.1-GCCcore-13.3.0/include -I/rds/bear-apps/2024a/EL8-ice/software/libpng/1.6.43-GCCcore-13.3.0/include -I/rds/bear-apps/2024a/EL8-ice/software/PCRE2/10.43-GCCcore-13.3.0/include -I/rds/bear-apps/2024a/EL8-ice/software/SQLite/3.45.3-GCCcore-13.3.0/include -I/rds/bear-apps/2024a/EL8-ice/software/zlib/1.3.1-GCCcore-13.3.0/include -I/rds/bear-apps/2024a/EL8-ice/software/XZ/5.4.5-GCCcore-13.3.0/include -I/rds/bear-apps/2024a/EL8-ice/software/bzip2/1.0.8-GCCcore-13.3.0/include -I/rds/bear-apps/2024a/EL8-ice/software/ncurses/6.5-GCCcore-13.3.0/include -I/rds/bear-apps/2024a/EL8-ice/software/libreadline/8.2-GCCcore-13.3.0/include -I/rds/bear-apps/2024a/EL8-ice/software/cairo/1.18.0-GCCcore-13.3.0/include -I/rds/bear-apps/2024a/EL8-ice/software/libGLU/9.0.3-GCCcore-13.3.0/include -I/rds/bear-apps/2024a/EL8-ice/software/Mesa/24.1.3-GCCcore-13.3.0/include -I/rds/bear-apps/2024a/EL8-ice/software/X11/20240607-GCCcore-13.3.0/include -I/rds/bear-apps/2024a/EL8-ice/software/pkgconf/2.2.0-GCCcore-13.3.0/include -I/rds/bear-apps/2024a/EL8-ice/software/FFTW/3.3.10-GCC-13.3.0/include -I/rds/bear-apps/2024a/EL8-ice/software/FlexiBLAS/3.4.4-GCC-13.3.0/include -I/rds/bear-apps/2024a/EL8-ice/software/FlexiBLAS/3.4.4-GCC-13.3.0/include/flexiblas   -fvisibility=hidden  -fpic  -O2 -ftree-vectorize -march=native -fno-math-errno  -c base64.c -o base64.o
gcc -std=gnu2x -I"/rds/bear-apps/2024a/EL8-ice/software/R/4.5.0-gfbf-2024a/lib64/R/include" -DNDEBUG -Iyajl/api  -I/rds/bear-apps/2024a/EL8-ice/software/FriBidi/1.0.15-GCCcore-13.3.0/include -I/rds/bear-apps/2024a/EL8-ice/software/HarfBuzz/9.0.0-GCCcore-13.3.0/include -I/rds/bear-apps/2024a/EL8-ice/software/Tk/8.6.14-GCCcore-13.3.0/include -I/rds/bear-apps/2024a/EL8-ice/software/cURL/8.7.1-GCCcore-13.3.0/include -I/rds/bear-apps/2024a/EL8-ice/software/OpenSSL/3/include -I/rds/bear-apps/2024a/EL8-ice/software/libgit2/1.8.1-GCCcore-13.3.0/include -I/rds/bear-apps/2024a/EL8-ice/software/Java/17.0.15/include -I/rds/bear-apps/2024a/EL8-ice/software/LibTIFF/4.6.0-GCCcore-13.3.0/include -I/rds/bear-apps/2024a/EL8-ice/software/libjpeg-turbo/3.0.1-GCCcore-13.3.0/include -I/rds/bear-apps/2024a/EL8-ice/software/libpng/1.6.43-GCCcore-13.3.0/include -I/rds/bear-apps/2024a/EL8-ice/software/PCRE2/10.43-GCCcore-13.3.0/include -I/rds/bear-apps/2024a/EL8-ice/software/SQLite/3.45.3-GCCcore-13.3.0/include -I/rds/bear-apps/2024a/EL8-ice/software/zlib/1.3.1-GCCcore-13.3.0/include -I/rds/bear-apps/2024a/EL8-ice/software/XZ/5.4.5-GCCcore-13.3.0/include -I/rds/bear-apps/2024a/EL8-ice/software/bzip2/1.0.8-GCCcore-13.3.0/include -I/rds/bear-apps/2024a/EL8-ice/software/ncurses/6.5-GCCcore-13.3.0/include -I/rds/bear-apps/2024a/EL8-ice/software/libreadline/8.2-GCCcore-13.3.0/include -I/rds/bear-apps/2024a/EL8-ice/software/cairo/1.18.0-GCCcore-13.3.0/include -I/rds/bear-apps/2024a/EL8-ice/software/libGLU/9.0.3-GCCcore-13.3.0/include -I/rds/bear-apps/2024a/EL8-ice/software/Mesa/24.1.3-GCCcore-13.3.0/include -I/rds/bear-apps/2024a/EL8-ice/software/X11/20240607-GCCcore-13.3.0/include -I/rds/bear-apps/2024a/EL8-ice/software/pkgconf/2.2.0-GCCcore-13.3.0/include -I/rds/bear-apps/2024a/EL8-ice/software/FFTW/3.3.10-GCC-13.3.0/include -I/rds/bear-apps/2024a/EL8-ice/software/FlexiBLAS/3.4.4-GCC-13.3.0/include -I/rds/bear-apps/2024a/EL8-ice/software/FlexiBLAS/3.4.4-GCC-13.3.0/include/flexiblas   -fvisibility=hidden  -fpic  -O2 -ftree-vectorize -march=native -fno-math-errno  -c collapse_array.c -o collapse_array.o
gcc -std=gnu2x -I"/rds/bear-apps/2024a/EL8-ice/software/R/4.5.0-gfbf-2024a/lib64/R/include" -DNDEBUG -Iyajl/api  -I/rds/bear-apps/2024a/EL8-ice/software/FriBidi/1.0.15-GCCcore-13.3.0/include -I/rds/bear-apps/2024a/EL8-ice/software/HarfBuzz/9.0.0-GCCcore-13.3.0/include -I/rds/bear-apps/2024a/EL8-ice/software/Tk/8.6.14-GCCcore-13.3.0/include -I/rds/bear-apps/2024a/EL8-ice/software/cURL/8.7.1-GCCcore-13.3.0/include -I/rds/bear-apps/2024a/EL8-ice/software/OpenSSL/3/include -I/rds/bear-apps/2024a/EL8-ice/software/libgit2/1.8.1-GCCcore-13.3.0/include -I/rds/bear-apps/2024a/EL8-ice/software/Java/17.0.15/include -I/rds/bear-apps/2024a/EL8-ice/software/LibTIFF/4.6.0-GCCcore-13.3.0/include -I/rds/bear-apps/2024a/EL8-ice/software/libjpeg-turbo/3.0.1-GCCcore-13.3.0/include -I/rds/bear-apps/2024a/EL8-ice/software/libpng/1.6.43-GCCcore-13.3.0/include -I/rds/bear-apps/2024a/EL8-ice/software/PCRE2/10.43-GCCcore-13.3.0/include -I/rds/bear-apps/2024a/EL8-ice/software/SQLite/3.45.3-GCCcore-13.3.0/include -I/rds/bear-apps/2024a/EL8-ice/software/zlib/1.3.1-GCCcore-13.3.0/include -I/rds/bear-apps/2024a/EL8-ice/software/XZ/5.4.5-GCCcore-13.3.0/include -I/rds/bear-apps/2024a/EL8-ice/software/bzip2/1.0.8-GCCcore-13.3.0/include -I/rds/bear-apps/2024a/EL8-ice/software/ncurses/6.5-GCCcore-13.3.0/include -I/rds/bear-apps/2024a/EL8-ice/software/libreadline/8.2-GCCcore-13.3.0/include -I/rds/bear-apps/2024a/EL8-ice/software/cairo/1.18.0-GCCcore-13.3.0/include -I/rds/bear-apps/2024a/EL8-ice/software/libGLU/9.0.3-GCCcore-13.3.0/include -I/rds/bear-apps/2024a/EL8-ice/software/Mesa/24.1.3-GCCcore-13.3.0/include -I/rds/bear-apps/2024a/EL8-ice/software/X11/20240607-GCCcore-13.3.0/include -I/rds/bear-apps/2024a/EL8-ice/software/pkgconf/2.2.0-GCCcore-13.3.0/include -I/rds/bear-apps/2024a/EL8-ice/software/FFTW/3.3.10-GCC-13.3.0/include -I/rds/bear-apps/2024a/EL8-ice/software/FlexiBLAS/3.4.4-GCC-13.3.0/include -I/rds/bear-apps/2024a/EL8-ice/software/FlexiBLAS/3.4.4-GCC-13.3.0/include/flexiblas   -fvisibility=hidden  -fpic  -O2 -ftree-vectorize -march=native -fno-math-errno  -c collapse_object.c -o collapse_object.o
gcc -std=gnu2x -I"/rds/bear-apps/2024a/EL8-ice/software/R/4.5.0-gfbf-2024a/lib64/R/include" -DNDEBUG -Iyajl/api  -I/rds/bear-apps/2024a/EL8-ice/software/FriBidi/1.0.15-GCCcore-13.3.0/include -I/rds/bear-apps/2024a/EL8-ice/software/HarfBuzz/9.0.0-GCCcore-13.3.0/include -I/rds/bear-apps/2024a/EL8-ice/software/Tk/8.6.14-GCCcore-13.3.0/include -I/rds/bear-apps/2024a/EL8-ice/software/cURL/8.7.1-GCCcore-13.3.0/include -I/rds/bear-apps/2024a/EL8-ice/software/OpenSSL/3/include -I/rds/bear-apps/2024a/EL8-ice/software/libgit2/1.8.1-GCCcore-13.3.0/include -I/rds/bear-apps/2024a/EL8-ice/software/Java/17.0.15/include -I/rds/bear-apps/2024a/EL8-ice/software/LibTIFF/4.6.0-GCCcore-13.3.0/include -I/rds/bear-apps/2024a/EL8-ice/software/libjpeg-turbo/3.0.1-GCCcore-13.3.0/include -I/rds/bear-apps/2024a/EL8-ice/software/libpng/1.6.43-GCCcore-13.3.0/include -I/rds/bear-apps/2024a/EL8-ice/software/PCRE2/10.43-GCCcore-13.3.0/include -I/rds/bear-apps/2024a/EL8-ice/software/SQLite/3.45.3-GCCcore-13.3.0/include -I/rds/bear-apps/2024a/EL8-ice/software/zlib/1.3.1-GCCcore-13.3.0/include -I/rds/bear-apps/2024a/EL8-ice/software/XZ/5.4.5-GCCcore-13.3.0/include -I/rds/bear-apps/2024a/EL8-ice/software/bzip2/1.0.8-GCCcore-13.3.0/include -I/rds/bear-apps/2024a/EL8-ice/software/ncurses/6.5-GCCcore-13.3.0/include -I/rds/bear-apps/2024a/EL8-ice/software/libreadline/8.2-GCCcore-13.3.0/include -I/rds/bear-apps/2024a/EL8-ice/software/cairo/1.18.0-GCCcore-13.3.0/include -I/rds/bear-apps/2024a/EL8-ice/software/libGLU/9.0.3-GCCcore-13.3.0/include -I/rds/bear-apps/2024a/EL8-ice/software/Mesa/24.1.3-GCCcore-13.3.0/include -I/rds/bear-apps/2024a/EL8-ice/software/X11/20240607-GCCcore-13.3.0/include -I/rds/bear-apps/2024a/EL8-ice/software/pkgconf/2.2.0-GCCcore-13.3.0/include -I/rds/bear-apps/2024a/EL8-ice/software/FFTW/3.3.10-GCC-13.3.0/include -I/rds/bear-apps/2024a/EL8-ice/software/FlexiBLAS/3.4.4-GCC-13.3.0/include -I/rds/bear-apps/2024a/EL8-ice/software/FlexiBLAS/3.4.4-GCC-13.3.0/include/flexiblas   -fvisibility=hidden  -fpic  -O2 -ftree-vectorize -march=native -fno-math-errno  -c collapse_pretty.c -o collapse_pretty.o
gcc -std=gnu2x -I"/rds/bear-apps/2024a/EL8-ice/software/R/4.5.0-gfbf-2024a/lib64/R/include" -DNDEBUG -Iyajl/api  -I/rds/bear-apps/2024a/EL8-ice/software/FriBidi/1.0.15-GCCcore-13.3.0/include -I/rds/bear-apps/2024a/EL8-ice/software/HarfBuzz/9.0.0-GCCcore-13.3.0/include -I/rds/bear-apps/2024a/EL8-ice/software/Tk/8.6.14-GCCcore-13.3.0/include -I/rds/bear-apps/2024a/EL8-ice/software/cURL/8.7.1-GCCcore-13.3.0/include -I/rds/bear-apps/2024a/EL8-ice/software/OpenSSL/3/include -I/rds/bear-apps/2024a/EL8-ice/software/libgit2/1.8.1-GCCcore-13.3.0/include -I/rds/bear-apps/2024a/EL8-ice/software/Java/17.0.15/include -I/rds/bear-apps/2024a/EL8-ice/software/LibTIFF/4.6.0-GCCcore-13.3.0/include -I/rds/bear-apps/2024a/EL8-ice/software/libjpeg-turbo/3.0.1-GCCcore-13.3.0/include -I/rds/bear-apps/2024a/EL8-ice/software/libpng/1.6.43-GCCcore-13.3.0/include -I/rds/bear-apps/2024a/EL8-ice/software/PCRE2/10.43-GCCcore-13.3.0/include -I/rds/bear-apps/2024a/EL8-ice/software/SQLite/3.45.3-GCCcore-13.3.0/include -I/rds/bear-apps/2024a/EL8-ice/software/zlib/1.3.1-GCCcore-13.3.0/include -I/rds/bear-apps/2024a/EL8-ice/software/XZ/5.4.5-GCCcore-13.3.0/include -I/rds/bear-apps/2024a/EL8-ice/software/bzip2/1.0.8-GCCcore-13.3.0/include -I/rds/bear-apps/2024a/EL8-ice/software/ncurses/6.5-GCCcore-13.3.0/include -I/rds/bear-apps/2024a/EL8-ice/software/libreadline/8.2-GCCcore-13.3.0/include -I/rds/bear-apps/2024a/EL8-ice/software/cairo/1.18.0-GCCcore-13.3.0/include -I/rds/bear-apps/2024a/EL8-ice/software/libGLU/9.0.3-GCCcore-13.3.0/include -I/rds/bear-apps/2024a/EL8-ice/software/Mesa/24.1.3-GCCcore-13.3.0/include -I/rds/bear-apps/2024a/EL8-ice/software/X11/20240607-GCCcore-13.3.0/include -I/rds/bear-apps/2024a/EL8-ice/software/pkgconf/2.2.0-GCCcore-13.3.0/include -I/rds/bear-apps/2024a/EL8-ice/software/FFTW/3.3.10-GCC-13.3.0/include -I/rds/bear-apps/2024a/EL8-ice/software/FlexiBLAS/3.4.4-GCC-13.3.0/include -I/rds/bear-apps/2024a/EL8-ice/software/FlexiBLAS/3.4.4-GCC-13.3.0/include/flexiblas   -fvisibility=hidden  -fpic  -O2 -ftree-vectorize -march=native -fno-math-errno  -c escape_chars.c -o escape_chars.o
gcc -std=gnu2x -I"/rds/bear-apps/2024a/EL8-ice/software/R/4.5.0-gfbf-2024a/lib64/R/include" -DNDEBUG -Iyajl/api  -I/rds/bear-apps/2024a/EL8-ice/software/FriBidi/1.0.15-GCCcore-13.3.0/include -I/rds/bear-apps/2024a/EL8-ice/software/HarfBuzz/9.0.0-GCCcore-13.3.0/include -I/rds/bear-apps/2024a/EL8-ice/software/Tk/8.6.14-GCCcore-13.3.0/include -I/rds/bear-apps/2024a/EL8-ice/software/cURL/8.7.1-GCCcore-13.3.0/include -I/rds/bear-apps/2024a/EL8-ice/software/OpenSSL/3/include -I/rds/bear-apps/2024a/EL8-ice/software/libgit2/1.8.1-GCCcore-13.3.0/include -I/rds/bear-apps/2024a/EL8-ice/software/Java/17.0.15/include -I/rds/bear-apps/2024a/EL8-ice/software/LibTIFF/4.6.0-GCCcore-13.3.0/include -I/rds/bear-apps/2024a/EL8-ice/software/libjpeg-turbo/3.0.1-GCCcore-13.3.0/include -I/rds/bear-apps/2024a/EL8-ice/software/libpng/1.6.43-GCCcore-13.3.0/include -I/rds/bear-apps/2024a/EL8-ice/software/PCRE2/10.43-GCCcore-13.3.0/include -I/rds/bear-apps/2024a/EL8-ice/software/SQLite/3.45.3-GCCcore-13.3.0/include -I/rds/bear-apps/2024a/EL8-ice/software/zlib/1.3.1-GCCcore-13.3.0/include -I/rds/bear-apps/2024a/EL8-ice/software/XZ/5.4.5-GCCcore-13.3.0/include -I/rds/bear-apps/2024a/EL8-ice/software/bzip2/1.0.8-GCCcore-13.3.0/include -I/rds/bear-apps/2024a/EL8-ice/software/ncurses/6.5-GCCcore-13.3.0/include -I/rds/bear-apps/2024a/EL8-ice/software/libreadline/8.2-GCCcore-13.3.0/include -I/rds/bear-apps/2024a/EL8-ice/software/cairo/1.18.0-GCCcore-13.3.0/include -I/rds/bear-apps/2024a/EL8-ice/software/libGLU/9.0.3-GCCcore-13.3.0/include -I/rds/bear-apps/2024a/EL8-ice/software/Mesa/24.1.3-GCCcore-13.3.0/include -I/rds/bear-apps/2024a/EL8-ice/software/X11/20240607-GCCcore-13.3.0/include -I/rds/bear-apps/2024a/EL8-ice/software/pkgconf/2.2.0-GCCcore-13.3.0/include -I/rds/bear-apps/2024a/EL8-ice/software/FFTW/3.3.10-GCC-13.3.0/include -I/rds/bear-apps/2024a/EL8-ice/software/FlexiBLAS/3.4.4-GCC-13.3.0/include -I/rds/bear-apps/2024a/EL8-ice/software/FlexiBLAS/3.4.4-GCC-13.3.0/include/flexiblas   -fvisibility=hidden  -fpic  -O2 -ftree-vectorize -march=native -fno-math-errno  -c integer64_to_na.c -o integer64_to_na.o
gcc -std=gnu2x -I"/rds/bear-apps/2024a/EL8-ice/software/R/4.5.0-gfbf-2024a/lib64/R/include" -DNDEBUG -Iyajl/api  -I/rds/bear-apps/2024a/EL8-ice/software/FriBidi/1.0.15-GCCcore-13.3.0/include -I/rds/bear-apps/2024a/EL8-ice/software/HarfBuzz/9.0.0-GCCcore-13.3.0/include -I/rds/bear-apps/2024a/EL8-ice/software/Tk/8.6.14-GCCcore-13.3.0/include -I/rds/bear-apps/2024a/EL8-ice/software/cURL/8.7.1-GCCcore-13.3.0/include -I/rds/bear-apps/2024a/EL8-ice/software/OpenSSL/3/include -I/rds/bear-apps/2024a/EL8-ice/software/libgit2/1.8.1-GCCcore-13.3.0/include -I/rds/bear-apps/2024a/EL8-ice/software/Java/17.0.15/include -I/rds/bear-apps/2024a/EL8-ice/software/LibTIFF/4.6.0-GCCcore-13.3.0/include -I/rds/bear-apps/2024a/EL8-ice/software/libjpeg-turbo/3.0.1-GCCcore-13.3.0/include -I/rds/bear-apps/2024a/EL8-ice/software/libpng/1.6.43-GCCcore-13.3.0/include -I/rds/bear-apps/2024a/EL8-ice/software/PCRE2/10.43-GCCcore-13.3.0/include -I/rds/bear-apps/2024a/EL8-ice/software/SQLite/3.45.3-GCCcore-13.3.0/include -I/rds/bear-apps/2024a/EL8-ice/software/zlib/1.3.1-GCCcore-13.3.0/include -I/rds/bear-apps/2024a/EL8-ice/software/XZ/5.4.5-GCCcore-13.3.0/include -I/rds/bear-apps/2024a/EL8-ice/software/bzip2/1.0.8-GCCcore-13.3.0/include -I/rds/bear-apps/2024a/EL8-ice/software/ncurses/6.5-GCCcore-13.3.0/include -I/rds/bear-apps/2024a/EL8-ice/software/libreadline/8.2-GCCcore-13.3.0/include -I/rds/bear-apps/2024a/EL8-ice/software/cairo/1.18.0-GCCcore-13.3.0/include -I/rds/bear-apps/2024a/EL8-ice/software/libGLU/9.0.3-GCCcore-13.3.0/include -I/rds/bear-apps/2024a/EL8-ice/software/Mesa/24.1.3-GCCcore-13.3.0/include -I/rds/bear-apps/2024a/EL8-ice/software/X11/20240607-GCCcore-13.3.0/include -I/rds/bear-apps/2024a/EL8-ice/software/pkgconf/2.2.0-GCCcore-13.3.0/include -I/rds/bear-apps/2024a/EL8-ice/software/FFTW/3.3.10-GCC-13.3.0/include -I/rds/bear-apps/2024a/EL8-ice/software/FlexiBLAS/3.4.4-GCC-13.3.0/include -I/rds/bear-apps/2024a/EL8-ice/software/FlexiBLAS/3.4.4-GCC-13.3.0/include/flexiblas   -fvisibility=hidden  -fpic  -O2 -ftree-vectorize -march=native -fno-math-errno  -c is_datelist.c -o is_datelist.o
gcc -std=gnu2x -I"/rds/bear-apps/2024a/EL8-ice/software/R/4.5.0-gfbf-2024a/lib64/R/include" -DNDEBUG -Iyajl/api  -I/rds/bear-apps/2024a/EL8-ice/software/FriBidi/1.0.15-GCCcore-13.3.0/include -I/rds/bear-apps/2024a/EL8-ice/software/HarfBuzz/9.0.0-GCCcore-13.3.0/include -I/rds/bear-apps/2024a/EL8-ice/software/Tk/8.6.14-GCCcore-13.3.0/include -I/rds/bear-apps/2024a/EL8-ice/software/cURL/8.7.1-GCCcore-13.3.0/include -I/rds/bear-apps/2024a/EL8-ice/software/OpenSSL/3/include -I/rds/bear-apps/2024a/EL8-ice/software/libgit2/1.8.1-GCCcore-13.3.0/include -I/rds/bear-apps/2024a/EL8-ice/software/Java/17.0.15/include -I/rds/bear-apps/2024a/EL8-ice/software/LibTIFF/4.6.0-GCCcore-13.3.0/include -I/rds/bear-apps/2024a/EL8-ice/software/libjpeg-turbo/3.0.1-GCCcore-13.3.0/include -I/rds/bear-apps/2024a/EL8-ice/software/libpng/1.6.43-GCCcore-13.3.0/include -I/rds/bear-apps/2024a/EL8-ice/software/PCRE2/10.43-GCCcore-13.3.0/include -I/rds/bear-apps/2024a/EL8-ice/software/SQLite/3.45.3-GCCcore-13.3.0/include -I/rds/bear-apps/2024a/EL8-ice/software/zlib/1.3.1-GCCcore-13.3.0/include -I/rds/bear-apps/2024a/EL8-ice/software/XZ/5.4.5-GCCcore-13.3.0/include -I/rds/bear-apps/2024a/EL8-ice/software/bzip2/1.0.8-GCCcore-13.3.0/include -I/rds/bear-apps/2024a/EL8-ice/software/ncurses/6.5-GCCcore-13.3.0/include -I/rds/bear-apps/2024a/EL8-ice/software/libreadline/8.2-GCCcore-13.3.0/include -I/rds/bear-apps/2024a/EL8-ice/software/cairo/1.18.0-GCCcore-13.3.0/include -I/rds/bear-apps/2024a/EL8-ice/software/libGLU/9.0.3-GCCcore-13.3.0/include -I/rds/bear-apps/2024a/EL8-ice/software/Mesa/24.1.3-GCCcore-13.3.0/include -I/rds/bear-apps/2024a/EL8-ice/software/X11/20240607-GCCcore-13.3.0/include -I/rds/bear-apps/2024a/EL8-ice/software/pkgconf/2.2.0-GCCcore-13.3.0/include -I/rds/bear-apps/2024a/EL8-ice/software/FFTW/3.3.10-GCC-13.3.0/include -I/rds/bear-apps/2024a/EL8-ice/software/FlexiBLAS/3.4.4-GCC-13.3.0/include -I/rds/bear-apps/2024a/EL8-ice/software/FlexiBLAS/3.4.4-GCC-13.3.0/include/flexiblas   -fvisibility=hidden  -fpic  -O2 -ftree-vectorize -march=native -fno-math-errno  -c is_recordlist.c -o is_recordlist.o
gcc -std=gnu2x -I"/rds/bear-apps/2024a/EL8-ice/software/R/4.5.0-gfbf-2024a/lib64/R/include" -DNDEBUG -Iyajl/api  -I/rds/bear-apps/2024a/EL8-ice/software/FriBidi/1.0.15-GCCcore-13.3.0/include -I/rds/bear-apps/2024a/EL8-ice/software/HarfBuzz/9.0.0-GCCcore-13.3.0/include -I/rds/bear-apps/2024a/EL8-ice/software/Tk/8.6.14-GCCcore-13.3.0/include -I/rds/bear-apps/2024a/EL8-ice/software/cURL/8.7.1-GCCcore-13.3.0/include -I/rds/bear-apps/2024a/EL8-ice/software/OpenSSL/3/include -I/rds/bear-apps/2024a/EL8-ice/software/libgit2/1.8.1-GCCcore-13.3.0/include -I/rds/bear-apps/2024a/EL8-ice/software/Java/17.0.15/include -I/rds/bear-apps/2024a/EL8-ice/software/LibTIFF/4.6.0-GCCcore-13.3.0/include -I/rds/bear-apps/2024a/EL8-ice/software/libjpeg-turbo/3.0.1-GCCcore-13.3.0/include -I/rds/bear-apps/2024a/EL8-ice/software/libpng/1.6.43-GCCcore-13.3.0/include -I/rds/bear-apps/2024a/EL8-ice/software/PCRE2/10.43-GCCcore-13.3.0/include -I/rds/bear-apps/2024a/EL8-ice/software/SQLite/3.45.3-GCCcore-13.3.0/include -I/rds/bear-apps/2024a/EL8-ice/software/zlib/1.3.1-GCCcore-13.3.0/include -I/rds/bear-apps/2024a/EL8-ice/software/XZ/5.4.5-GCCcore-13.3.0/include -I/rds/bear-apps/2024a/EL8-ice/software/bzip2/1.0.8-GCCcore-13.3.0/include -I/rds/bear-apps/2024a/EL8-ice/software/ncurses/6.5-GCCcore-13.3.0/include -I/rds/bear-apps/2024a/EL8-ice/software/libreadline/8.2-GCCcore-13.3.0/include -I/rds/bear-apps/2024a/EL8-ice/software/cairo/1.18.0-GCCcore-13.3.0/include -I/rds/bear-apps/2024a/EL8-ice/software/libGLU/9.0.3-GCCcore-13.3.0/include -I/rds/bear-apps/2024a/EL8-ice/software/Mesa/24.1.3-GCCcore-13.3.0/include -I/rds/bear-apps/2024a/EL8-ice/software/X11/20240607-GCCcore-13.3.0/include -I/rds/bear-apps/2024a/EL8-ice/software/pkgconf/2.2.0-GCCcore-13.3.0/include -I/rds/bear-apps/2024a/EL8-ice/software/FFTW/3.3.10-GCC-13.3.0/include -I/rds/bear-apps/2024a/EL8-ice/software/FlexiBLAS/3.4.4-GCC-13.3.0/include -I/rds/bear-apps/2024a/EL8-ice/software/FlexiBLAS/3.4.4-GCC-13.3.0/include/flexiblas   -fvisibility=hidden  -fpic  -O2 -ftree-vectorize -march=native -fno-math-errno  -c is_scalarlist.c -o is_scalarlist.o
gcc -std=gnu2x -I"/rds/bear-apps/2024a/EL8-ice/software/R/4.5.0-gfbf-2024a/lib64/R/include" -DNDEBUG -Iyajl/api  -I/rds/bear-apps/2024a/EL8-ice/software/FriBidi/1.0.15-GCCcore-13.3.0/include -I/rds/bear-apps/2024a/EL8-ice/software/HarfBuzz/9.0.0-GCCcore-13.3.0/include -I/rds/bear-apps/2024a/EL8-ice/software/Tk/8.6.14-GCCcore-13.3.0/include -I/rds/bear-apps/2024a/EL8-ice/software/cURL/8.7.1-GCCcore-13.3.0/include -I/rds/bear-apps/2024a/EL8-ice/software/OpenSSL/3/include -I/rds/bear-apps/2024a/EL8-ice/software/libgit2/1.8.1-GCCcore-13.3.0/include -I/rds/bear-apps/2024a/EL8-ice/software/Java/17.0.15/include -I/rds/bear-apps/2024a/EL8-ice/software/LibTIFF/4.6.0-GCCcore-13.3.0/include -I/rds/bear-apps/2024a/EL8-ice/software/libjpeg-turbo/3.0.1-GCCcore-13.3.0/include -I/rds/bear-apps/2024a/EL8-ice/software/libpng/1.6.43-GCCcore-13.3.0/include -I/rds/bear-apps/2024a/EL8-ice/software/PCRE2/10.43-GCCcore-13.3.0/include -I/rds/bear-apps/2024a/EL8-ice/software/SQLite/3.45.3-GCCcore-13.3.0/include -I/rds/bear-apps/2024a/EL8-ice/software/zlib/1.3.1-GCCcore-13.3.0/include -I/rds/bear-apps/2024a/EL8-ice/software/XZ/5.4.5-GCCcore-13.3.0/include -I/rds/bear-apps/2024a/EL8-ice/software/bzip2/1.0.8-GCCcore-13.3.0/include -I/rds/bear-apps/2024a/EL8-ice/software/ncurses/6.5-GCCcore-13.3.0/include -I/rds/bear-apps/2024a/EL8-ice/software/libreadline/8.2-GCCcore-13.3.0/include -I/rds/bear-apps/2024a/EL8-ice/software/cairo/1.18.0-GCCcore-13.3.0/include -I/rds/bear-apps/2024a/EL8-ice/software/libGLU/9.0.3-GCCcore-13.3.0/include -I/rds/bear-apps/2024a/EL8-ice/software/Mesa/24.1.3-GCCcore-13.3.0/include -I/rds/bear-apps/2024a/EL8-ice/software/X11/20240607-GCCcore-13.3.0/include -I/rds/bear-apps/2024a/EL8-ice/software/pkgconf/2.2.0-GCCcore-13.3.0/include -I/rds/bear-apps/2024a/EL8-ice/software/FFTW/3.3.10-GCC-13.3.0/include -I/rds/bear-apps/2024a/EL8-ice/software/FlexiBLAS/3.4.4-GCC-13.3.0/include -I/rds/bear-apps/2024a/EL8-ice/software/FlexiBLAS/3.4.4-GCC-13.3.0/include/flexiblas   -fvisibility=hidden  -fpic  -O2 -ftree-vectorize -march=native -fno-math-errno  -c modp_numtoa.c -o modp_numtoa.o
gcc -std=gnu2x -I"/rds/bear-apps/2024a/EL8-ice/software/R/4.5.0-gfbf-2024a/lib64/R/include" -DNDEBUG -Iyajl/api  -I/rds/bear-apps/2024a/EL8-ice/software/FriBidi/1.0.15-GCCcore-13.3.0/include -I/rds/bear-apps/2024a/EL8-ice/software/HarfBuzz/9.0.0-GCCcore-13.3.0/include -I/rds/bear-apps/2024a/EL8-ice/software/Tk/8.6.14-GCCcore-13.3.0/include -I/rds/bear-apps/2024a/EL8-ice/software/cURL/8.7.1-GCCcore-13.3.0/include -I/rds/bear-apps/2024a/EL8-ice/software/OpenSSL/3/include -I/rds/bear-apps/2024a/EL8-ice/software/libgit2/1.8.1-GCCcore-13.3.0/include -I/rds/bear-apps/2024a/EL8-ice/software/Java/17.0.15/include -I/rds/bear-apps/2024a/EL8-ice/software/LibTIFF/4.6.0-GCCcore-13.3.0/include -I/rds/bear-apps/2024a/EL8-ice/software/libjpeg-turbo/3.0.1-GCCcore-13.3.0/include -I/rds/bear-apps/2024a/EL8-ice/software/libpng/1.6.43-GCCcore-13.3.0/include -I/rds/bear-apps/2024a/EL8-ice/software/PCRE2/10.43-GCCcore-13.3.0/include -I/rds/bear-apps/2024a/EL8-ice/software/SQLite/3.45.3-GCCcore-13.3.0/include -I/rds/bear-apps/2024a/EL8-ice/software/zlib/1.3.1-GCCcore-13.3.0/include -I/rds/bear-apps/2024a/EL8-ice/software/XZ/5.4.5-GCCcore-13.3.0/include -I/rds/bear-apps/2024a/EL8-ice/software/bzip2/1.0.8-GCCcore-13.3.0/include -I/rds/bear-apps/2024a/EL8-ice/software/ncurses/6.5-GCCcore-13.3.0/include -I/rds/bear-apps/2024a/EL8-ice/software/libreadline/8.2-GCCcore-13.3.0/include -I/rds/bear-apps/2024a/EL8-ice/software/cairo/1.18.0-GCCcore-13.3.0/include -I/rds/bear-apps/2024a/EL8-ice/software/libGLU/9.0.3-GCCcore-13.3.0/include -I/rds/bear-apps/2024a/EL8-ice/software/Mesa/24.1.3-GCCcore-13.3.0/include -I/rds/bear-apps/2024a/EL8-ice/software/X11/20240607-GCCcore-13.3.0/include -I/rds/bear-apps/2024a/EL8-ice/software/pkgconf/2.2.0-GCCcore-13.3.0/include -I/rds/bear-apps/2024a/EL8-ice/software/FFTW/3.3.10-GCC-13.3.0/include -I/rds/bear-apps/2024a/EL8-ice/software/FlexiBLAS/3.4.4-GCC-13.3.0/include -I/rds/bear-apps/2024a/EL8-ice/software/FlexiBLAS/3.4.4-GCC-13.3.0/include/flexiblas   -fvisibility=hidden  -fpic  -O2 -ftree-vectorize -march=native -fno-math-errno  -c null_to_na.c -o null_to_na.o
gcc -std=gnu2x -I"/rds/bear-apps/2024a/EL8-ice/software/R/4.5.0-gfbf-2024a/lib64/R/include" -DNDEBUG -Iyajl/api  -I/rds/bear-apps/2024a/EL8-ice/software/FriBidi/1.0.15-GCCcore-13.3.0/include -I/rds/bear-apps/2024a/EL8-ice/software/HarfBuzz/9.0.0-GCCcore-13.3.0/include -I/rds/bear-apps/2024a/EL8-ice/software/Tk/8.6.14-GCCcore-13.3.0/include -I/rds/bear-apps/2024a/EL8-ice/software/cURL/8.7.1-GCCcore-13.3.0/include -I/rds/bear-apps/2024a/EL8-ice/software/OpenSSL/3/include -I/rds/bear-apps/2024a/EL8-ice/software/libgit2/1.8.1-GCCcore-13.3.0/include -I/rds/bear-apps/2024a/EL8-ice/software/Java/17.0.15/include -I/rds/bear-apps/2024a/EL8-ice/software/LibTIFF/4.6.0-GCCcore-13.3.0/include -I/rds/bear-apps/2024a/EL8-ice/software/libjpeg-turbo/3.0.1-GCCcore-13.3.0/include -I/rds/bear-apps/2024a/EL8-ice/software/libpng/1.6.43-GCCcore-13.3.0/include -I/rds/bear-apps/2024a/EL8-ice/software/PCRE2/10.43-GCCcore-13.3.0/include -I/rds/bear-apps/2024a/EL8-ice/software/SQLite/3.45.3-GCCcore-13.3.0/include -I/rds/bear-apps/2024a/EL8-ice/software/zlib/1.3.1-GCCcore-13.3.0/include -I/rds/bear-apps/2024a/EL8-ice/software/XZ/5.4.5-GCCcore-13.3.0/include -I/rds/bear-apps/2024a/EL8-ice/software/bzip2/1.0.8-GCCcore-13.3.0/include -I/rds/bear-apps/2024a/EL8-ice/software/ncurses/6.5-GCCcore-13.3.0/include -I/rds/bear-apps/2024a/EL8-ice/software/libreadline/8.2-GCCcore-13.3.0/include -I/rds/bear-apps/2024a/EL8-ice/software/cairo/1.18.0-GCCcore-13.3.0/include -I/rds/bear-apps/2024a/EL8-ice/software/libGLU/9.0.3-GCCcore-13.3.0/include -I/rds/bear-apps/2024a/EL8-ice/software/Mesa/24.1.3-GCCcore-13.3.0/include -I/rds/bear-apps/2024a/EL8-ice/software/X11/20240607-GCCcore-13.3.0/include -I/rds/bear-apps/2024a/EL8-ice/software/pkgconf/2.2.0-GCCcore-13.3.0/include -I/rds/bear-apps/2024a/EL8-ice/software/FFTW/3.3.10-GCC-13.3.0/include -I/rds/bear-apps/2024a/EL8-ice/software/FlexiBLAS/3.4.4-GCC-13.3.0/include -I/rds/bear-apps/2024a/EL8-ice/software/FlexiBLAS/3.4.4-GCC-13.3.0/include/flexiblas   -fvisibility=hidden  -fpic  -O2 -ftree-vectorize -march=native -fno-math-errno  -c num_to_char.c -o num_to_char.o
gcc -std=gnu2x -I"/rds/bear-apps/2024a/EL8-ice/software/R/4.5.0-gfbf-2024a/lib64/R/include" -DNDEBUG -Iyajl/api  -I/rds/bear-apps/2024a/EL8-ice/software/FriBidi/1.0.15-GCCcore-13.3.0/include -I/rds/bear-apps/2024a/EL8-ice/software/HarfBuzz/9.0.0-GCCcore-13.3.0/include -I/rds/bear-apps/2024a/EL8-ice/software/Tk/8.6.14-GCCcore-13.3.0/include -I/rds/bear-apps/2024a/EL8-ice/software/cURL/8.7.1-GCCcore-13.3.0/include -I/rds/bear-apps/2024a/EL8-ice/software/OpenSSL/3/include -I/rds/bear-apps/2024a/EL8-ice/software/libgit2/1.8.1-GCCcore-13.3.0/include -I/rds/bear-apps/2024a/EL8-ice/software/Java/17.0.15/include -I/rds/bear-apps/2024a/EL8-ice/software/LibTIFF/4.6.0-GCCcore-13.3.0/include -I/rds/bear-apps/2024a/EL8-ice/software/libjpeg-turbo/3.0.1-GCCcore-13.3.0/include -I/rds/bear-apps/2024a/EL8-ice/software/libpng/1.6.43-GCCcore-13.3.0/include -I/rds/bear-apps/2024a/EL8-ice/software/PCRE2/10.43-GCCcore-13.3.0/include -I/rds/bear-apps/2024a/EL8-ice/software/SQLite/3.45.3-GCCcore-13.3.0/include -I/rds/bear-apps/2024a/EL8-ice/software/zlib/1.3.1-GCCcore-13.3.0/include -I/rds/bear-apps/2024a/EL8-ice/software/XZ/5.4.5-GCCcore-13.3.0/include -I/rds/bear-apps/2024a/EL8-ice/software/bzip2/1.0.8-GCCcore-13.3.0/include -I/rds/bear-apps/2024a/EL8-ice/software/ncurses/6.5-GCCcore-13.3.0/include -I/rds/bear-apps/2024a/EL8-ice/software/libreadline/8.2-GCCcore-13.3.0/include -I/rds/bear-apps/2024a/EL8-ice/software/cairo/1.18.0-GCCcore-13.3.0/include -I/rds/bear-apps/2024a/EL8-ice/software/libGLU/9.0.3-GCCcore-13.3.0/include -I/rds/bear-apps/2024a/EL8-ice/software/Mesa/24.1.3-GCCcore-13.3.0/include -I/rds/bear-apps/2024a/EL8-ice/software/X11/20240607-GCCcore-13.3.0/include -I/rds/bear-apps/2024a/EL8-ice/software/pkgconf/2.2.0-GCCcore-13.3.0/include -I/rds/bear-apps/2024a/EL8-ice/software/FFTW/3.3.10-GCC-13.3.0/include -I/rds/bear-apps/2024a/EL8-ice/software/FlexiBLAS/3.4.4-GCC-13.3.0/include -I/rds/bear-apps/2024a/EL8-ice/software/FlexiBLAS/3.4.4-GCC-13.3.0/include/flexiblas   -fvisibility=hidden  -fpic  -O2 -ftree-vectorize -march=native -fno-math-errno  -c parse.c -o parse.o
gcc -std=gnu2x -I"/rds/bear-apps/2024a/EL8-ice/software/R/4.5.0-gfbf-2024a/lib64/R/include" -DNDEBUG -Iyajl/api  -I/rds/bear-apps/2024a/EL8-ice/software/FriBidi/1.0.15-GCCcore-13.3.0/include -I/rds/bear-apps/2024a/EL8-ice/software/HarfBuzz/9.0.0-GCCcore-13.3.0/include -I/rds/bear-apps/2024a/EL8-ice/software/Tk/8.6.14-GCCcore-13.3.0/include -I/rds/bear-apps/2024a/EL8-ice/software/cURL/8.7.1-GCCcore-13.3.0/include -I/rds/bear-apps/2024a/EL8-ice/software/OpenSSL/3/include -I/rds/bear-apps/2024a/EL8-ice/software/libgit2/1.8.1-GCCcore-13.3.0/include -I/rds/bear-apps/2024a/EL8-ice/software/Java/17.0.15/include -I/rds/bear-apps/2024a/EL8-ice/software/LibTIFF/4.6.0-GCCcore-13.3.0/include -I/rds/bear-apps/2024a/EL8-ice/software/libjpeg-turbo/3.0.1-GCCcore-13.3.0/include -I/rds/bear-apps/2024a/EL8-ice/software/libpng/1.6.43-GCCcore-13.3.0/include -I/rds/bear-apps/2024a/EL8-ice/software/PCRE2/10.43-GCCcore-13.3.0/include -I/rds/bear-apps/2024a/EL8-ice/software/SQLite/3.45.3-GCCcore-13.3.0/include -I/rds/bear-apps/2024a/EL8-ice/software/zlib/1.3.1-GCCcore-13.3.0/include -I/rds/bear-apps/2024a/EL8-ice/software/XZ/5.4.5-GCCcore-13.3.0/include -I/rds/bear-apps/2024a/EL8-ice/software/bzip2/1.0.8-GCCcore-13.3.0/include -I/rds/bear-apps/2024a/EL8-ice/software/ncurses/6.5-GCCcore-13.3.0/include -I/rds/bear-apps/2024a/EL8-ice/software/libreadline/8.2-GCCcore-13.3.0/include -I/rds/bear-apps/2024a/EL8-ice/software/cairo/1.18.0-GCCcore-13.3.0/include -I/rds/bear-apps/2024a/EL8-ice/software/libGLU/9.0.3-GCCcore-13.3.0/include -I/rds/bear-apps/2024a/EL8-ice/software/Mesa/24.1.3-GCCcore-13.3.0/include -I/rds/bear-apps/2024a/EL8-ice/software/X11/20240607-GCCcore-13.3.0/include -I/rds/bear-apps/2024a/EL8-ice/software/pkgconf/2.2.0-GCCcore-13.3.0/include -I/rds/bear-apps/2024a/EL8-ice/software/FFTW/3.3.10-GCC-13.3.0/include -I/rds/bear-apps/2024a/EL8-ice/software/FlexiBLAS/3.4.4-GCC-13.3.0/include -I/rds/bear-apps/2024a/EL8-ice/software/FlexiBLAS/3.4.4-GCC-13.3.0/include/flexiblas   -fvisibility=hidden  -fpic  -O2 -ftree-vectorize -march=native -fno-math-errno  -c prettify.c -o prettify.o
gcc -std=gnu2x -I"/rds/bear-apps/2024a/EL8-ice/software/R/4.5.0-gfbf-2024a/lib64/R/include" -DNDEBUG -Iyajl/api  -I/rds/bear-apps/2024a/EL8-ice/software/FriBidi/1.0.15-GCCcore-13.3.0/include -I/rds/bear-apps/2024a/EL8-ice/software/HarfBuzz/9.0.0-GCCcore-13.3.0/include -I/rds/bear-apps/2024a/EL8-ice/software/Tk/8.6.14-GCCcore-13.3.0/include -I/rds/bear-apps/2024a/EL8-ice/software/cURL/8.7.1-GCCcore-13.3.0/include -I/rds/bear-apps/2024a/EL8-ice/software/OpenSSL/3/include -I/rds/bear-apps/2024a/EL8-ice/software/libgit2/1.8.1-GCCcore-13.3.0/include -I/rds/bear-apps/2024a/EL8-ice/software/Java/17.0.15/include -I/rds/bear-apps/2024a/EL8-ice/software/LibTIFF/4.6.0-GCCcore-13.3.0/include -I/rds/bear-apps/2024a/EL8-ice/software/libjpeg-turbo/3.0.1-GCCcore-13.3.0/include -I/rds/bear-apps/2024a/EL8-ice/software/libpng/1.6.43-GCCcore-13.3.0/include -I/rds/bear-apps/2024a/EL8-ice/software/PCRE2/10.43-GCCcore-13.3.0/include -I/rds/bear-apps/2024a/EL8-ice/software/SQLite/3.45.3-GCCcore-13.3.0/include -I/rds/bear-apps/2024a/EL8-ice/software/zlib/1.3.1-GCCcore-13.3.0/include -I/rds/bear-apps/2024a/EL8-ice/software/XZ/5.4.5-GCCcore-13.3.0/include -I/rds/bear-apps/2024a/EL8-ice/software/bzip2/1.0.8-GCCcore-13.3.0/include -I/rds/bear-apps/2024a/EL8-ice/software/ncurses/6.5-GCCcore-13.3.0/include -I/rds/bear-apps/2024a/EL8-ice/software/libreadline/8.2-GCCcore-13.3.0/include -I/rds/bear-apps/2024a/EL8-ice/software/cairo/1.18.0-GCCcore-13.3.0/include -I/rds/bear-apps/2024a/EL8-ice/software/libGLU/9.0.3-GCCcore-13.3.0/include -I/rds/bear-apps/2024a/EL8-ice/software/Mesa/24.1.3-GCCcore-13.3.0/include -I/rds/bear-apps/2024a/EL8-ice/software/X11/20240607-GCCcore-13.3.0/include -I/rds/bear-apps/2024a/EL8-ice/software/pkgconf/2.2.0-GCCcore-13.3.0/include -I/rds/bear-apps/2024a/EL8-ice/software/FFTW/3.3.10-GCC-13.3.0/include -I/rds/bear-apps/2024a/EL8-ice/software/FlexiBLAS/3.4.4-GCC-13.3.0/include -I/rds/bear-apps/2024a/EL8-ice/software/FlexiBLAS/3.4.4-GCC-13.3.0/include/flexiblas   -fvisibility=hidden  -fpic  -O2 -ftree-vectorize -march=native -fno-math-errno  -c push_parser.c -o push_parser.o
gcc -std=gnu2x -I"/rds/bear-apps/2024a/EL8-ice/software/R/4.5.0-gfbf-2024a/lib64/R/include" -DNDEBUG -Iyajl/api  -I/rds/bear-apps/2024a/EL8-ice/software/FriBidi/1.0.15-GCCcore-13.3.0/include -I/rds/bear-apps/2024a/EL8-ice/software/HarfBuzz/9.0.0-GCCcore-13.3.0/include -I/rds/bear-apps/2024a/EL8-ice/software/Tk/8.6.14-GCCcore-13.3.0/include -I/rds/bear-apps/2024a/EL8-ice/software/cURL/8.7.1-GCCcore-13.3.0/include -I/rds/bear-apps/2024a/EL8-ice/software/OpenSSL/3/include -I/rds/bear-apps/2024a/EL8-ice/software/libgit2/1.8.1-GCCcore-13.3.0/include -I/rds/bear-apps/2024a/EL8-ice/software/Java/17.0.15/include -I/rds/bear-apps/2024a/EL8-ice/software/LibTIFF/4.6.0-GCCcore-13.3.0/include -I/rds/bear-apps/2024a/EL8-ice/software/libjpeg-turbo/3.0.1-GCCcore-13.3.0/include -I/rds/bear-apps/2024a/EL8-ice/software/libpng/1.6.43-GCCcore-13.3.0/include -I/rds/bear-apps/2024a/EL8-ice/software/PCRE2/10.43-GCCcore-13.3.0/include -I/rds/bear-apps/2024a/EL8-ice/software/SQLite/3.45.3-GCCcore-13.3.0/include -I/rds/bear-apps/2024a/EL8-ice/software/zlib/1.3.1-GCCcore-13.3.0/include -I/rds/bear-apps/2024a/EL8-ice/software/XZ/5.4.5-GCCcore-13.3.0/include -I/rds/bear-apps/2024a/EL8-ice/software/bzip2/1.0.8-GCCcore-13.3.0/include -I/rds/bear-apps/2024a/EL8-ice/software/ncurses/6.5-GCCcore-13.3.0/include -I/rds/bear-apps/2024a/EL8-ice/software/libreadline/8.2-GCCcore-13.3.0/include -I/rds/bear-apps/2024a/EL8-ice/software/cairo/1.18.0-GCCcore-13.3.0/include -I/rds/bear-apps/2024a/EL8-ice/software/libGLU/9.0.3-GCCcore-13.3.0/include -I/rds/bear-apps/2024a/EL8-ice/software/Mesa/24.1.3-GCCcore-13.3.0/include -I/rds/bear-apps/2024a/EL8-ice/software/X11/20240607-GCCcore-13.3.0/include -I/rds/bear-apps/2024a/EL8-ice/software/pkgconf/2.2.0-GCCcore-13.3.0/include -I/rds/bear-apps/2024a/EL8-ice/software/FFTW/3.3.10-GCC-13.3.0/include -I/rds/bear-apps/2024a/EL8-ice/software/FlexiBLAS/3.4.4-GCC-13.3.0/include -I/rds/bear-apps/2024a/EL8-ice/software/FlexiBLAS/3.4.4-GCC-13.3.0/include/flexiblas   -fvisibility=hidden  -fpic  -O2 -ftree-vectorize -march=native -fno-math-errno  -c r-base64.c -o r-base64.o
gcc -std=gnu2x -I"/rds/bear-apps/2024a/EL8-ice/software/R/4.5.0-gfbf-2024a/lib64/R/include" -DNDEBUG -Iyajl/api  -I/rds/bear-apps/2024a/EL8-ice/software/FriBidi/1.0.15-GCCcore-13.3.0/include -I/rds/bear-apps/2024a/EL8-ice/software/HarfBuzz/9.0.0-GCCcore-13.3.0/include -I/rds/bear-apps/2024a/EL8-ice/software/Tk/8.6.14-GCCcore-13.3.0/include -I/rds/bear-apps/2024a/EL8-ice/software/cURL/8.7.1-GCCcore-13.3.0/include -I/rds/bear-apps/2024a/EL8-ice/software/OpenSSL/3/include -I/rds/bear-apps/2024a/EL8-ice/software/libgit2/1.8.1-GCCcore-13.3.0/include -I/rds/bear-apps/2024a/EL8-ice/software/Java/17.0.15/include -I/rds/bear-apps/2024a/EL8-ice/software/LibTIFF/4.6.0-GCCcore-13.3.0/include -I/rds/bear-apps/2024a/EL8-ice/software/libjpeg-turbo/3.0.1-GCCcore-13.3.0/include -I/rds/bear-apps/2024a/EL8-ice/software/libpng/1.6.43-GCCcore-13.3.0/include -I/rds/bear-apps/2024a/EL8-ice/software/PCRE2/10.43-GCCcore-13.3.0/include -I/rds/bear-apps/2024a/EL8-ice/software/SQLite/3.45.3-GCCcore-13.3.0/include -I/rds/bear-apps/2024a/EL8-ice/software/zlib/1.3.1-GCCcore-13.3.0/include -I/rds/bear-apps/2024a/EL8-ice/software/XZ/5.4.5-GCCcore-13.3.0/include -I/rds/bear-apps/2024a/EL8-ice/software/bzip2/1.0.8-GCCcore-13.3.0/include -I/rds/bear-apps/2024a/EL8-ice/software/ncurses/6.5-GCCcore-13.3.0/include -I/rds/bear-apps/2024a/EL8-ice/software/libreadline/8.2-GCCcore-13.3.0/include -I/rds/bear-apps/2024a/EL8-ice/software/cairo/1.18.0-GCCcore-13.3.0/include -I/rds/bear-apps/2024a/EL8-ice/software/libGLU/9.0.3-GCCcore-13.3.0/include -I/rds/bear-apps/2024a/EL8-ice/software/Mesa/24.1.3-GCCcore-13.3.0/include -I/rds/bear-apps/2024a/EL8-ice/software/X11/20240607-GCCcore-13.3.0/include -I/rds/bear-apps/2024a/EL8-ice/software/pkgconf/2.2.0-GCCcore-13.3.0/include -I/rds/bear-apps/2024a/EL8-ice/software/FFTW/3.3.10-GCC-13.3.0/include -I/rds/bear-apps/2024a/EL8-ice/software/FlexiBLAS/3.4.4-GCC-13.3.0/include -I/rds/bear-apps/2024a/EL8-ice/software/FlexiBLAS/3.4.4-GCC-13.3.0/include/flexiblas   -fvisibility=hidden  -fpic  -O2 -ftree-vectorize -march=native -fno-math-errno  -c register.c -o register.o
gcc -std=gnu2x -I"/rds/bear-apps/2024a/EL8-ice/software/R/4.5.0-gfbf-2024a/lib64/R/include" -DNDEBUG -Iyajl/api  -I/rds/bear-apps/2024a/EL8-ice/software/FriBidi/1.0.15-GCCcore-13.3.0/include -I/rds/bear-apps/2024a/EL8-ice/software/HarfBuzz/9.0.0-GCCcore-13.3.0/include -I/rds/bear-apps/2024a/EL8-ice/software/Tk/8.6.14-GCCcore-13.3.0/include -I/rds/bear-apps/2024a/EL8-ice/software/cURL/8.7.1-GCCcore-13.3.0/include -I/rds/bear-apps/2024a/EL8-ice/software/OpenSSL/3/include -I/rds/bear-apps/2024a/EL8-ice/software/libgit2/1.8.1-GCCcore-13.3.0/include -I/rds/bear-apps/2024a/EL8-ice/software/Java/17.0.15/include -I/rds/bear-apps/2024a/EL8-ice/software/LibTIFF/4.6.0-GCCcore-13.3.0/include -I/rds/bear-apps/2024a/EL8-ice/software/libjpeg-turbo/3.0.1-GCCcore-13.3.0/include -I/rds/bear-apps/2024a/EL8-ice/software/libpng/1.6.43-GCCcore-13.3.0/include -I/rds/bear-apps/2024a/EL8-ice/software/PCRE2/10.43-GCCcore-13.3.0/include -I/rds/bear-apps/2024a/EL8-ice/software/SQLite/3.45.3-GCCcore-13.3.0/include -I/rds/bear-apps/2024a/EL8-ice/software/zlib/1.3.1-GCCcore-13.3.0/include -I/rds/bear-apps/2024a/EL8-ice/software/XZ/5.4.5-GCCcore-13.3.0/include -I/rds/bear-apps/2024a/EL8-ice/software/bzip2/1.0.8-GCCcore-13.3.0/include -I/rds/bear-apps/2024a/EL8-ice/software/ncurses/6.5-GCCcore-13.3.0/include -I/rds/bear-apps/2024a/EL8-ice/software/libreadline/8.2-GCCcore-13.3.0/include -I/rds/bear-apps/2024a/EL8-ice/software/cairo/1.18.0-GCCcore-13.3.0/include -I/rds/bear-apps/2024a/EL8-ice/software/libGLU/9.0.3-GCCcore-13.3.0/include -I/rds/bear-apps/2024a/EL8-ice/software/Mesa/24.1.3-GCCcore-13.3.0/include -I/rds/bear-apps/2024a/EL8-ice/software/X11/20240607-GCCcore-13.3.0/include -I/rds/bear-apps/2024a/EL8-ice/software/pkgconf/2.2.0-GCCcore-13.3.0/include -I/rds/bear-apps/2024a/EL8-ice/software/FFTW/3.3.10-GCC-13.3.0/include -I/rds/bear-apps/2024a/EL8-ice/software/FlexiBLAS/3.4.4-GCC-13.3.0/include -I/rds/bear-apps/2024a/EL8-ice/software/FlexiBLAS/3.4.4-GCC-13.3.0/include/flexiblas   -fvisibility=hidden  -fpic  -O2 -ftree-vectorize -march=native -fno-math-errno  -c row_collapse.c -o row_collapse.o
gcc -std=gnu2x -I"/rds/bear-apps/2024a/EL8-ice/software/R/4.5.0-gfbf-2024a/lib64/R/include" -DNDEBUG -Iyajl/api  -I/rds/bear-apps/2024a/EL8-ice/software/FriBidi/1.0.15-GCCcore-13.3.0/include -I/rds/bear-apps/2024a/EL8-ice/software/HarfBuzz/9.0.0-GCCcore-13.3.0/include -I/rds/bear-apps/2024a/EL8-ice/software/Tk/8.6.14-GCCcore-13.3.0/include -I/rds/bear-apps/2024a/EL8-ice/software/cURL/8.7.1-GCCcore-13.3.0/include -I/rds/bear-apps/2024a/EL8-ice/software/OpenSSL/3/include -I/rds/bear-apps/2024a/EL8-ice/software/libgit2/1.8.1-GCCcore-13.3.0/include -I/rds/bear-apps/2024a/EL8-ice/software/Java/17.0.15/include -I/rds/bear-apps/2024a/EL8-ice/software/LibTIFF/4.6.0-GCCcore-13.3.0/include -I/rds/bear-apps/2024a/EL8-ice/software/libjpeg-turbo/3.0.1-GCCcore-13.3.0/include -I/rds/bear-apps/2024a/EL8-ice/software/libpng/1.6.43-GCCcore-13.3.0/include -I/rds/bear-apps/2024a/EL8-ice/software/PCRE2/10.43-GCCcore-13.3.0/include -I/rds/bear-apps/2024a/EL8-ice/software/SQLite/3.45.3-GCCcore-13.3.0/include -I/rds/bear-apps/2024a/EL8-ice/software/zlib/1.3.1-GCCcore-13.3.0/include -I/rds/bear-apps/2024a/EL8-ice/software/XZ/5.4.5-GCCcore-13.3.0/include -I/rds/bear-apps/2024a/EL8-ice/software/bzip2/1.0.8-GCCcore-13.3.0/include -I/rds/bear-apps/2024a/EL8-ice/software/ncurses/6.5-GCCcore-13.3.0/include -I/rds/bear-apps/2024a/EL8-ice/software/libreadline/8.2-GCCcore-13.3.0/include -I/rds/bear-apps/2024a/EL8-ice/software/cairo/1.18.0-GCCcore-13.3.0/include -I/rds/bear-apps/2024a/EL8-ice/software/libGLU/9.0.3-GCCcore-13.3.0/include -I/rds/bear-apps/2024a/EL8-ice/software/Mesa/24.1.3-GCCcore-13.3.0/include -I/rds/bear-apps/2024a/EL8-ice/software/X11/20240607-GCCcore-13.3.0/include -I/rds/bear-apps/2024a/EL8-ice/software/pkgconf/2.2.0-GCCcore-13.3.0/include -I/rds/bear-apps/2024a/EL8-ice/software/FFTW/3.3.10-GCC-13.3.0/include -I/rds/bear-apps/2024a/EL8-ice/software/FlexiBLAS/3.4.4-GCC-13.3.0/include -I/rds/bear-apps/2024a/EL8-ice/software/FlexiBLAS/3.4.4-GCC-13.3.0/include/flexiblas   -fvisibility=hidden  -fpic  -O2 -ftree-vectorize -march=native -fno-math-errno  -c transpose_list.c -o transpose_list.o
gcc -std=gnu2x -I"/rds/bear-apps/2024a/EL8-ice/software/R/4.5.0-gfbf-2024a/lib64/R/include" -DNDEBUG -Iyajl/api  -I/rds/bear-apps/2024a/EL8-ice/software/FriBidi/1.0.15-GCCcore-13.3.0/include -I/rds/bear-apps/2024a/EL8-ice/software/HarfBuzz/9.0.0-GCCcore-13.3.0/include -I/rds/bear-apps/2024a/EL8-ice/software/Tk/8.6.14-GCCcore-13.3.0/include -I/rds/bear-apps/2024a/EL8-ice/software/cURL/8.7.1-GCCcore-13.3.0/include -I/rds/bear-apps/2024a/EL8-ice/software/OpenSSL/3/include -I/rds/bear-apps/2024a/EL8-ice/software/libgit2/1.8.1-GCCcore-13.3.0/include -I/rds/bear-apps/2024a/EL8-ice/software/Java/17.0.15/include -I/rds/bear-apps/2024a/EL8-ice/software/LibTIFF/4.6.0-GCCcore-13.3.0/include -I/rds/bear-apps/2024a/EL8-ice/software/libjpeg-turbo/3.0.1-GCCcore-13.3.0/include -I/rds/bear-apps/2024a/EL8-ice/software/libpng/1.6.43-GCCcore-13.3.0/include -I/rds/bear-apps/2024a/EL8-ice/software/PCRE2/10.43-GCCcore-13.3.0/include -I/rds/bear-apps/2024a/EL8-ice/software/SQLite/3.45.3-GCCcore-13.3.0/include -I/rds/bear-apps/2024a/EL8-ice/software/zlib/1.3.1-GCCcore-13.3.0/include -I/rds/bear-apps/2024a/EL8-ice/software/XZ/5.4.5-GCCcore-13.3.0/include -I/rds/bear-apps/2024a/EL8-ice/software/bzip2/1.0.8-GCCcore-13.3.0/include -I/rds/bear-apps/2024a/EL8-ice/software/ncurses/6.5-GCCcore-13.3.0/include -I/rds/bear-apps/2024a/EL8-ice/software/libreadline/8.2-GCCcore-13.3.0/include -I/rds/bear-apps/2024a/EL8-ice/software/cairo/1.18.0-GCCcore-13.3.0/include -I/rds/bear-apps/2024a/EL8-ice/software/libGLU/9.0.3-GCCcore-13.3.0/include -I/rds/bear-apps/2024a/EL8-ice/software/Mesa/24.1.3-GCCcore-13.3.0/include -I/rds/bear-apps/2024a/EL8-ice/software/X11/20240607-GCCcore-13.3.0/include -I/rds/bear-apps/2024a/EL8-ice/software/pkgconf/2.2.0-GCCcore-13.3.0/include -I/rds/bear-apps/2024a/EL8-ice/software/FFTW/3.3.10-GCC-13.3.0/include -I/rds/bear-apps/2024a/EL8-ice/software/FlexiBLAS/3.4.4-GCC-13.3.0/include -I/rds/bear-apps/2024a/EL8-ice/software/FlexiBLAS/3.4.4-GCC-13.3.0/include/flexiblas   -fvisibility=hidden  -fpic  -O2 -ftree-vectorize -march=native -fno-math-errno  -c validate.c -o validate.o
gcc -std=gnu2x -I"/rds/bear-apps/2024a/EL8-ice/software/R/4.5.0-gfbf-2024a/lib64/R/include" -DNDEBUG -Iyajl/api  -I/rds/bear-apps/2024a/EL8-ice/software/FriBidi/1.0.15-GCCcore-13.3.0/include -I/rds/bear-apps/2024a/EL8-ice/software/HarfBuzz/9.0.0-GCCcore-13.3.0/include -I/rds/bear-apps/2024a/EL8-ice/software/Tk/8.6.14-GCCcore-13.3.0/include -I/rds/bear-apps/2024a/EL8-ice/software/cURL/8.7.1-GCCcore-13.3.0/include -I/rds/bear-apps/2024a/EL8-ice/software/OpenSSL/3/include -I/rds/bear-apps/2024a/EL8-ice/software/libgit2/1.8.1-GCCcore-13.3.0/include -I/rds/bear-apps/2024a/EL8-ice/software/Java/17.0.15/include -I/rds/bear-apps/2024a/EL8-ice/software/LibTIFF/4.6.0-GCCcore-13.3.0/include -I/rds/bear-apps/2024a/EL8-ice/software/libjpeg-turbo/3.0.1-GCCcore-13.3.0/include -I/rds/bear-apps/2024a/EL8-ice/software/libpng/1.6.43-GCCcore-13.3.0/include -I/rds/bear-apps/2024a/EL8-ice/software/PCRE2/10.43-GCCcore-13.3.0/include -I/rds/bear-apps/2024a/EL8-ice/software/SQLite/3.45.3-GCCcore-13.3.0/include -I/rds/bear-apps/2024a/EL8-ice/software/zlib/1.3.1-GCCcore-13.3.0/include -I/rds/bear-apps/2024a/EL8-ice/software/XZ/5.4.5-GCCcore-13.3.0/include -I/rds/bear-apps/2024a/EL8-ice/software/bzip2/1.0.8-GCCcore-13.3.0/include -I/rds/bear-apps/2024a/EL8-ice/software/ncurses/6.5-GCCcore-13.3.0/include -I/rds/bear-apps/2024a/EL8-ice/software/libreadline/8.2-GCCcore-13.3.0/include -I/rds/bear-apps/2024a/EL8-ice/software/cairo/1.18.0-GCCcore-13.3.0/include -I/rds/bear-apps/2024a/EL8-ice/software/libGLU/9.0.3-GCCcore-13.3.0/include -I/rds/bear-apps/2024a/EL8-ice/software/Mesa/24.1.3-GCCcore-13.3.0/include -I/rds/bear-apps/2024a/EL8-ice/software/X11/20240607-GCCcore-13.3.0/include -I/rds/bear-apps/2024a/EL8-ice/software/pkgconf/2.2.0-GCCcore-13.3.0/include -I/rds/bear-apps/2024a/EL8-ice/software/FFTW/3.3.10-GCC-13.3.0/include -I/rds/bear-apps/2024a/EL8-ice/software/FlexiBLAS/3.4.4-GCC-13.3.0/include -I/rds/bear-apps/2024a/EL8-ice/software/FlexiBLAS/3.4.4-GCC-13.3.0/include/flexiblas   -fvisibility=hidden  -fpic  -O2 -ftree-vectorize -march=native -fno-math-errno  -c yajl/yajl.c -o yajl/yajl.o
gcc -std=gnu2x -I"/rds/bear-apps/2024a/EL8-ice/software/R/4.5.0-gfbf-2024a/lib64/R/include" -DNDEBUG -Iyajl/api  -I/rds/bear-apps/2024a/EL8-ice/software/FriBidi/1.0.15-GCCcore-13.3.0/include -I/rds/bear-apps/2024a/EL8-ice/software/HarfBuzz/9.0.0-GCCcore-13.3.0/include -I/rds/bear-apps/2024a/EL8-ice/software/Tk/8.6.14-GCCcore-13.3.0/include -I/rds/bear-apps/2024a/EL8-ice/software/cURL/8.7.1-GCCcore-13.3.0/include -I/rds/bear-apps/2024a/EL8-ice/software/OpenSSL/3/include -I/rds/bear-apps/2024a/EL8-ice/software/libgit2/1.8.1-GCCcore-13.3.0/include -I/rds/bear-apps/2024a/EL8-ice/software/Java/17.0.15/include -I/rds/bear-apps/2024a/EL8-ice/software/LibTIFF/4.6.0-GCCcore-13.3.0/include -I/rds/bear-apps/2024a/EL8-ice/software/libjpeg-turbo/3.0.1-GCCcore-13.3.0/include -I/rds/bear-apps/2024a/EL8-ice/software/libpng/1.6.43-GCCcore-13.3.0/include -I/rds/bear-apps/2024a/EL8-ice/software/PCRE2/10.43-GCCcore-13.3.0/include -I/rds/bear-apps/2024a/EL8-ice/software/SQLite/3.45.3-GCCcore-13.3.0/include -I/rds/bear-apps/2024a/EL8-ice/software/zlib/1.3.1-GCCcore-13.3.0/include -I/rds/bear-apps/2024a/EL8-ice/software/XZ/5.4.5-GCCcore-13.3.0/include -I/rds/bear-apps/2024a/EL8-ice/software/bzip2/1.0.8-GCCcore-13.3.0/include -I/rds/bear-apps/2024a/EL8-ice/software/ncurses/6.5-GCCcore-13.3.0/include -I/rds/bear-apps/2024a/EL8-ice/software/libreadline/8.2-GCCcore-13.3.0/include -I/rds/bear-apps/2024a/EL8-ice/software/cairo/1.18.0-GCCcore-13.3.0/include -I/rds/bear-apps/2024a/EL8-ice/software/libGLU/9.0.3-GCCcore-13.3.0/include -I/rds/bear-apps/2024a/EL8-ice/software/Mesa/24.1.3-GCCcore-13.3.0/include -I/rds/bear-apps/2024a/EL8-ice/software/X11/20240607-GCCcore-13.3.0/include -I/rds/bear-apps/2024a/EL8-ice/software/pkgconf/2.2.0-GCCcore-13.3.0/include -I/rds/bear-apps/2024a/EL8-ice/software/FFTW/3.3.10-GCC-13.3.0/include -I/rds/bear-apps/2024a/EL8-ice/software/FlexiBLAS/3.4.4-GCC-13.3.0/include -I/rds/bear-apps/2024a/EL8-ice/software/FlexiBLAS/3.4.4-GCC-13.3.0/include/flexiblas   -fvisibility=hidden  -fpic  -O2 -ftree-vectorize -march=native -fno-math-errno  -c yajl/yajl_alloc.c -o yajl/yajl_alloc.o
gcc -std=gnu2x -I"/rds/bear-apps/2024a/EL8-ice/software/R/4.5.0-gfbf-2024a/lib64/R/include" -DNDEBUG -Iyajl/api  -I/rds/bear-apps/2024a/EL8-ice/software/FriBidi/1.0.15-GCCcore-13.3.0/include -I/rds/bear-apps/2024a/EL8-ice/software/HarfBuzz/9.0.0-GCCcore-13.3.0/include -I/rds/bear-apps/2024a/EL8-ice/software/Tk/8.6.14-GCCcore-13.3.0/include -I/rds/bear-apps/2024a/EL8-ice/software/cURL/8.7.1-GCCcore-13.3.0/include -I/rds/bear-apps/2024a/EL8-ice/software/OpenSSL/3/include -I/rds/bear-apps/2024a/EL8-ice/software/libgit2/1.8.1-GCCcore-13.3.0/include -I/rds/bear-apps/2024a/EL8-ice/software/Java/17.0.15/include -I/rds/bear-apps/2024a/EL8-ice/software/LibTIFF/4.6.0-GCCcore-13.3.0/include -I/rds/bear-apps/2024a/EL8-ice/software/libjpeg-turbo/3.0.1-GCCcore-13.3.0/include -I/rds/bear-apps/2024a/EL8-ice/software/libpng/1.6.43-GCCcore-13.3.0/include -I/rds/bear-apps/2024a/EL8-ice/software/PCRE2/10.43-GCCcore-13.3.0/include -I/rds/bear-apps/2024a/EL8-ice/software/SQLite/3.45.3-GCCcore-13.3.0/include -I/rds/bear-apps/2024a/EL8-ice/software/zlib/1.3.1-GCCcore-13.3.0/include -I/rds/bear-apps/2024a/EL8-ice/software/XZ/5.4.5-GCCcore-13.3.0/include -I/rds/bear-apps/2024a/EL8-ice/software/bzip2/1.0.8-GCCcore-13.3.0/include -I/rds/bear-apps/2024a/EL8-ice/software/ncurses/6.5-GCCcore-13.3.0/include -I/rds/bear-apps/2024a/EL8-ice/software/libreadline/8.2-GCCcore-13.3.0/include -I/rds/bear-apps/2024a/EL8-ice/software/cairo/1.18.0-GCCcore-13.3.0/include -I/rds/bear-apps/2024a/EL8-ice/software/libGLU/9.0.3-GCCcore-13.3.0/include -I/rds/bear-apps/2024a/EL8-ice/software/Mesa/24.1.3-GCCcore-13.3.0/include -I/rds/bear-apps/2024a/EL8-ice/software/X11/20240607-GCCcore-13.3.0/include -I/rds/bear-apps/2024a/EL8-ice/software/pkgconf/2.2.0-GCCcore-13.3.0/include -I/rds/bear-apps/2024a/EL8-ice/software/FFTW/3.3.10-GCC-13.3.0/include -I/rds/bear-apps/2024a/EL8-ice/software/FlexiBLAS/3.4.4-GCC-13.3.0/include -I/rds/bear-apps/2024a/EL8-ice/software/FlexiBLAS/3.4.4-GCC-13.3.0/include/flexiblas   -fvisibility=hidden  -fpic  -O2 -ftree-vectorize -march=native -fno-math-errno  -c yajl/yajl_buf.c -o yajl/yajl_buf.o
gcc -std=gnu2x -I"/rds/bear-apps/2024a/EL8-ice/software/R/4.5.0-gfbf-2024a/lib64/R/include" -DNDEBUG -Iyajl/api  -I/rds/bear-apps/2024a/EL8-ice/software/FriBidi/1.0.15-GCCcore-13.3.0/include -I/rds/bear-apps/2024a/EL8-ice/software/HarfBuzz/9.0.0-GCCcore-13.3.0/include -I/rds/bear-apps/2024a/EL8-ice/software/Tk/8.6.14-GCCcore-13.3.0/include -I/rds/bear-apps/2024a/EL8-ice/software/cURL/8.7.1-GCCcore-13.3.0/include -I/rds/bear-apps/2024a/EL8-ice/software/OpenSSL/3/include -I/rds/bear-apps/2024a/EL8-ice/software/libgit2/1.8.1-GCCcore-13.3.0/include -I/rds/bear-apps/2024a/EL8-ice/software/Java/17.0.15/include -I/rds/bear-apps/2024a/EL8-ice/software/LibTIFF/4.6.0-GCCcore-13.3.0/include -I/rds/bear-apps/2024a/EL8-ice/software/libjpeg-turbo/3.0.1-GCCcore-13.3.0/include -I/rds/bear-apps/2024a/EL8-ice/software/libpng/1.6.43-GCCcore-13.3.0/include -I/rds/bear-apps/2024a/EL8-ice/software/PCRE2/10.43-GCCcore-13.3.0/include -I/rds/bear-apps/2024a/EL8-ice/software/SQLite/3.45.3-GCCcore-13.3.0/include -I/rds/bear-apps/2024a/EL8-ice/software/zlib/1.3.1-GCCcore-13.3.0/include -I/rds/bear-apps/2024a/EL8-ice/software/XZ/5.4.5-GCCcore-13.3.0/include -I/rds/bear-apps/2024a/EL8-ice/software/bzip2/1.0.8-GCCcore-13.3.0/include -I/rds/bear-apps/2024a/EL8-ice/software/ncurses/6.5-GCCcore-13.3.0/include -I/rds/bear-apps/2024a/EL8-ice/software/libreadline/8.2-GCCcore-13.3.0/include -I/rds/bear-apps/2024a/EL8-ice/software/cairo/1.18.0-GCCcore-13.3.0/include -I/rds/bear-apps/2024a/EL8-ice/software/libGLU/9.0.3-GCCcore-13.3.0/include -I/rds/bear-apps/2024a/EL8-ice/software/Mesa/24.1.3-GCCcore-13.3.0/include -I/rds/bear-apps/2024a/EL8-ice/software/X11/20240607-GCCcore-13.3.0/include -I/rds/bear-apps/2024a/EL8-ice/software/pkgconf/2.2.0-GCCcore-13.3.0/include -I/rds/bear-apps/2024a/EL8-ice/software/FFTW/3.3.10-GCC-13.3.0/include -I/rds/bear-apps/2024a/EL8-ice/software/FlexiBLAS/3.4.4-GCC-13.3.0/include -I/rds/bear-apps/2024a/EL8-ice/software/FlexiBLAS/3.4.4-GCC-13.3.0/include/flexiblas   -fvisibility=hidden  -fpic  -O2 -ftree-vectorize -march=native -fno-math-errno  -c yajl/yajl_encode.c -o yajl/yajl_encode.o
gcc -std=gnu2x -I"/rds/bear-apps/2024a/EL8-ice/software/R/4.5.0-gfbf-2024a/lib64/R/include" -DNDEBUG -Iyajl/api  -I/rds/bear-apps/2024a/EL8-ice/software/FriBidi/1.0.15-GCCcore-13.3.0/include -I/rds/bear-apps/2024a/EL8-ice/software/HarfBuzz/9.0.0-GCCcore-13.3.0/include -I/rds/bear-apps/2024a/EL8-ice/software/Tk/8.6.14-GCCcore-13.3.0/include -I/rds/bear-apps/2024a/EL8-ice/software/cURL/8.7.1-GCCcore-13.3.0/include -I/rds/bear-apps/2024a/EL8-ice/software/OpenSSL/3/include -I/rds/bear-apps/2024a/EL8-ice/software/libgit2/1.8.1-GCCcore-13.3.0/include -I/rds/bear-apps/2024a/EL8-ice/software/Java/17.0.15/include -I/rds/bear-apps/2024a/EL8-ice/software/LibTIFF/4.6.0-GCCcore-13.3.0/include -I/rds/bear-apps/2024a/EL8-ice/software/libjpeg-turbo/3.0.1-GCCcore-13.3.0/include -I/rds/bear-apps/2024a/EL8-ice/software/libpng/1.6.43-GCCcore-13.3.0/include -I/rds/bear-apps/2024a/EL8-ice/software/PCRE2/10.43-GCCcore-13.3.0/include -I/rds/bear-apps/2024a/EL8-ice/software/SQLite/3.45.3-GCCcore-13.3.0/include -I/rds/bear-apps/2024a/EL8-ice/software/zlib/1.3.1-GCCcore-13.3.0/include -I/rds/bear-apps/2024a/EL8-ice/software/XZ/5.4.5-GCCcore-13.3.0/include -I/rds/bear-apps/2024a/EL8-ice/software/bzip2/1.0.8-GCCcore-13.3.0/include -I/rds/bear-apps/2024a/EL8-ice/software/ncurses/6.5-GCCcore-13.3.0/include -I/rds/bear-apps/2024a/EL8-ice/software/libreadline/8.2-GCCcore-13.3.0/include -I/rds/bear-apps/2024a/EL8-ice/software/cairo/1.18.0-GCCcore-13.3.0/include -I/rds/bear-apps/2024a/EL8-ice/software/libGLU/9.0.3-GCCcore-13.3.0/include -I/rds/bear-apps/2024a/EL8-ice/software/Mesa/24.1.3-GCCcore-13.3.0/include -I/rds/bear-apps/2024a/EL8-ice/software/X11/20240607-GCCcore-13.3.0/include -I/rds/bear-apps/2024a/EL8-ice/software/pkgconf/2.2.0-GCCcore-13.3.0/include -I/rds/bear-apps/2024a/EL8-ice/software/FFTW/3.3.10-GCC-13.3.0/include -I/rds/bear-apps/2024a/EL8-ice/software/FlexiBLAS/3.4.4-GCC-13.3.0/include -I/rds/bear-apps/2024a/EL8-ice/software/FlexiBLAS/3.4.4-GCC-13.3.0/include/flexiblas   -fvisibility=hidden  -fpic  -O2 -ftree-vectorize -march=native -fno-math-errno  -c yajl/yajl_gen.c -o yajl/yajl_gen.o
gcc -std=gnu2x -I"/rds/bear-apps/2024a/EL8-ice/software/R/4.5.0-gfbf-2024a/lib64/R/include" -DNDEBUG -Iyajl/api  -I/rds/bear-apps/2024a/EL8-ice/software/FriBidi/1.0.15-GCCcore-13.3.0/include -I/rds/bear-apps/2024a/EL8-ice/software/HarfBuzz/9.0.0-GCCcore-13.3.0/include -I/rds/bear-apps/2024a/EL8-ice/software/Tk/8.6.14-GCCcore-13.3.0/include -I/rds/bear-apps/2024a/EL8-ice/software/cURL/8.7.1-GCCcore-13.3.0/include -I/rds/bear-apps/2024a/EL8-ice/software/OpenSSL/3/include -I/rds/bear-apps/2024a/EL8-ice/software/libgit2/1.8.1-GCCcore-13.3.0/include -I/rds/bear-apps/2024a/EL8-ice/software/Java/17.0.15/include -I/rds/bear-apps/2024a/EL8-ice/software/LibTIFF/4.6.0-GCCcore-13.3.0/include -I/rds/bear-apps/2024a/EL8-ice/software/libjpeg-turbo/3.0.1-GCCcore-13.3.0/include -I/rds/bear-apps/2024a/EL8-ice/software/libpng/1.6.43-GCCcore-13.3.0/include -I/rds/bear-apps/2024a/EL8-ice/software/PCRE2/10.43-GCCcore-13.3.0/include -I/rds/bear-apps/2024a/EL8-ice/software/SQLite/3.45.3-GCCcore-13.3.0/include -I/rds/bear-apps/2024a/EL8-ice/software/zlib/1.3.1-GCCcore-13.3.0/include -I/rds/bear-apps/2024a/EL8-ice/software/XZ/5.4.5-GCCcore-13.3.0/include -I/rds/bear-apps/2024a/EL8-ice/software/bzip2/1.0.8-GCCcore-13.3.0/include -I/rds/bear-apps/2024a/EL8-ice/software/ncurses/6.5-GCCcore-13.3.0/include -I/rds/bear-apps/2024a/EL8-ice/software/libreadline/8.2-GCCcore-13.3.0/include -I/rds/bear-apps/2024a/EL8-ice/software/cairo/1.18.0-GCCcore-13.3.0/include -I/rds/bear-apps/2024a/EL8-ice/software/libGLU/9.0.3-GCCcore-13.3.0/include -I/rds/bear-apps/2024a/EL8-ice/software/Mesa/24.1.3-GCCcore-13.3.0/include -I/rds/bear-apps/2024a/EL8-ice/software/X11/20240607-GCCcore-13.3.0/include -I/rds/bear-apps/2024a/EL8-ice/software/pkgconf/2.2.0-GCCcore-13.3.0/include -I/rds/bear-apps/2024a/EL8-ice/software/FFTW/3.3.10-GCC-13.3.0/include -I/rds/bear-apps/2024a/EL8-ice/software/FlexiBLAS/3.4.4-GCC-13.3.0/include -I/rds/bear-apps/2024a/EL8-ice/software/FlexiBLAS/3.4.4-GCC-13.3.0/include/flexiblas   -fvisibility=hidden  -fpic  -O2 -ftree-vectorize -march=native -fno-math-errno  -c yajl/yajl_lex.c -o yajl/yajl_lex.o
gcc -std=gnu2x -I"/rds/bear-apps/2024a/EL8-ice/software/R/4.5.0-gfbf-2024a/lib64/R/include" -DNDEBUG -Iyajl/api  -I/rds/bear-apps/2024a/EL8-ice/software/FriBidi/1.0.15-GCCcore-13.3.0/include -I/rds/bear-apps/2024a/EL8-ice/software/HarfBuzz/9.0.0-GCCcore-13.3.0/include -I/rds/bear-apps/2024a/EL8-ice/software/Tk/8.6.14-GCCcore-13.3.0/include -I/rds/bear-apps/2024a/EL8-ice/software/cURL/8.7.1-GCCcore-13.3.0/include -I/rds/bear-apps/2024a/EL8-ice/software/OpenSSL/3/include -I/rds/bear-apps/2024a/EL8-ice/software/libgit2/1.8.1-GCCcore-13.3.0/include -I/rds/bear-apps/2024a/EL8-ice/software/Java/17.0.15/include -I/rds/bear-apps/2024a/EL8-ice/software/LibTIFF/4.6.0-GCCcore-13.3.0/include -I/rds/bear-apps/2024a/EL8-ice/software/libjpeg-turbo/3.0.1-GCCcore-13.3.0/include -I/rds/bear-apps/2024a/EL8-ice/software/libpng/1.6.43-GCCcore-13.3.0/include -I/rds/bear-apps/2024a/EL8-ice/software/PCRE2/10.43-GCCcore-13.3.0/include -I/rds/bear-apps/2024a/EL8-ice/software/SQLite/3.45.3-GCCcore-13.3.0/include -I/rds/bear-apps/2024a/EL8-ice/software/zlib/1.3.1-GCCcore-13.3.0/include -I/rds/bear-apps/2024a/EL8-ice/software/XZ/5.4.5-GCCcore-13.3.0/include -I/rds/bear-apps/2024a/EL8-ice/software/bzip2/1.0.8-GCCcore-13.3.0/include -I/rds/bear-apps/2024a/EL8-ice/software/ncurses/6.5-GCCcore-13.3.0/include -I/rds/bear-apps/2024a/EL8-ice/software/libreadline/8.2-GCCcore-13.3.0/include -I/rds/bear-apps/2024a/EL8-ice/software/cairo/1.18.0-GCCcore-13.3.0/include -I/rds/bear-apps/2024a/EL8-ice/software/libGLU/9.0.3-GCCcore-13.3.0/include -I/rds/bear-apps/2024a/EL8-ice/software/Mesa/24.1.3-GCCcore-13.3.0/include -I/rds/bear-apps/2024a/EL8-ice/software/X11/20240607-GCCcore-13.3.0/include -I/rds/bear-apps/2024a/EL8-ice/software/pkgconf/2.2.0-GCCcore-13.3.0/include -I/rds/bear-apps/2024a/EL8-ice/software/FFTW/3.3.10-GCC-13.3.0/include -I/rds/bear-apps/2024a/EL8-ice/software/FlexiBLAS/3.4.4-GCC-13.3.0/include -I/rds/bear-apps/2024a/EL8-ice/software/FlexiBLAS/3.4.4-GCC-13.3.0/include/flexiblas   -fvisibility=hidden  -fpic  -O2 -ftree-vectorize -march=native -fno-math-errno  -c yajl/yajl_parser.c -o yajl/yajl_parser.o
gcc -std=gnu2x -I"/rds/bear-apps/2024a/EL8-ice/software/R/4.5.0-gfbf-2024a/lib64/R/include" -DNDEBUG -Iyajl/api  -I/rds/bear-apps/2024a/EL8-ice/software/FriBidi/1.0.15-GCCcore-13.3.0/include -I/rds/bear-apps/2024a/EL8-ice/software/HarfBuzz/9.0.0-GCCcore-13.3.0/include -I/rds/bear-apps/2024a/EL8-ice/software/Tk/8.6.14-GCCcore-13.3.0/include -I/rds/bear-apps/2024a/EL8-ice/software/cURL/8.7.1-GCCcore-13.3.0/include -I/rds/bear-apps/2024a/EL8-ice/software/OpenSSL/3/include -I/rds/bear-apps/2024a/EL8-ice/software/libgit2/1.8.1-GCCcore-13.3.0/include -I/rds/bear-apps/2024a/EL8-ice/software/Java/17.0.15/include -I/rds/bear-apps/2024a/EL8-ice/software/LibTIFF/4.6.0-GCCcore-13.3.0/include -I/rds/bear-apps/2024a/EL8-ice/software/libjpeg-turbo/3.0.1-GCCcore-13.3.0/include -I/rds/bear-apps/2024a/EL8-ice/software/libpng/1.6.43-GCCcore-13.3.0/include -I/rds/bear-apps/2024a/EL8-ice/software/PCRE2/10.43-GCCcore-13.3.0/include -I/rds/bear-apps/2024a/EL8-ice/software/SQLite/3.45.3-GCCcore-13.3.0/include -I/rds/bear-apps/2024a/EL8-ice/software/zlib/1.3.1-GCCcore-13.3.0/include -I/rds/bear-apps/2024a/EL8-ice/software/XZ/5.4.5-GCCcore-13.3.0/include -I/rds/bear-apps/2024a/EL8-ice/software/bzip2/1.0.8-GCCcore-13.3.0/include -I/rds/bear-apps/2024a/EL8-ice/software/ncurses/6.5-GCCcore-13.3.0/include -I/rds/bear-apps/2024a/EL8-ice/software/libreadline/8.2-GCCcore-13.3.0/include -I/rds/bear-apps/2024a/EL8-ice/software/cairo/1.18.0-GCCcore-13.3.0/include -I/rds/bear-apps/2024a/EL8-ice/software/libGLU/9.0.3-GCCcore-13.3.0/include -I/rds/bear-apps/2024a/EL8-ice/software/Mesa/24.1.3-GCCcore-13.3.0/include -I/rds/bear-apps/2024a/EL8-ice/software/X11/20240607-GCCcore-13.3.0/include -I/rds/bear-apps/2024a/EL8-ice/software/pkgconf/2.2.0-GCCcore-13.3.0/include -I/rds/bear-apps/2024a/EL8-ice/software/FFTW/3.3.10-GCC-13.3.0/include -I/rds/bear-apps/2024a/EL8-ice/software/FlexiBLAS/3.4.4-GCC-13.3.0/include -I/rds/bear-apps/2024a/EL8-ice/software/FlexiBLAS/3.4.4-GCC-13.3.0/include/flexiblas   -fvisibility=hidden  -fpic  -O2 -ftree-vectorize -march=native -fno-math-errno  -c yajl/yajl_tree.c -o yajl/yajl_tree.o
ar rcs yajl/libstatyajl.a yajl/yajl.o yajl/yajl_alloc.o yajl/yajl_buf.o yajl/yajl_encode.o yajl/yajl_gen.o yajl/yajl_lex.o yajl/yajl_parser.o yajl/yajl_tree.o
gcc -std=gnu2x -shared -L/rds/bear-apps/2024a/EL8-ice/software/R/4.5.0-gfbf-2024a/lib64/R/lib -L/rds/bear-apps/2024a/EL8-ice/software/FriBidi/1.0.15-GCCcore-13.3.0/lib64 -L/rds/bear-apps/2024a/EL8-ice/software/FriBidi/1.0.15-GCCcore-13.3.0/lib -L/rds/bear-apps/2024a/EL8-ice/software/HarfBuzz/9.0.0-GCCcore-13.3.0/lib64 -L/rds/bear-apps/2024a/EL8-ice/software/HarfBuzz/9.0.0-GCCcore-13.3.0/lib -L/rds/bear-apps/2024a/EL8-ice/software/Tk/8.6.14-GCCcore-13.3.0/lib64 -L/rds/bear-apps/2024a/EL8-ice/software/Tk/8.6.14-GCCcore-13.3.0/lib -L/rds/bear-apps/2024a/EL8-ice/software/cURL/8.7.1-GCCcore-13.3.0/lib64 -L/rds/bear-apps/2024a/EL8-ice/software/cURL/8.7.1-GCCcore-13.3.0/lib -L/rds/bear-apps/2024a/EL8-ice/software/OpenSSL/3/lib64 -L/rds/bear-apps/2024a/EL8-ice/software/OpenSSL/3/lib -L/rds/bear-apps/2024a/EL8-ice/software/libgit2/1.8.1-GCCcore-13.3.0/lib64 -L/rds/bear-apps/2024a/EL8-ice/software/libgit2/1.8.1-GCCcore-13.3.0/lib -L/rds/bear-apps/2024a/EL8-ice/software/Java/17.0.15/lib64 -L/rds/bear-apps/2024a/EL8-ice/software/Java/17.0.15/lib -L/rds/bear-apps/2024a/EL8-ice/software/LibTIFF/4.6.0-GCCcore-13.3.0/lib64 -L/rds/bear-apps/2024a/EL8-ice/software/LibTIFF/4.6.0-GCCcore-13.3.0/lib -L/rds/bear-apps/2024a/EL8-ice/software/libjpeg-turbo/3.0.1-GCCcore-13.3.0/lib64 -L/rds/bear-apps/2024a/EL8-ice/software/libjpeg-turbo/3.0.1-GCCcore-13.3.0/lib -L/rds/bear-apps/2024a/EL8-ice/software/libpng/1.6.43-GCCcore-13.3.0/lib64 -L/rds/bear-apps/2024a/EL8-ice/software/libpng/1.6.43-GCCcore-13.3.0/lib -L/rds/bear-apps/2024a/EL8-ice/software/PCRE2/10.43-GCCcore-13.3.0/lib64 -L/rds/bear-apps/2024a/EL8-ice/software/PCRE2/10.43-GCCcore-13.3.0/lib -L/rds/bear-apps/2024a/EL8-ice/software/SQLite/3.45.3-GCCcore-13.3.0/lib64 -L/rds/bear-apps/2024a/EL8-ice/software/SQLite/3.45.3-GCCcore-13.3.0/lib -L/rds/bear-apps/2024a/EL8-ice/software/zlib/1.3.1-GCCcore-13.3.0/lib64 -L/rds/bear-apps/2024a/EL8-ice/software/zlib/1.3.1-GCCcore-13.3.0/lib -L/rds/bear-apps/2024a/EL8-ice/software/XZ/5.4.5-GCCcore-13.3.0/lib64 -L/rds/bear-apps/2024a/EL8-ice/software/XZ/5.4.5-GCCcore-13.3.0/lib -L/rds/bear-apps/2024a/EL8-ice/software/bzip2/1.0.8-GCCcore-13.3.0/lib64 -L/rds/bear-apps/2024a/EL8-ice/software/bzip2/1.0.8-GCCcore-13.3.0/lib -L/rds/bear-apps/2024a/EL8-ice/software/ncurses/6.5-GCCcore-13.3.0/lib64 -L/rds/bear-apps/2024a/EL8-ice/software/ncurses/6.5-GCCcore-13.3.0/lib -L/rds/bear-apps/2024a/EL8-ice/software/libreadline/8.2-GCCcore-13.3.0/lib64 -L/rds/bear-apps/2024a/EL8-ice/software/libreadline/8.2-GCCcore-13.3.0/lib -L/rds/bear-apps/2024a/EL8-ice/software/cairo/1.18.0-GCCcore-13.3.0/lib64 -L/rds/bear-apps/2024a/EL8-ice/software/cairo/1.18.0-GCCcore-13.3.0/lib -L/rds/bear-apps/2024a/EL8-ice/software/libGLU/9.0.3-GCCcore-13.3.0/lib64 -L/rds/bear-apps/2024a/EL8-ice/software/libGLU/9.0.3-GCCcore-13.3.0/lib -L/rds/bear-apps/2024a/EL8-ice/software/Mesa/24.1.3-GCCcore-13.3.0/lib64 -L/rds/bear-apps/2024a/EL8-ice/software/Mesa/24.1.3-GCCcore-13.3.0/lib -L/rds/bear-apps/2024a/EL8-ice/software/X11/20240607-GCCcore-13.3.0/lib64 -L/rds/bear-apps/2024a/EL8-ice/software/X11/20240607-GCCcore-13.3.0/lib -L/rds/bear-apps/2024a/EL8-ice/software/pkgconf/2.2.0-GCCcore-13.3.0/lib64 -L/rds/bear-apps/2024a/EL8-ice/software/pkgconf/2.2.0-GCCcore-13.3.0/lib -L/rds/bear-apps/2024a/EL8-ice/software/FFTW/3.3.10-GCC-13.3.0/lib64 -L/rds/bear-apps/2024a/EL8-ice/software/FFTW/3.3.10-GCC-13.3.0/lib -L/rds/bear-apps/2024a/EL8-ice/software/FlexiBLAS/3.4.4-GCC-13.3.0/lib64 -L/rds/bear-apps/2024a/EL8-ice/software/FlexiBLAS/3.4.4-GCC-13.3.0/lib -L/rds/bear-apps/2024a/EL8-ice/software/GCCcore/13.3.0/lib64 -L/rds/bear-apps/2024a/EL8-ice/software/GCCcore/13.3.0/lib -o jsonlite.so base64.o collapse_array.o collapse_object.o collapse_pretty.o escape_chars.o integer64_to_na.o is_datelist.o is_recordlist.o is_scalarlist.o modp_numtoa.o null_to_na.o num_to_char.o parse.o prettify.o push_parser.o r-base64.o register.o row_collapse.o transpose_list.o validate.o -Lyajl -lstatyajl -L/rds/bear-apps/2024a/EL8-ice/software/R/4.5.0-gfbf-2024a/lib64/R/lib -lR
make[1]: Leaving directory '/tmp/RtmpPnYWwF/R.INSTALLc12a8e00dd85/pak/src/library/jsonlite/src'
installing to /rds/homes/a/axv209/R/library/4.5.0/EL8-ice/00LOCK-pak/00new/pak/library/jsonlite/libs
in method for ‘asJSON’ with signature ‘"AsIs"’: no definition for class “AsIs”
in method for ‘asJSON’ with signature ‘"ITime"’: no definition for class “ITime”
in method for ‘asJSON’ with signature ‘"hms"’: no definition for class “hms”
in method for ‘asJSON’ with signature ‘"json"’: no definition for class “json”
in method for ‘asJSON’ with signature ‘"integer64"’: no definition for class “integer64”
in method for ‘asJSON’ with signature ‘"pairlist"’: no definition for class “pairlist”
in method for ‘asJSON’ with signature ‘"blob"’: no definition for class “blob”
in method for ‘asJSON’ with signature ‘"scalar"’: no definition for class “scalar”
in method for ‘asJSON’ with signature ‘"sf"’: no definition for class “sf”
in method for ‘asJSON’ with signature ‘"sfc"’: no definition for class “sfc”
in method for ‘asJSON’ with signature ‘"vctrs_vctr"’: no definition for class “vctrs_vctr”

Compiling lpSolve 
using C compiler: ‘gcc (GCC) 13.3.0’
make[1]: Entering directory '/tmp/RtmpPnYWwF/R.INSTALLc12a8e00dd85/pak/src/library/lpSolve/src'
gcc -std=gnu2x -I"/rds/bear-apps/2024a/EL8-ice/software/R/4.5.0-gfbf-2024a/lib64/R/include" -DNDEBUG -I . -DINTEGERTIME -DPARSER_LP -DBUILDING_FOR_R -DYY_NEVER_INTERACTIVE -DUSRDLL -DCLOCKTIME -DRoleIsExternalInvEngine -DINVERSE_ACTIVE=INVERSE_LUSOL -DINLINE=static -DParanoia  -I/rds/bear-apps/2024a/EL8-ice/software/FriBidi/1.0.15-GCCcore-13.3.0/include -I/rds/bear-apps/2024a/EL8-ice/software/HarfBuzz/9.0.0-GCCcore-13.3.0/include -I/rds/bear-apps/2024a/EL8-ice/software/Tk/8.6.14-GCCcore-13.3.0/include -I/rds/bear-apps/2024a/EL8-ice/software/cURL/8.7.1-GCCcore-13.3.0/include -I/rds/bear-apps/2024a/EL8-ice/software/OpenSSL/3/include -I/rds/bear-apps/2024a/EL8-ice/software/libgit2/1.8.1-GCCcore-13.3.0/include -I/rds/bear-apps/2024a/EL8-ice/software/Java/17.0.15/include -I/rds/bear-apps/2024a/EL8-ice/software/LibTIFF/4.6.0-GCCcore-13.3.0/include -I/rds/bear-apps/2024a/EL8-ice/software/libjpeg-turbo/3.0.1-GCCcore-13.3.0/include -I/rds/bear-apps/2024a/EL8-ice/software/libpng/1.6.43-GCCcore-13.3.0/include -I/rds/bear-apps/2024a/EL8-ice/software/PCRE2/10.43-GCCcore-13.3.0/include -I/rds/bear-apps/2024a/EL8-ice/software/SQLite/3.45.3-GCCcore-13.3.0/include -I/rds/bear-apps/2024a/EL8-ice/software/zlib/1.3.1-GCCcore-13.3.0/include -I/rds/bear-apps/2024a/EL8-ice/software/XZ/5.4.5-GCCcore-13.3.0/include -I/rds/bear-apps/2024a/EL8-ice/software/bzip2/1.0.8-GCCcore-13.3.0/include -I/rds/bear-apps/2024a/EL8-ice/software/ncurses/6.5-GCCcore-13.3.0/include -I/rds/bear-apps/2024a/EL8-ice/software/libreadline/8.2-GCCcore-13.3.0/include -I/rds/bear-apps/2024a/EL8-ice/software/cairo/1.18.0-GCCcore-13.3.0/include -I/rds/bear-apps/2024a/EL8-ice/software/libGLU/9.0.3-GCCcore-13.3.0/include -I/rds/bear-apps/2024a/EL8-ice/software/Mesa/24.1.3-GCCcore-13.3.0/include -I/rds/bear-apps/2024a/EL8-ice/software/X11/20240607-GCCcore-13.3.0/include -I/rds/bear-apps/2024a/EL8-ice/software/pkgconf/2.2.0-GCCcore-13.3.0/include -I/rds/bear-apps/2024a/EL8-ice/software/FFTW/3.3.10-GCC-13.3.0/include -I/rds/bear-apps/2024a/EL8-ice/software/FlexiBLAS/3.4.4-GCC-13.3.0/include -I/rds/bear-apps/2024a/EL8-ice/software/FlexiBLAS/3.4.4-GCC-13.3.0/include/flexiblas    -fpic  -O2 -ftree-vectorize -march=native -fno-math-errno  -c colamd.c -o colamd.o
gcc -std=gnu2x -I"/rds/bear-apps/2024a/EL8-ice/software/R/4.5.0-gfbf-2024a/lib64/R/include" -DNDEBUG -I . -DINTEGERTIME -DPARSER_LP -DBUILDING_FOR_R -DYY_NEVER_INTERACTIVE -DUSRDLL -DCLOCKTIME -DRoleIsExternalInvEngine -DINVERSE_ACTIVE=INVERSE_LUSOL -DINLINE=static -DParanoia  -I/rds/bear-apps/2024a/EL8-ice/software/FriBidi/1.0.15-GCCcore-13.3.0/include -I/rds/bear-apps/2024a/EL8-ice/software/HarfBuzz/9.0.0-GCCcore-13.3.0/include -I/rds/bear-apps/2024a/EL8-ice/software/Tk/8.6.14-GCCcore-13.3.0/include -I/rds/bear-apps/2024a/EL8-ice/software/cURL/8.7.1-GCCcore-13.3.0/include -I/rds/bear-apps/2024a/EL8-ice/software/OpenSSL/3/include -I/rds/bear-apps/2024a/EL8-ice/software/libgit2/1.8.1-GCCcore-13.3.0/include -I/rds/bear-apps/2024a/EL8-ice/software/Java/17.0.15/include -I/rds/bear-apps/2024a/EL8-ice/software/LibTIFF/4.6.0-GCCcore-13.3.0/include -I/rds/bear-apps/2024a/EL8-ice/software/libjpeg-turbo/3.0.1-GCCcore-13.3.0/include -I/rds/bear-apps/2024a/EL8-ice/software/libpng/1.6.43-GCCcore-13.3.0/include -I/rds/bear-apps/2024a/EL8-ice/software/PCRE2/10.43-GCCcore-13.3.0/include -I/rds/bear-apps/2024a/EL8-ice/software/SQLite/3.45.3-GCCcore-13.3.0/include -I/rds/bear-apps/2024a/EL8-ice/software/zlib/1.3.1-GCCcore-13.3.0/include -I/rds/bear-apps/2024a/EL8-ice/software/XZ/5.4.5-GCCcore-13.3.0/include -I/rds/bear-apps/2024a/EL8-ice/software/bzip2/1.0.8-GCCcore-13.3.0/include -I/rds/bear-apps/2024a/EL8-ice/software/ncurses/6.5-GCCcore-13.3.0/include -I/rds/bear-apps/2024a/EL8-ice/software/libreadline/8.2-GCCcore-13.3.0/include -I/rds/bear-apps/2024a/EL8-ice/software/cairo/1.18.0-GCCcore-13.3.0/include -I/rds/bear-apps/2024a/EL8-ice/software/libGLU/9.0.3-GCCcore-13.3.0/include -I/rds/bear-apps/2024a/EL8-ice/software/Mesa/24.1.3-GCCcore-13.3.0/include -I/rds/bear-apps/2024a/EL8-ice/software/X11/20240607-GCCcore-13.3.0/include -I/rds/bear-apps/2024a/EL8-ice/software/pkgconf/2.2.0-GCCcore-13.3.0/include -I/rds/bear-apps/2024a/EL8-ice/software/FFTW/3.3.10-GCC-13.3.0/include -I/rds/bear-apps/2024a/EL8-ice/software/FlexiBLAS/3.4.4-GCC-13.3.0/include -I/rds/bear-apps/2024a/EL8-ice/software/FlexiBLAS/3.4.4-GCC-13.3.0/include/flexiblas    -fpic  -O2 -ftree-vectorize -march=native -fno-math-errno  -c commonlib.c -o commonlib.o
gcc -std=gnu2x -I"/rds/bear-apps/2024a/EL8-ice/software/R/4.5.0-gfbf-2024a/lib64/R/include" -DNDEBUG -I . -DINTEGERTIME -DPARSER_LP -DBUILDING_FOR_R -DYY_NEVER_INTERACTIVE -DUSRDLL -DCLOCKTIME -DRoleIsExternalInvEngine -DINVERSE_ACTIVE=INVERSE_LUSOL -DINLINE=static -DParanoia  -I/rds/bear-apps/2024a/EL8-ice/software/FriBidi/1.0.15-GCCcore-13.3.0/include -I/rds/bear-apps/2024a/EL8-ice/software/HarfBuzz/9.0.0-GCCcore-13.3.0/include -I/rds/bear-apps/2024a/EL8-ice/software/Tk/8.6.14-GCCcore-13.3.0/include -I/rds/bear-apps/2024a/EL8-ice/software/cURL/8.7.1-GCCcore-13.3.0/include -I/rds/bear-apps/2024a/EL8-ice/software/OpenSSL/3/include -I/rds/bear-apps/2024a/EL8-ice/software/libgit2/1.8.1-GCCcore-13.3.0/include -I/rds/bear-apps/2024a/EL8-ice/software/Java/17.0.15/include -I/rds/bear-apps/2024a/EL8-ice/software/LibTIFF/4.6.0-GCCcore-13.3.0/include -I/rds/bear-apps/2024a/EL8-ice/software/libjpeg-turbo/3.0.1-GCCcore-13.3.0/include -I/rds/bear-apps/2024a/EL8-ice/software/libpng/1.6.43-GCCcore-13.3.0/include -I/rds/bear-apps/2024a/EL8-ice/software/PCRE2/10.43-GCCcore-13.3.0/include -I/rds/bear-apps/2024a/EL8-ice/software/SQLite/3.45.3-GCCcore-13.3.0/include -I/rds/bear-apps/2024a/EL8-ice/software/zlib/1.3.1-GCCcore-13.3.0/include -I/rds/bear-apps/2024a/EL8-ice/software/XZ/5.4.5-GCCcore-13.3.0/include -I/rds/bear-apps/2024a/EL8-ice/software/bzip2/1.0.8-GCCcore-13.3.0/include -I/rds/bear-apps/2024a/EL8-ice/software/ncurses/6.5-GCCcore-13.3.0/include -I/rds/bear-apps/2024a/EL8-ice/software/libreadline/8.2-GCCcore-13.3.0/include -I/rds/bear-apps/2024a/EL8-ice/software/cairo/1.18.0-GCCcore-13.3.0/include -I/rds/bear-apps/2024a/EL8-ice/software/libGLU/9.0.3-GCCcore-13.3.0/include -I/rds/bear-apps/2024a/EL8-ice/software/Mesa/24.1.3-GCCcore-13.3.0/include -I/rds/bear-apps/2024a/EL8-ice/software/X11/20240607-GCCcore-13.3.0/include -I/rds/bear-apps/2024a/EL8-ice/software/pkgconf/2.2.0-GCCcore-13.3.0/include -I/rds/bear-apps/2024a/EL8-ice/software/FFTW/3.3.10-GCC-13.3.0/include -I/rds/bear-apps/2024a/EL8-ice/software/FlexiBLAS/3.4.4-GCC-13.3.0/include -I/rds/bear-apps/2024a/EL8-ice/software/FlexiBLAS/3.4.4-GCC-13.3.0/include/flexiblas    -fpic  -O2 -ftree-vectorize -march=native -fno-math-errno  -c hbio.c -o hbio.o
gcc -std=gnu2x -I"/rds/bear-apps/2024a/EL8-ice/software/R/4.5.0-gfbf-2024a/lib64/R/include" -DNDEBUG -I . -DINTEGERTIME -DPARSER_LP -DBUILDING_FOR_R -DYY_NEVER_INTERACTIVE -DUSRDLL -DCLOCKTIME -DRoleIsExternalInvEngine -DINVERSE_ACTIVE=INVERSE_LUSOL -DINLINE=static -DParanoia  -I/rds/bear-apps/2024a/EL8-ice/software/FriBidi/1.0.15-GCCcore-13.3.0/include -I/rds/bear-apps/2024a/EL8-ice/software/HarfBuzz/9.0.0-GCCcore-13.3.0/include -I/rds/bear-apps/2024a/EL8-ice/software/Tk/8.6.14-GCCcore-13.3.0/include -I/rds/bear-apps/2024a/EL8-ice/software/cURL/8.7.1-GCCcore-13.3.0/include -I/rds/bear-apps/2024a/EL8-ice/software/OpenSSL/3/include -I/rds/bear-apps/2024a/EL8-ice/software/libgit2/1.8.1-GCCcore-13.3.0/include -I/rds/bear-apps/2024a/EL8-ice/software/Java/17.0.15/include -I/rds/bear-apps/2024a/EL8-ice/software/LibTIFF/4.6.0-GCCcore-13.3.0/include -I/rds/bear-apps/2024a/EL8-ice/software/libjpeg-turbo/3.0.1-GCCcore-13.3.0/include -I/rds/bear-apps/2024a/EL8-ice/software/libpng/1.6.43-GCCcore-13.3.0/include -I/rds/bear-apps/2024a/EL8-ice/software/PCRE2/10.43-GCCcore-13.3.0/include -I/rds/bear-apps/2024a/EL8-ice/software/SQLite/3.45.3-GCCcore-13.3.0/include -I/rds/bear-apps/2024a/EL8-ice/software/zlib/1.3.1-GCCcore-13.3.0/include -I/rds/bear-apps/2024a/EL8-ice/software/XZ/5.4.5-GCCcore-13.3.0/include -I/rds/bear-apps/2024a/EL8-ice/software/bzip2/1.0.8-GCCcore-13.3.0/include -I/rds/bear-apps/2024a/EL8-ice/software/ncurses/6.5-GCCcore-13.3.0/include -I/rds/bear-apps/2024a/EL8-ice/software/libreadline/8.2-GCCcore-13.3.0/include -I/rds/bear-apps/2024a/EL8-ice/software/cairo/1.18.0-GCCcore-13.3.0/include -I/rds/bear-apps/2024a/EL8-ice/software/libGLU/9.0.3-GCCcore-13.3.0/include -I/rds/bear-apps/2024a/EL8-ice/software/Mesa/24.1.3-GCCcore-13.3.0/include -I/rds/bear-apps/2024a/EL8-ice/software/X11/20240607-GCCcore-13.3.0/include -I/rds/bear-apps/2024a/EL8-ice/software/pkgconf/2.2.0-GCCcore-13.3.0/include -I/rds/bear-apps/2024a/EL8-ice/software/FFTW/3.3.10-GCC-13.3.0/include -I/rds/bear-apps/2024a/EL8-ice/software/FlexiBLAS/3.4.4-GCC-13.3.0/include -I/rds/bear-apps/2024a/EL8-ice/software/FlexiBLAS/3.4.4-GCC-13.3.0/include/flexiblas    -fpic  -O2 -ftree-vectorize -march=native -fno-math-errno  -c ini.c -o ini.o
gcc -std=gnu2x -I"/rds/bear-apps/2024a/EL8-ice/software/R/4.5.0-gfbf-2024a/lib64/R/include" -DNDEBUG -I . -DINTEGERTIME -DPARSER_LP -DBUILDING_FOR_R -DYY_NEVER_INTERACTIVE -DUSRDLL -DCLOCKTIME -DRoleIsExternalInvEngine -DINVERSE_ACTIVE=INVERSE_LUSOL -DINLINE=static -DParanoia  -I/rds/bear-apps/2024a/EL8-ice/software/FriBidi/1.0.15-GCCcore-13.3.0/include -I/rds/bear-apps/2024a/EL8-ice/software/HarfBuzz/9.0.0-GCCcore-13.3.0/include -I/rds/bear-apps/2024a/EL8-ice/software/Tk/8.6.14-GCCcore-13.3.0/include -I/rds/bear-apps/2024a/EL8-ice/software/cURL/8.7.1-GCCcore-13.3.0/include -I/rds/bear-apps/2024a/EL8-ice/software/OpenSSL/3/include -I/rds/bear-apps/2024a/EL8-ice/software/libgit2/1.8.1-GCCcore-13.3.0/include -I/rds/bear-apps/2024a/EL8-ice/software/Java/17.0.15/include -I/rds/bear-apps/2024a/EL8-ice/software/LibTIFF/4.6.0-GCCcore-13.3.0/include -I/rds/bear-apps/2024a/EL8-ice/software/libjpeg-turbo/3.0.1-GCCcore-13.3.0/include -I/rds/bear-apps/2024a/EL8-ice/software/libpng/1.6.43-GCCcore-13.3.0/include -I/rds/bear-apps/2024a/EL8-ice/software/PCRE2/10.43-GCCcore-13.3.0/include -I/rds/bear-apps/2024a/EL8-ice/software/SQLite/3.45.3-GCCcore-13.3.0/include -I/rds/bear-apps/2024a/EL8-ice/software/zlib/1.3.1-GCCcore-13.3.0/include -I/rds/bear-apps/2024a/EL8-ice/software/XZ/5.4.5-GCCcore-13.3.0/include -I/rds/bear-apps/2024a/EL8-ice/software/bzip2/1.0.8-GCCcore-13.3.0/include -I/rds/bear-apps/2024a/EL8-ice/software/ncurses/6.5-GCCcore-13.3.0/include -I/rds/bear-apps/2024a/EL8-ice/software/libreadline/8.2-GCCcore-13.3.0/include -I/rds/bear-apps/2024a/EL8-ice/software/cairo/1.18.0-GCCcore-13.3.0/include -I/rds/bear-apps/2024a/EL8-ice/software/libGLU/9.0.3-GCCcore-13.3.0/include -I/rds/bear-apps/2024a/EL8-ice/software/Mesa/24.1.3-GCCcore-13.3.0/include -I/rds/bear-apps/2024a/EL8-ice/software/X11/20240607-GCCcore-13.3.0/include -I/rds/bear-apps/2024a/EL8-ice/software/pkgconf/2.2.0-GCCcore-13.3.0/include -I/rds/bear-apps/2024a/EL8-ice/software/FFTW/3.3.10-GCC-13.3.0/include -I/rds/bear-apps/2024a/EL8-ice/software/FlexiBLAS/3.4.4-GCC-13.3.0/include -I/rds/bear-apps/2024a/EL8-ice/software/FlexiBLAS/3.4.4-GCC-13.3.0/include/flexiblas    -fpic  -O2 -ftree-vectorize -march=native -fno-math-errno  -c init.c -o init.o
gcc -std=gnu2x -I"/rds/bear-apps/2024a/EL8-ice/software/R/4.5.0-gfbf-2024a/lib64/R/include" -DNDEBUG -I . -DINTEGERTIME -DPARSER_LP -DBUILDING_FOR_R -DYY_NEVER_INTERACTIVE -DUSRDLL -DCLOCKTIME -DRoleIsExternalInvEngine -DINVERSE_ACTIVE=INVERSE_LUSOL -DINLINE=static -DParanoia  -I/rds/bear-apps/2024a/EL8-ice/software/FriBidi/1.0.15-GCCcore-13.3.0/include -I/rds/bear-apps/2024a/EL8-ice/software/HarfBuzz/9.0.0-GCCcore-13.3.0/include -I/rds/bear-apps/2024a/EL8-ice/software/Tk/8.6.14-GCCcore-13.3.0/include -I/rds/bear-apps/2024a/EL8-ice/software/cURL/8.7.1-GCCcore-13.3.0/include -I/rds/bear-apps/2024a/EL8-ice/software/OpenSSL/3/include -I/rds/bear-apps/2024a/EL8-ice/software/libgit2/1.8.1-GCCcore-13.3.0/include -I/rds/bear-apps/2024a/EL8-ice/software/Java/17.0.15/include -I/rds/bear-apps/2024a/EL8-ice/software/LibTIFF/4.6.0-GCCcore-13.3.0/include -I/rds/bear-apps/2024a/EL8-ice/software/libjpeg-turbo/3.0.1-GCCcore-13.3.0/include -I/rds/bear-apps/2024a/EL8-ice/software/libpng/1.6.43-GCCcore-13.3.0/include -I/rds/bear-apps/2024a/EL8-ice/software/PCRE2/10.43-GCCcore-13.3.0/include -I/rds/bear-apps/2024a/EL8-ice/software/SQLite/3.45.3-GCCcore-13.3.0/include -I/rds/bear-apps/2024a/EL8-ice/software/zlib/1.3.1-GCCcore-13.3.0/include -I/rds/bear-apps/2024a/EL8-ice/software/XZ/5.4.5-GCCcore-13.3.0/include -I/rds/bear-apps/2024a/EL8-ice/software/bzip2/1.0.8-GCCcore-13.3.0/include -I/rds/bear-apps/2024a/EL8-ice/software/ncurses/6.5-GCCcore-13.3.0/include -I/rds/bear-apps/2024a/EL8-ice/software/libreadline/8.2-GCCcore-13.3.0/include -I/rds/bear-apps/2024a/EL8-ice/software/cairo/1.18.0-GCCcore-13.3.0/include -I/rds/bear-apps/2024a/EL8-ice/software/libGLU/9.0.3-GCCcore-13.3.0/include -I/rds/bear-apps/2024a/EL8-ice/software/Mesa/24.1.3-GCCcore-13.3.0/include -I/rds/bear-apps/2024a/EL8-ice/software/X11/20240607-GCCcore-13.3.0/include -I/rds/bear-apps/2024a/EL8-ice/software/pkgconf/2.2.0-GCCcore-13.3.0/include -I/rds/bear-apps/2024a/EL8-ice/software/FFTW/3.3.10-GCC-13.3.0/include -I/rds/bear-apps/2024a/EL8-ice/software/FlexiBLAS/3.4.4-GCC-13.3.0/include -I/rds/bear-apps/2024a/EL8-ice/software/FlexiBLAS/3.4.4-GCC-13.3.0/include/flexiblas    -fpic  -O2 -ftree-vectorize -march=native -fno-math-errno  -c isfixedvar.c -o isfixedvar.o
gcc -std=gnu2x -I"/rds/bear-apps/2024a/EL8-ice/software/R/4.5.0-gfbf-2024a/lib64/R/include" -DNDEBUG -I . -DINTEGERTIME -DPARSER_LP -DBUILDING_FOR_R -DYY_NEVER_INTERACTIVE -DUSRDLL -DCLOCKTIME -DRoleIsExternalInvEngine -DINVERSE_ACTIVE=INVERSE_LUSOL -DINLINE=static -DParanoia  -I/rds/bear-apps/2024a/EL8-ice/software/FriBidi/1.0.15-GCCcore-13.3.0/include -I/rds/bear-apps/2024a/EL8-ice/software/HarfBuzz/9.0.0-GCCcore-13.3.0/include -I/rds/bear-apps/2024a/EL8-ice/software/Tk/8.6.14-GCCcore-13.3.0/include -I/rds/bear-apps/2024a/EL8-ice/software/cURL/8.7.1-GCCcore-13.3.0/include -I/rds/bear-apps/2024a/EL8-ice/software/OpenSSL/3/include -I/rds/bear-apps/2024a/EL8-ice/software/libgit2/1.8.1-GCCcore-13.3.0/include -I/rds/bear-apps/2024a/EL8-ice/software/Java/17.0.15/include -I/rds/bear-apps/2024a/EL8-ice/software/LibTIFF/4.6.0-GCCcore-13.3.0/include -I/rds/bear-apps/2024a/EL8-ice/software/libjpeg-turbo/3.0.1-GCCcore-13.3.0/include -I/rds/bear-apps/2024a/EL8-ice/software/libpng/1.6.43-GCCcore-13.3.0/include -I/rds/bear-apps/2024a/EL8-ice/software/PCRE2/10.43-GCCcore-13.3.0/include -I/rds/bear-apps/2024a/EL8-ice/software/SQLite/3.45.3-GCCcore-13.3.0/include -I/rds/bear-apps/2024a/EL8-ice/software/zlib/1.3.1-GCCcore-13.3.0/include -I/rds/bear-apps/2024a/EL8-ice/software/XZ/5.4.5-GCCcore-13.3.0/include -I/rds/bear-apps/2024a/EL8-ice/software/bzip2/1.0.8-GCCcore-13.3.0/include -I/rds/bear-apps/2024a/EL8-ice/software/ncurses/6.5-GCCcore-13.3.0/include -I/rds/bear-apps/2024a/EL8-ice/software/libreadline/8.2-GCCcore-13.3.0/include -I/rds/bear-apps/2024a/EL8-ice/software/cairo/1.18.0-GCCcore-13.3.0/include -I/rds/bear-apps/2024a/EL8-ice/software/libGLU/9.0.3-GCCcore-13.3.0/include -I/rds/bear-apps/2024a/EL8-ice/software/Mesa/24.1.3-GCCcore-13.3.0/include -I/rds/bear-apps/2024a/EL8-ice/software/X11/20240607-GCCcore-13.3.0/include -I/rds/bear-apps/2024a/EL8-ice/software/pkgconf/2.2.0-GCCcore-13.3.0/include -I/rds/bear-apps/2024a/EL8-ice/software/FFTW/3.3.10-GCC-13.3.0/include -I/rds/bear-apps/2024a/EL8-ice/software/FlexiBLAS/3.4.4-GCC-13.3.0/include -I/rds/bear-apps/2024a/EL8-ice/software/FlexiBLAS/3.4.4-GCC-13.3.0/include/flexiblas    -fpic  -O2 -ftree-vectorize -march=native -fno-math-errno  -c lp_Hash.c -o lp_Hash.o
gcc -std=gnu2x -I"/rds/bear-apps/2024a/EL8-ice/software/R/4.5.0-gfbf-2024a/lib64/R/include" -DNDEBUG -I . -DINTEGERTIME -DPARSER_LP -DBUILDING_FOR_R -DYY_NEVER_INTERACTIVE -DUSRDLL -DCLOCKTIME -DRoleIsExternalInvEngine -DINVERSE_ACTIVE=INVERSE_LUSOL -DINLINE=static -DParanoia  -I/rds/bear-apps/2024a/EL8-ice/software/FriBidi/1.0.15-GCCcore-13.3.0/include -I/rds/bear-apps/2024a/EL8-ice/software/HarfBuzz/9.0.0-GCCcore-13.3.0/include -I/rds/bear-apps/2024a/EL8-ice/software/Tk/8.6.14-GCCcore-13.3.0/include -I/rds/bear-apps/2024a/EL8-ice/software/cURL/8.7.1-GCCcore-13.3.0/include -I/rds/bear-apps/2024a/EL8-ice/software/OpenSSL/3/include -I/rds/bear-apps/2024a/EL8-ice/software/libgit2/1.8.1-GCCcore-13.3.0/include -I/rds/bear-apps/2024a/EL8-ice/software/Java/17.0.15/include -I/rds/bear-apps/2024a/EL8-ice/software/LibTIFF/4.6.0-GCCcore-13.3.0/include -I/rds/bear-apps/2024a/EL8-ice/software/libjpeg-turbo/3.0.1-GCCcore-13.3.0/include -I/rds/bear-apps/2024a/EL8-ice/software/libpng/1.6.43-GCCcore-13.3.0/include -I/rds/bear-apps/2024a/EL8-ice/software/PCRE2/10.43-GCCcore-13.3.0/include -I/rds/bear-apps/2024a/EL8-ice/software/SQLite/3.45.3-GCCcore-13.3.0/include -I/rds/bear-apps/2024a/EL8-ice/software/zlib/1.3.1-GCCcore-13.3.0/include -I/rds/bear-apps/2024a/EL8-ice/software/XZ/5.4.5-GCCcore-13.3.0/include -I/rds/bear-apps/2024a/EL8-ice/software/bzip2/1.0.8-GCCcore-13.3.0/include -I/rds/bear-apps/2024a/EL8-ice/software/ncurses/6.5-GCCcore-13.3.0/include -I/rds/bear-apps/2024a/EL8-ice/software/libreadline/8.2-GCCcore-13.3.0/include -I/rds/bear-apps/2024a/EL8-ice/software/cairo/1.18.0-GCCcore-13.3.0/include -I/rds/bear-apps/2024a/EL8-ice/software/libGLU/9.0.3-GCCcore-13.3.0/include -I/rds/bear-apps/2024a/EL8-ice/software/Mesa/24.1.3-GCCcore-13.3.0/include -I/rds/bear-apps/2024a/EL8-ice/software/X11/20240607-GCCcore-13.3.0/include -I/rds/bear-apps/2024a/EL8-ice/software/pkgconf/2.2.0-GCCcore-13.3.0/include -I/rds/bear-apps/2024a/EL8-ice/software/FFTW/3.3.10-GCC-13.3.0/include -I/rds/bear-apps/2024a/EL8-ice/software/FlexiBLAS/3.4.4-GCC-13.3.0/include -I/rds/bear-apps/2024a/EL8-ice/software/FlexiBLAS/3.4.4-GCC-13.3.0/include/flexiblas    -fpic  -O2 -ftree-vectorize -march=native -fno-math-errno  -c lp_LUSOL.c -o lp_LUSOL.o
gcc -std=gnu2x -I"/rds/bear-apps/2024a/EL8-ice/software/R/4.5.0-gfbf-2024a/lib64/R/include" -DNDEBUG -I . -DINTEGERTIME -DPARSER_LP -DBUILDING_FOR_R -DYY_NEVER_INTERACTIVE -DUSRDLL -DCLOCKTIME -DRoleIsExternalInvEngine -DINVERSE_ACTIVE=INVERSE_LUSOL -DINLINE=static -DParanoia  -I/rds/bear-apps/2024a/EL8-ice/software/FriBidi/1.0.15-GCCcore-13.3.0/include -I/rds/bear-apps/2024a/EL8-ice/software/HarfBuzz/9.0.0-GCCcore-13.3.0/include -I/rds/bear-apps/2024a/EL8-ice/software/Tk/8.6.14-GCCcore-13.3.0/include -I/rds/bear-apps/2024a/EL8-ice/software/cURL/8.7.1-GCCcore-13.3.0/include -I/rds/bear-apps/2024a/EL8-ice/software/OpenSSL/3/include -I/rds/bear-apps/2024a/EL8-ice/software/libgit2/1.8.1-GCCcore-13.3.0/include -I/rds/bear-apps/2024a/EL8-ice/software/Java/17.0.15/include -I/rds/bear-apps/2024a/EL8-ice/software/LibTIFF/4.6.0-GCCcore-13.3.0/include -I/rds/bear-apps/2024a/EL8-ice/software/libjpeg-turbo/3.0.1-GCCcore-13.3.0/include -I/rds/bear-apps/2024a/EL8-ice/software/libpng/1.6.43-GCCcore-13.3.0/include -I/rds/bear-apps/2024a/EL8-ice/software/PCRE2/10.43-GCCcore-13.3.0/include -I/rds/bear-apps/2024a/EL8-ice/software/SQLite/3.45.3-GCCcore-13.3.0/include -I/rds/bear-apps/2024a/EL8-ice/software/zlib/1.3.1-GCCcore-13.3.0/include -I/rds/bear-apps/2024a/EL8-ice/software/XZ/5.4.5-GCCcore-13.3.0/include -I/rds/bear-apps/2024a/EL8-ice/software/bzip2/1.0.8-GCCcore-13.3.0/include -I/rds/bear-apps/2024a/EL8-ice/software/ncurses/6.5-GCCcore-13.3.0/include -I/rds/bear-apps/2024a/EL8-ice/software/libreadline/8.2-GCCcore-13.3.0/include -I/rds/bear-apps/2024a/EL8-ice/software/cairo/1.18.0-GCCcore-13.3.0/include -I/rds/bear-apps/2024a/EL8-ice/software/libGLU/9.0.3-GCCcore-13.3.0/include -I/rds/bear-apps/2024a/EL8-ice/software/Mesa/24.1.3-GCCcore-13.3.0/include -I/rds/bear-apps/2024a/EL8-ice/software/X11/20240607-GCCcore-13.3.0/include -I/rds/bear-apps/2024a/EL8-ice/software/pkgconf/2.2.0-GCCcore-13.3.0/include -I/rds/bear-apps/2024a/EL8-ice/software/FFTW/3.3.10-GCC-13.3.0/include -I/rds/bear-apps/2024a/EL8-ice/software/FlexiBLAS/3.4.4-GCC-13.3.0/include -I/rds/bear-apps/2024a/EL8-ice/software/FlexiBLAS/3.4.4-GCC-13.3.0/include/flexiblas    -fpic  -O2 -ftree-vectorize -march=native -fno-math-errno  -c lp_MDO.c -o lp_MDO.o
gcc -std=gnu2x -I"/rds/bear-apps/2024a/EL8-ice/software/R/4.5.0-gfbf-2024a/lib64/R/include" -DNDEBUG -I . -DINTEGERTIME -DPARSER_LP -DBUILDING_FOR_R -DYY_NEVER_INTERACTIVE -DUSRDLL -DCLOCKTIME -DRoleIsExternalInvEngine -DINVERSE_ACTIVE=INVERSE_LUSOL -DINLINE=static -DParanoia  -I/rds/bear-apps/2024a/EL8-ice/software/FriBidi/1.0.15-GCCcore-13.3.0/include -I/rds/bear-apps/2024a/EL8-ice/software/HarfBuzz/9.0.0-GCCcore-13.3.0/include -I/rds/bear-apps/2024a/EL8-ice/software/Tk/8.6.14-GCCcore-13.3.0/include -I/rds/bear-apps/2024a/EL8-ice/software/cURL/8.7.1-GCCcore-13.3.0/include -I/rds/bear-apps/2024a/EL8-ice/software/OpenSSL/3/include -I/rds/bear-apps/2024a/EL8-ice/software/libgit2/1.8.1-GCCcore-13.3.0/include -I/rds/bear-apps/2024a/EL8-ice/software/Java/17.0.15/include -I/rds/bear-apps/2024a/EL8-ice/software/LibTIFF/4.6.0-GCCcore-13.3.0/include -I/rds/bear-apps/2024a/EL8-ice/software/libjpeg-turbo/3.0.1-GCCcore-13.3.0/include -I/rds/bear-apps/2024a/EL8-ice/software/libpng/1.6.43-GCCcore-13.3.0/include -I/rds/bear-apps/2024a/EL8-ice/software/PCRE2/10.43-GCCcore-13.3.0/include -I/rds/bear-apps/2024a/EL8-ice/software/SQLite/3.45.3-GCCcore-13.3.0/include -I/rds/bear-apps/2024a/EL8-ice/software/zlib/1.3.1-GCCcore-13.3.0/include -I/rds/bear-apps/2024a/EL8-ice/software/XZ/5.4.5-GCCcore-13.3.0/include -I/rds/bear-apps/2024a/EL8-ice/software/bzip2/1.0.8-GCCcore-13.3.0/include -I/rds/bear-apps/2024a/EL8-ice/software/ncurses/6.5-GCCcore-13.3.0/include -I/rds/bear-apps/2024a/EL8-ice/software/libreadline/8.2-GCCcore-13.3.0/include -I/rds/bear-apps/2024a/EL8-ice/software/cairo/1.18.0-GCCcore-13.3.0/include -I/rds/bear-apps/2024a/EL8-ice/software/libGLU/9.0.3-GCCcore-13.3.0/include -I/rds/bear-apps/2024a/EL8-ice/software/Mesa/24.1.3-GCCcore-13.3.0/include -I/rds/bear-apps/2024a/EL8-ice/software/X11/20240607-GCCcore-13.3.0/include -I/rds/bear-apps/2024a/EL8-ice/software/pkgconf/2.2.0-GCCcore-13.3.0/include -I/rds/bear-apps/2024a/EL8-ice/software/FFTW/3.3.10-GCC-13.3.0/include -I/rds/bear-apps/2024a/EL8-ice/software/FlexiBLAS/3.4.4-GCC-13.3.0/include -I/rds/bear-apps/2024a/EL8-ice/software/FlexiBLAS/3.4.4-GCC-13.3.0/include/flexiblas    -fpic  -O2 -ftree-vectorize -march=native -fno-math-errno  -c lp_MPS.c -o lp_MPS.o
gcc -std=gnu2x -I"/rds/bear-apps/2024a/EL8-ice/software/R/4.5.0-gfbf-2024a/lib64/R/include" -DNDEBUG -I . -DINTEGERTIME -DPARSER_LP -DBUILDING_FOR_R -DYY_NEVER_INTERACTIVE -DUSRDLL -DCLOCKTIME -DRoleIsExternalInvEngine -DINVERSE_ACTIVE=INVERSE_LUSOL -DINLINE=static -DParanoia  -I/rds/bear-apps/2024a/EL8-ice/software/FriBidi/1.0.15-GCCcore-13.3.0/include -I/rds/bear-apps/2024a/EL8-ice/software/HarfBuzz/9.0.0-GCCcore-13.3.0/include -I/rds/bear-apps/2024a/EL8-ice/software/Tk/8.6.14-GCCcore-13.3.0/include -I/rds/bear-apps/2024a/EL8-ice/software/cURL/8.7.1-GCCcore-13.3.0/include -I/rds/bear-apps/2024a/EL8-ice/software/OpenSSL/3/include -I/rds/bear-apps/2024a/EL8-ice/software/libgit2/1.8.1-GCCcore-13.3.0/include -I/rds/bear-apps/2024a/EL8-ice/software/Java/17.0.15/include -I/rds/bear-apps/2024a/EL8-ice/software/LibTIFF/4.6.0-GCCcore-13.3.0/include -I/rds/bear-apps/2024a/EL8-ice/software/libjpeg-turbo/3.0.1-GCCcore-13.3.0/include -I/rds/bear-apps/2024a/EL8-ice/software/libpng/1.6.43-GCCcore-13.3.0/include -I/rds/bear-apps/2024a/EL8-ice/software/PCRE2/10.43-GCCcore-13.3.0/include -I/rds/bear-apps/2024a/EL8-ice/software/SQLite/3.45.3-GCCcore-13.3.0/include -I/rds/bear-apps/2024a/EL8-ice/software/zlib/1.3.1-GCCcore-13.3.0/include -I/rds/bear-apps/2024a/EL8-ice/software/XZ/5.4.5-GCCcore-13.3.0/include -I/rds/bear-apps/2024a/EL8-ice/software/bzip2/1.0.8-GCCcore-13.3.0/include -I/rds/bear-apps/2024a/EL8-ice/software/ncurses/6.5-GCCcore-13.3.0/include -I/rds/bear-apps/2024a/EL8-ice/software/libreadline/8.2-GCCcore-13.3.0/include -I/rds/bear-apps/2024a/EL8-ice/software/cairo/1.18.0-GCCcore-13.3.0/include -I/rds/bear-apps/2024a/EL8-ice/software/libGLU/9.0.3-GCCcore-13.3.0/include -I/rds/bear-apps/2024a/EL8-ice/software/Mesa/24.1.3-GCCcore-13.3.0/include -I/rds/bear-apps/2024a/EL8-ice/software/X11/20240607-GCCcore-13.3.0/include -I/rds/bear-apps/2024a/EL8-ice/software/pkgconf/2.2.0-GCCcore-13.3.0/include -I/rds/bear-apps/2024a/EL8-ice/software/FFTW/3.3.10-GCC-13.3.0/include -I/rds/bear-apps/2024a/EL8-ice/software/FlexiBLAS/3.4.4-GCC-13.3.0/include -I/rds/bear-apps/2024a/EL8-ice/software/FlexiBLAS/3.4.4-GCC-13.3.0/include/flexiblas    -fpic  -O2 -ftree-vectorize -march=native -fno-math-errno  -c lp_SOS.c -o lp_SOS.o
gcc -std=gnu2x -I"/rds/bear-apps/2024a/EL8-ice/software/R/4.5.0-gfbf-2024a/lib64/R/include" -DNDEBUG -I . -DINTEGERTIME -DPARSER_LP -DBUILDING_FOR_R -DYY_NEVER_INTERACTIVE -DUSRDLL -DCLOCKTIME -DRoleIsExternalInvEngine -DINVERSE_ACTIVE=INVERSE_LUSOL -DINLINE=static -DParanoia  -I/rds/bear-apps/2024a/EL8-ice/software/FriBidi/1.0.15-GCCcore-13.3.0/include -I/rds/bear-apps/2024a/EL8-ice/software/HarfBuzz/9.0.0-GCCcore-13.3.0/include -I/rds/bear-apps/2024a/EL8-ice/software/Tk/8.6.14-GCCcore-13.3.0/include -I/rds/bear-apps/2024a/EL8-ice/software/cURL/8.7.1-GCCcore-13.3.0/include -I/rds/bear-apps/2024a/EL8-ice/software/OpenSSL/3/include -I/rds/bear-apps/2024a/EL8-ice/software/libgit2/1.8.1-GCCcore-13.3.0/include -I/rds/bear-apps/2024a/EL8-ice/software/Java/17.0.15/include -I/rds/bear-apps/2024a/EL8-ice/software/LibTIFF/4.6.0-GCCcore-13.3.0/include -I/rds/bear-apps/2024a/EL8-ice/software/libjpeg-turbo/3.0.1-GCCcore-13.3.0/include -I/rds/bear-apps/2024a/EL8-ice/software/libpng/1.6.43-GCCcore-13.3.0/include -I/rds/bear-apps/2024a/EL8-ice/software/PCRE2/10.43-GCCcore-13.3.0/include -I/rds/bear-apps/2024a/EL8-ice/software/SQLite/3.45.3-GCCcore-13.3.0/include -I/rds/bear-apps/2024a/EL8-ice/software/zlib/1.3.1-GCCcore-13.3.0/include -I/rds/bear-apps/2024a/EL8-ice/software/XZ/5.4.5-GCCcore-13.3.0/include -I/rds/bear-apps/2024a/EL8-ice/software/bzip2/1.0.8-GCCcore-13.3.0/include -I/rds/bear-apps/2024a/EL8-ice/software/ncurses/6.5-GCCcore-13.3.0/include -I/rds/bear-apps/2024a/EL8-ice/software/libreadline/8.2-GCCcore-13.3.0/include -I/rds/bear-apps/2024a/EL8-ice/software/cairo/1.18.0-GCCcore-13.3.0/include -I/rds/bear-apps/2024a/EL8-ice/software/libGLU/9.0.3-GCCcore-13.3.0/include -I/rds/bear-apps/2024a/EL8-ice/software/Mesa/24.1.3-GCCcore-13.3.0/include -I/rds/bear-apps/2024a/EL8-ice/software/X11/20240607-GCCcore-13.3.0/include -I/rds/bear-apps/2024a/EL8-ice/software/pkgconf/2.2.0-GCCcore-13.3.0/include -I/rds/bear-apps/2024a/EL8-ice/software/FFTW/3.3.10-GCC-13.3.0/include -I/rds/bear-apps/2024a/EL8-ice/software/FlexiBLAS/3.4.4-GCC-13.3.0/include -I/rds/bear-apps/2024a/EL8-ice/software/FlexiBLAS/3.4.4-GCC-13.3.0/include/flexiblas    -fpic  -O2 -ftree-vectorize -march=native -fno-math-errno  -c lp_crash.c -o lp_crash.o
gcc -std=gnu2x -I"/rds/bear-apps/2024a/EL8-ice/software/R/4.5.0-gfbf-2024a/lib64/R/include" -DNDEBUG -I . -DINTEGERTIME -DPARSER_LP -DBUILDING_FOR_R -DYY_NEVER_INTERACTIVE -DUSRDLL -DCLOCKTIME -DRoleIsExternalInvEngine -DINVERSE_ACTIVE=INVERSE_LUSOL -DINLINE=static -DParanoia  -I/rds/bear-apps/2024a/EL8-ice/software/FriBidi/1.0.15-GCCcore-13.3.0/include -I/rds/bear-apps/2024a/EL8-ice/software/HarfBuzz/9.0.0-GCCcore-13.3.0/include -I/rds/bear-apps/2024a/EL8-ice/software/Tk/8.6.14-GCCcore-13.3.0/include -I/rds/bear-apps/2024a/EL8-ice/software/cURL/8.7.1-GCCcore-13.3.0/include -I/rds/bear-apps/2024a/EL8-ice/software/OpenSSL/3/include -I/rds/bear-apps/2024a/EL8-ice/software/libgit2/1.8.1-GCCcore-13.3.0/include -I/rds/bear-apps/2024a/EL8-ice/software/Java/17.0.15/include -I/rds/bear-apps/2024a/EL8-ice/software/LibTIFF/4.6.0-GCCcore-13.3.0/include -I/rds/bear-apps/2024a/EL8-ice/software/libjpeg-turbo/3.0.1-GCCcore-13.3.0/include -I/rds/bear-apps/2024a/EL8-ice/software/libpng/1.6.43-GCCcore-13.3.0/include -I/rds/bear-apps/2024a/EL8-ice/software/PCRE2/10.43-GCCcore-13.3.0/include -I/rds/bear-apps/2024a/EL8-ice/software/SQLite/3.45.3-GCCcore-13.3.0/include -I/rds/bear-apps/2024a/EL8-ice/software/zlib/1.3.1-GCCcore-13.3.0/include -I/rds/bear-apps/2024a/EL8-ice/software/XZ/5.4.5-GCCcore-13.3.0/include -I/rds/bear-apps/2024a/EL8-ice/software/bzip2/1.0.8-GCCcore-13.3.0/include -I/rds/bear-apps/2024a/EL8-ice/software/ncurses/6.5-GCCcore-13.3.0/include -I/rds/bear-apps/2024a/EL8-ice/software/libreadline/8.2-GCCcore-13.3.0/include -I/rds/bear-apps/2024a/EL8-ice/software/cairo/1.18.0-GCCcore-13.3.0/include -I/rds/bear-apps/2024a/EL8-ice/software/libGLU/9.0.3-GCCcore-13.3.0/include -I/rds/bear-apps/2024a/EL8-ice/software/Mesa/24.1.3-GCCcore-13.3.0/include -I/rds/bear-apps/2024a/EL8-ice/software/X11/20240607-GCCcore-13.3.0/include -I/rds/bear-apps/2024a/EL8-ice/software/pkgconf/2.2.0-GCCcore-13.3.0/include -I/rds/bear-apps/2024a/EL8-ice/software/FFTW/3.3.10-GCC-13.3.0/include -I/rds/bear-apps/2024a/EL8-ice/software/FlexiBLAS/3.4.4-GCC-13.3.0/include -I/rds/bear-apps/2024a/EL8-ice/software/FlexiBLAS/3.4.4-GCC-13.3.0/include/flexiblas    -fpic  -O2 -ftree-vectorize -march=native -fno-math-errno  -c lp_lib.c -o lp_lib.o
gcc -std=gnu2x -I"/rds/bear-apps/2024a/EL8-ice/software/R/4.5.0-gfbf-2024a/lib64/R/include" -DNDEBUG -I . -DINTEGERTIME -DPARSER_LP -DBUILDING_FOR_R -DYY_NEVER_INTERACTIVE -DUSRDLL -DCLOCKTIME -DRoleIsExternalInvEngine -DINVERSE_ACTIVE=INVERSE_LUSOL -DINLINE=static -DParanoia  -I/rds/bear-apps/2024a/EL8-ice/software/FriBidi/1.0.15-GCCcore-13.3.0/include -I/rds/bear-apps/2024a/EL8-ice/software/HarfBuzz/9.0.0-GCCcore-13.3.0/include -I/rds/bear-apps/2024a/EL8-ice/software/Tk/8.6.14-GCCcore-13.3.0/include -I/rds/bear-apps/2024a/EL8-ice/software/cURL/8.7.1-GCCcore-13.3.0/include -I/rds/bear-apps/2024a/EL8-ice/software/OpenSSL/3/include -I/rds/bear-apps/2024a/EL8-ice/software/libgit2/1.8.1-GCCcore-13.3.0/include -I/rds/bear-apps/2024a/EL8-ice/software/Java/17.0.15/include -I/rds/bear-apps/2024a/EL8-ice/software/LibTIFF/4.6.0-GCCcore-13.3.0/include -I/rds/bear-apps/2024a/EL8-ice/software/libjpeg-turbo/3.0.1-GCCcore-13.3.0/include -I/rds/bear-apps/2024a/EL8-ice/software/libpng/1.6.43-GCCcore-13.3.0/include -I/rds/bear-apps/2024a/EL8-ice/software/PCRE2/10.43-GCCcore-13.3.0/include -I/rds/bear-apps/2024a/EL8-ice/software/SQLite/3.45.3-GCCcore-13.3.0/include -I/rds/bear-apps/2024a/EL8-ice/software/zlib/1.3.1-GCCcore-13.3.0/include -I/rds/bear-apps/2024a/EL8-ice/software/XZ/5.4.5-GCCcore-13.3.0/include -I/rds/bear-apps/2024a/EL8-ice/software/bzip2/1.0.8-GCCcore-13.3.0/include -I/rds/bear-apps/2024a/EL8-ice/software/ncurses/6.5-GCCcore-13.3.0/include -I/rds/bear-apps/2024a/EL8-ice/software/libreadline/8.2-GCCcore-13.3.0/include -I/rds/bear-apps/2024a/EL8-ice/software/cairo/1.18.0-GCCcore-13.3.0/include -I/rds/bear-apps/2024a/EL8-ice/software/libGLU/9.0.3-GCCcore-13.3.0/include -I/rds/bear-apps/2024a/EL8-ice/software/Mesa/24.1.3-GCCcore-13.3.0/include -I/rds/bear-apps/2024a/EL8-ice/software/X11/20240607-GCCcore-13.3.0/include -I/rds/bear-apps/2024a/EL8-ice/software/pkgconf/2.2.0-GCCcore-13.3.0/include -I/rds/bear-apps/2024a/EL8-ice/software/FFTW/3.3.10-GCC-13.3.0/include -I/rds/bear-apps/2024a/EL8-ice/software/FlexiBLAS/3.4.4-GCC-13.3.0/include -I/rds/bear-apps/2024a/EL8-ice/software/FlexiBLAS/3.4.4-GCC-13.3.0/include/flexiblas    -fpic  -O2 -ftree-vectorize -march=native -fno-math-errno  -c lp_matrix.c -o lp_matrix.o
gcc -std=gnu2x -I"/rds/bear-apps/2024a/EL8-ice/software/R/4.5.0-gfbf-2024a/lib64/R/include" -DNDEBUG -I . -DINTEGERTIME -DPARSER_LP -DBUILDING_FOR_R -DYY_NEVER_INTERACTIVE -DUSRDLL -DCLOCKTIME -DRoleIsExternalInvEngine -DINVERSE_ACTIVE=INVERSE_LUSOL -DINLINE=static -DParanoia  -I/rds/bear-apps/2024a/EL8-ice/software/FriBidi/1.0.15-GCCcore-13.3.0/include -I/rds/bear-apps/2024a/EL8-ice/software/HarfBuzz/9.0.0-GCCcore-13.3.0/include -I/rds/bear-apps/2024a/EL8-ice/software/Tk/8.6.14-GCCcore-13.3.0/include -I/rds/bear-apps/2024a/EL8-ice/software/cURL/8.7.1-GCCcore-13.3.0/include -I/rds/bear-apps/2024a/EL8-ice/software/OpenSSL/3/include -I/rds/bear-apps/2024a/EL8-ice/software/libgit2/1.8.1-GCCcore-13.3.0/include -I/rds/bear-apps/2024a/EL8-ice/software/Java/17.0.15/include -I/rds/bear-apps/2024a/EL8-ice/software/LibTIFF/4.6.0-GCCcore-13.3.0/include -I/rds/bear-apps/2024a/EL8-ice/software/libjpeg-turbo/3.0.1-GCCcore-13.3.0/include -I/rds/bear-apps/2024a/EL8-ice/software/libpng/1.6.43-GCCcore-13.3.0/include -I/rds/bear-apps/2024a/EL8-ice/software/PCRE2/10.43-GCCcore-13.3.0/include -I/rds/bear-apps/2024a/EL8-ice/software/SQLite/3.45.3-GCCcore-13.3.0/include -I/rds/bear-apps/2024a/EL8-ice/software/zlib/1.3.1-GCCcore-13.3.0/include -I/rds/bear-apps/2024a/EL8-ice/software/XZ/5.4.5-GCCcore-13.3.0/include -I/rds/bear-apps/2024a/EL8-ice/software/bzip2/1.0.8-GCCcore-13.3.0/include -I/rds/bear-apps/2024a/EL8-ice/software/ncurses/6.5-GCCcore-13.3.0/include -I/rds/bear-apps/2024a/EL8-ice/software/libreadline/8.2-GCCcore-13.3.0/include -I/rds/bear-apps/2024a/EL8-ice/software/cairo/1.18.0-GCCcore-13.3.0/include -I/rds/bear-apps/2024a/EL8-ice/software/libGLU/9.0.3-GCCcore-13.3.0/include -I/rds/bear-apps/2024a/EL8-ice/software/Mesa/24.1.3-GCCcore-13.3.0/include -I/rds/bear-apps/2024a/EL8-ice/software/X11/20240607-GCCcore-13.3.0/include -I/rds/bear-apps/2024a/EL8-ice/software/pkgconf/2.2.0-GCCcore-13.3.0/include -I/rds/bear-apps/2024a/EL8-ice/software/FFTW/3.3.10-GCC-13.3.0/include -I/rds/bear-apps/2024a/EL8-ice/software/FlexiBLAS/3.4.4-GCC-13.3.0/include -I/rds/bear-apps/2024a/EL8-ice/software/FlexiBLAS/3.4.4-GCC-13.3.0/include/flexiblas    -fpic  -O2 -ftree-vectorize -march=native -fno-math-errno  -c lp_mipbb.c -o lp_mipbb.o
gcc -std=gnu2x -I"/rds/bear-apps/2024a/EL8-ice/software/R/4.5.0-gfbf-2024a/lib64/R/include" -DNDEBUG -I . -DINTEGERTIME -DPARSER_LP -DBUILDING_FOR_R -DYY_NEVER_INTERACTIVE -DUSRDLL -DCLOCKTIME -DRoleIsExternalInvEngine -DINVERSE_ACTIVE=INVERSE_LUSOL -DINLINE=static -DParanoia  -I/rds/bear-apps/2024a/EL8-ice/software/FriBidi/1.0.15-GCCcore-13.3.0/include -I/rds/bear-apps/2024a/EL8-ice/software/HarfBuzz/9.0.0-GCCcore-13.3.0/include -I/rds/bear-apps/2024a/EL8-ice/software/Tk/8.6.14-GCCcore-13.3.0/include -I/rds/bear-apps/2024a/EL8-ice/software/cURL/8.7.1-GCCcore-13.3.0/include -I/rds/bear-apps/2024a/EL8-ice/software/OpenSSL/3/include -I/rds/bear-apps/2024a/EL8-ice/software/libgit2/1.8.1-GCCcore-13.3.0/include -I/rds/bear-apps/2024a/EL8-ice/software/Java/17.0.15/include -I/rds/bear-apps/2024a/EL8-ice/software/LibTIFF/4.6.0-GCCcore-13.3.0/include -I/rds/bear-apps/2024a/EL8-ice/software/libjpeg-turbo/3.0.1-GCCcore-13.3.0/include -I/rds/bear-apps/2024a/EL8-ice/software/libpng/1.6.43-GCCcore-13.3.0/include -I/rds/bear-apps/2024a/EL8-ice/software/PCRE2/10.43-GCCcore-13.3.0/include -I/rds/bear-apps/2024a/EL8-ice/software/SQLite/3.45.3-GCCcore-13.3.0/include -I/rds/bear-apps/2024a/EL8-ice/software/zlib/1.3.1-GCCcore-13.3.0/include -I/rds/bear-apps/2024a/EL8-ice/software/XZ/5.4.5-GCCcore-13.3.0/include -I/rds/bear-apps/2024a/EL8-ice/software/bzip2/1.0.8-GCCcore-13.3.0/include -I/rds/bear-apps/2024a/EL8-ice/software/ncurses/6.5-GCCcore-13.3.0/include -I/rds/bear-apps/2024a/EL8-ice/software/libreadline/8.2-GCCcore-13.3.0/include -I/rds/bear-apps/2024a/EL8-ice/software/cairo/1.18.0-GCCcore-13.3.0/include -I/rds/bear-apps/2024a/EL8-ice/software/libGLU/9.0.3-GCCcore-13.3.0/include -I/rds/bear-apps/2024a/EL8-ice/software/Mesa/24.1.3-GCCcore-13.3.0/include -I/rds/bear-apps/2024a/EL8-ice/software/X11/20240607-GCCcore-13.3.0/include -I/rds/bear-apps/2024a/EL8-ice/software/pkgconf/2.2.0-GCCcore-13.3.0/include -I/rds/bear-apps/2024a/EL8-ice/software/FFTW/3.3.10-GCC-13.3.0/include -I/rds/bear-apps/2024a/EL8-ice/software/FlexiBLAS/3.4.4-GCC-13.3.0/include -I/rds/bear-apps/2024a/EL8-ice/software/FlexiBLAS/3.4.4-GCC-13.3.0/include/flexiblas    -fpic  -O2 -ftree-vectorize -march=native -fno-math-errno  -c lp_params.c -o lp_params.o
gcc -std=gnu2x -I"/rds/bear-apps/2024a/EL8-ice/software/R/4.5.0-gfbf-2024a/lib64/R/include" -DNDEBUG -I . -DINTEGERTIME -DPARSER_LP -DBUILDING_FOR_R -DYY_NEVER_INTERACTIVE -DUSRDLL -DCLOCKTIME -DRoleIsExternalInvEngine -DINVERSE_ACTIVE=INVERSE_LUSOL -DINLINE=static -DParanoia  -I/rds/bear-apps/2024a/EL8-ice/software/FriBidi/1.0.15-GCCcore-13.3.0/include -I/rds/bear-apps/2024a/EL8-ice/software/HarfBuzz/9.0.0-GCCcore-13.3.0/include -I/rds/bear-apps/2024a/EL8-ice/software/Tk/8.6.14-GCCcore-13.3.0/include -I/rds/bear-apps/2024a/EL8-ice/software/cURL/8.7.1-GCCcore-13.3.0/include -I/rds/bear-apps/2024a/EL8-ice/software/OpenSSL/3/include -I/rds/bear-apps/2024a/EL8-ice/software/libgit2/1.8.1-GCCcore-13.3.0/include -I/rds/bear-apps/2024a/EL8-ice/software/Java/17.0.15/include -I/rds/bear-apps/2024a/EL8-ice/software/LibTIFF/4.6.0-GCCcore-13.3.0/include -I/rds/bear-apps/2024a/EL8-ice/software/libjpeg-turbo/3.0.1-GCCcore-13.3.0/include -I/rds/bear-apps/2024a/EL8-ice/software/libpng/1.6.43-GCCcore-13.3.0/include -I/rds/bear-apps/2024a/EL8-ice/software/PCRE2/10.43-GCCcore-13.3.0/include -I/rds/bear-apps/2024a/EL8-ice/software/SQLite/3.45.3-GCCcore-13.3.0/include -I/rds/bear-apps/2024a/EL8-ice/software/zlib/1.3.1-GCCcore-13.3.0/include -I/rds/bear-apps/2024a/EL8-ice/software/XZ/5.4.5-GCCcore-13.3.0/include -I/rds/bear-apps/2024a/EL8-ice/software/bzip2/1.0.8-GCCcore-13.3.0/include -I/rds/bear-apps/2024a/EL8-ice/software/ncurses/6.5-GCCcore-13.3.0/include -I/rds/bear-apps/2024a/EL8-ice/software/libreadline/8.2-GCCcore-13.3.0/include -I/rds/bear-apps/2024a/EL8-ice/software/cairo/1.18.0-GCCcore-13.3.0/include -I/rds/bear-apps/2024a/EL8-ice/software/libGLU/9.0.3-GCCcore-13.3.0/include -I/rds/bear-apps/2024a/EL8-ice/software/Mesa/24.1.3-GCCcore-13.3.0/include -I/rds/bear-apps/2024a/EL8-ice/software/X11/20240607-GCCcore-13.3.0/include -I/rds/bear-apps/2024a/EL8-ice/software/pkgconf/2.2.0-GCCcore-13.3.0/include -I/rds/bear-apps/2024a/EL8-ice/software/FFTW/3.3.10-GCC-13.3.0/include -I/rds/bear-apps/2024a/EL8-ice/software/FlexiBLAS/3.4.4-GCC-13.3.0/include -I/rds/bear-apps/2024a/EL8-ice/software/FlexiBLAS/3.4.4-GCC-13.3.0/include/flexiblas    -fpic  -O2 -ftree-vectorize -march=native -fno-math-errno  -c lp_presolve.c -o lp_presolve.o
gcc -std=gnu2x -I"/rds/bear-apps/2024a/EL8-ice/software/R/4.5.0-gfbf-2024a/lib64/R/include" -DNDEBUG -I . -DINTEGERTIME -DPARSER_LP -DBUILDING_FOR_R -DYY_NEVER_INTERACTIVE -DUSRDLL -DCLOCKTIME -DRoleIsExternalInvEngine -DINVERSE_ACTIVE=INVERSE_LUSOL -DINLINE=static -DParanoia  -I/rds/bear-apps/2024a/EL8-ice/software/FriBidi/1.0.15-GCCcore-13.3.0/include -I/rds/bear-apps/2024a/EL8-ice/software/HarfBuzz/9.0.0-GCCcore-13.3.0/include -I/rds/bear-apps/2024a/EL8-ice/software/Tk/8.6.14-GCCcore-13.3.0/include -I/rds/bear-apps/2024a/EL8-ice/software/cURL/8.7.1-GCCcore-13.3.0/include -I/rds/bear-apps/2024a/EL8-ice/software/OpenSSL/3/include -I/rds/bear-apps/2024a/EL8-ice/software/libgit2/1.8.1-GCCcore-13.3.0/include -I/rds/bear-apps/2024a/EL8-ice/software/Java/17.0.15/include -I/rds/bear-apps/2024a/EL8-ice/software/LibTIFF/4.6.0-GCCcore-13.3.0/include -I/rds/bear-apps/2024a/EL8-ice/software/libjpeg-turbo/3.0.1-GCCcore-13.3.0/include -I/rds/bear-apps/2024a/EL8-ice/software/libpng/1.6.43-GCCcore-13.3.0/include -I/rds/bear-apps/2024a/EL8-ice/software/PCRE2/10.43-GCCcore-13.3.0/include -I/rds/bear-apps/2024a/EL8-ice/software/SQLite/3.45.3-GCCcore-13.3.0/include -I/rds/bear-apps/2024a/EL8-ice/software/zlib/1.3.1-GCCcore-13.3.0/include -I/rds/bear-apps/2024a/EL8-ice/software/XZ/5.4.5-GCCcore-13.3.0/include -I/rds/bear-apps/2024a/EL8-ice/software/bzip2/1.0.8-GCCcore-13.3.0/include -I/rds/bear-apps/2024a/EL8-ice/software/ncurses/6.5-GCCcore-13.3.0/include -I/rds/bear-apps/2024a/EL8-ice/software/libreadline/8.2-GCCcore-13.3.0/include -I/rds/bear-apps/2024a/EL8-ice/software/cairo/1.18.0-GCCcore-13.3.0/include -I/rds/bear-apps/2024a/EL8-ice/software/libGLU/9.0.3-GCCcore-13.3.0/include -I/rds/bear-apps/2024a/EL8-ice/software/Mesa/24.1.3-GCCcore-13.3.0/include -I/rds/bear-apps/2024a/EL8-ice/software/X11/20240607-GCCcore-13.3.0/include -I/rds/bear-apps/2024a/EL8-ice/software/pkgconf/2.2.0-GCCcore-13.3.0/include -I/rds/bear-apps/2024a/EL8-ice/software/FFTW/3.3.10-GCC-13.3.0/include -I/rds/bear-apps/2024a/EL8-ice/software/FlexiBLAS/3.4.4-GCC-13.3.0/include -I/rds/bear-apps/2024a/EL8-ice/software/FlexiBLAS/3.4.4-GCC-13.3.0/include/flexiblas    -fpic  -O2 -ftree-vectorize -march=native -fno-math-errno  -c lp_price.c -o lp_price.o
gcc -std=gnu2x -I"/rds/bear-apps/2024a/EL8-ice/software/R/4.5.0-gfbf-2024a/lib64/R/include" -DNDEBUG -I . -DINTEGERTIME -DPARSER_LP -DBUILDING_FOR_R -DYY_NEVER_INTERACTIVE -DUSRDLL -DCLOCKTIME -DRoleIsExternalInvEngine -DINVERSE_ACTIVE=INVERSE_LUSOL -DINLINE=static -DParanoia  -I/rds/bear-apps/2024a/EL8-ice/software/FriBidi/1.0.15-GCCcore-13.3.0/include -I/rds/bear-apps/2024a/EL8-ice/software/HarfBuzz/9.0.0-GCCcore-13.3.0/include -I/rds/bear-apps/2024a/EL8-ice/software/Tk/8.6.14-GCCcore-13.3.0/include -I/rds/bear-apps/2024a/EL8-ice/software/cURL/8.7.1-GCCcore-13.3.0/include -I/rds/bear-apps/2024a/EL8-ice/software/OpenSSL/3/include -I/rds/bear-apps/2024a/EL8-ice/software/libgit2/1.8.1-GCCcore-13.3.0/include -I/rds/bear-apps/2024a/EL8-ice/software/Java/17.0.15/include -I/rds/bear-apps/2024a/EL8-ice/software/LibTIFF/4.6.0-GCCcore-13.3.0/include -I/rds/bear-apps/2024a/EL8-ice/software/libjpeg-turbo/3.0.1-GCCcore-13.3.0/include -I/rds/bear-apps/2024a/EL8-ice/software/libpng/1.6.43-GCCcore-13.3.0/include -I/rds/bear-apps/2024a/EL8-ice/software/PCRE2/10.43-GCCcore-13.3.0/include -I/rds/bear-apps/2024a/EL8-ice/software/SQLite/3.45.3-GCCcore-13.3.0/include -I/rds/bear-apps/2024a/EL8-ice/software/zlib/1.3.1-GCCcore-13.3.0/include -I/rds/bear-apps/2024a/EL8-ice/software/XZ/5.4.5-GCCcore-13.3.0/include -I/rds/bear-apps/2024a/EL8-ice/software/bzip2/1.0.8-GCCcore-13.3.0/include -I/rds/bear-apps/2024a/EL8-ice/software/ncurses/6.5-GCCcore-13.3.0/include -I/rds/bear-apps/2024a/EL8-ice/software/libreadline/8.2-GCCcore-13.3.0/include -I/rds/bear-apps/2024a/EL8-ice/software/cairo/1.18.0-GCCcore-13.3.0/include -I/rds/bear-apps/2024a/EL8-ice/software/libGLU/9.0.3-GCCcore-13.3.0/include -I/rds/bear-apps/2024a/EL8-ice/software/Mesa/24.1.3-GCCcore-13.3.0/include -I/rds/bear-apps/2024a/EL8-ice/software/X11/20240607-GCCcore-13.3.0/include -I/rds/bear-apps/2024a/EL8-ice/software/pkgconf/2.2.0-GCCcore-13.3.0/include -I/rds/bear-apps/2024a/EL8-ice/software/FFTW/3.3.10-GCC-13.3.0/include -I/rds/bear-apps/2024a/EL8-ice/software/FlexiBLAS/3.4.4-GCC-13.3.0/include -I/rds/bear-apps/2024a/EL8-ice/software/FlexiBLAS/3.4.4-GCC-13.3.0/include/flexiblas    -fpic  -O2 -ftree-vectorize -march=native -fno-math-errno  -c lp_pricePSE.c -o lp_pricePSE.o
gcc -std=gnu2x -I"/rds/bear-apps/2024a/EL8-ice/software/R/4.5.0-gfbf-2024a/lib64/R/include" -DNDEBUG -I . -DINTEGERTIME -DPARSER_LP -DBUILDING_FOR_R -DYY_NEVER_INTERACTIVE -DUSRDLL -DCLOCKTIME -DRoleIsExternalInvEngine -DINVERSE_ACTIVE=INVERSE_LUSOL -DINLINE=static -DParanoia  -I/rds/bear-apps/2024a/EL8-ice/software/FriBidi/1.0.15-GCCcore-13.3.0/include -I/rds/bear-apps/2024a/EL8-ice/software/HarfBuzz/9.0.0-GCCcore-13.3.0/include -I/rds/bear-apps/2024a/EL8-ice/software/Tk/8.6.14-GCCcore-13.3.0/include -I/rds/bear-apps/2024a/EL8-ice/software/cURL/8.7.1-GCCcore-13.3.0/include -I/rds/bear-apps/2024a/EL8-ice/software/OpenSSL/3/include -I/rds/bear-apps/2024a/EL8-ice/software/libgit2/1.8.1-GCCcore-13.3.0/include -I/rds/bear-apps/2024a/EL8-ice/software/Java/17.0.15/include -I/rds/bear-apps/2024a/EL8-ice/software/LibTIFF/4.6.0-GCCcore-13.3.0/include -I/rds/bear-apps/2024a/EL8-ice/software/libjpeg-turbo/3.0.1-GCCcore-13.3.0/include -I/rds/bear-apps/2024a/EL8-ice/software/libpng/1.6.43-GCCcore-13.3.0/include -I/rds/bear-apps/2024a/EL8-ice/software/PCRE2/10.43-GCCcore-13.3.0/include -I/rds/bear-apps/2024a/EL8-ice/software/SQLite/3.45.3-GCCcore-13.3.0/include -I/rds/bear-apps/2024a/EL8-ice/software/zlib/1.3.1-GCCcore-13.3.0/include -I/rds/bear-apps/2024a/EL8-ice/software/XZ/5.4.5-GCCcore-13.3.0/include -I/rds/bear-apps/2024a/EL8-ice/software/bzip2/1.0.8-GCCcore-13.3.0/include -I/rds/bear-apps/2024a/EL8-ice/software/ncurses/6.5-GCCcore-13.3.0/include -I/rds/bear-apps/2024a/EL8-ice/software/libreadline/8.2-GCCcore-13.3.0/include -I/rds/bear-apps/2024a/EL8-ice/software/cairo/1.18.0-GCCcore-13.3.0/include -I/rds/bear-apps/2024a/EL8-ice/software/libGLU/9.0.3-GCCcore-13.3.0/include -I/rds/bear-apps/2024a/EL8-ice/software/Mesa/24.1.3-GCCcore-13.3.0/include -I/rds/bear-apps/2024a/EL8-ice/software/X11/20240607-GCCcore-13.3.0/include -I/rds/bear-apps/2024a/EL8-ice/software/pkgconf/2.2.0-GCCcore-13.3.0/include -I/rds/bear-apps/2024a/EL8-ice/software/FFTW/3.3.10-GCC-13.3.0/include -I/rds/bear-apps/2024a/EL8-ice/software/FlexiBLAS/3.4.4-GCC-13.3.0/include -I/rds/bear-apps/2024a/EL8-ice/software/FlexiBLAS/3.4.4-GCC-13.3.0/include/flexiblas    -fpic  -O2 -ftree-vectorize -march=native -fno-math-errno  -c lp_report.c -o lp_report.o
gcc -std=gnu2x -I"/rds/bear-apps/2024a/EL8-ice/software/R/4.5.0-gfbf-2024a/lib64/R/include" -DNDEBUG -I . -DINTEGERTIME -DPARSER_LP -DBUILDING_FOR_R -DYY_NEVER_INTERACTIVE -DUSRDLL -DCLOCKTIME -DRoleIsExternalInvEngine -DINVERSE_ACTIVE=INVERSE_LUSOL -DINLINE=static -DParanoia  -I/rds/bear-apps/2024a/EL8-ice/software/FriBidi/1.0.15-GCCcore-13.3.0/include -I/rds/bear-apps/2024a/EL8-ice/software/HarfBuzz/9.0.0-GCCcore-13.3.0/include -I/rds/bear-apps/2024a/EL8-ice/software/Tk/8.6.14-GCCcore-13.3.0/include -I/rds/bear-apps/2024a/EL8-ice/software/cURL/8.7.1-GCCcore-13.3.0/include -I/rds/bear-apps/2024a/EL8-ice/software/OpenSSL/3/include -I/rds/bear-apps/2024a/EL8-ice/software/libgit2/1.8.1-GCCcore-13.3.0/include -I/rds/bear-apps/2024a/EL8-ice/software/Java/17.0.15/include -I/rds/bear-apps/2024a/EL8-ice/software/LibTIFF/4.6.0-GCCcore-13.3.0/include -I/rds/bear-apps/2024a/EL8-ice/software/libjpeg-turbo/3.0.1-GCCcore-13.3.0/include -I/rds/bear-apps/2024a/EL8-ice/software/libpng/1.6.43-GCCcore-13.3.0/include -I/rds/bear-apps/2024a/EL8-ice/software/PCRE2/10.43-GCCcore-13.3.0/include -I/rds/bear-apps/2024a/EL8-ice/software/SQLite/3.45.3-GCCcore-13.3.0/include -I/rds/bear-apps/2024a/EL8-ice/software/zlib/1.3.1-GCCcore-13.3.0/include -I/rds/bear-apps/2024a/EL8-ice/software/XZ/5.4.5-GCCcore-13.3.0/include -I/rds/bear-apps/2024a/EL8-ice/software/bzip2/1.0.8-GCCcore-13.3.0/include -I/rds/bear-apps/2024a/EL8-ice/software/ncurses/6.5-GCCcore-13.3.0/include -I/rds/bear-apps/2024a/EL8-ice/software/libreadline/8.2-GCCcore-13.3.0/include -I/rds/bear-apps/2024a/EL8-ice/software/cairo/1.18.0-GCCcore-13.3.0/include -I/rds/bear-apps/2024a/EL8-ice/software/libGLU/9.0.3-GCCcore-13.3.0/include -I/rds/bear-apps/2024a/EL8-ice/software/Mesa/24.1.3-GCCcore-13.3.0/include -I/rds/bear-apps/2024a/EL8-ice/software/X11/20240607-GCCcore-13.3.0/include -I/rds/bear-apps/2024a/EL8-ice/software/pkgconf/2.2.0-GCCcore-13.3.0/include -I/rds/bear-apps/2024a/EL8-ice/software/FFTW/3.3.10-GCC-13.3.0/include -I/rds/bear-apps/2024a/EL8-ice/software/FlexiBLAS/3.4.4-GCC-13.3.0/include -I/rds/bear-apps/2024a/EL8-ice/software/FlexiBLAS/3.4.4-GCC-13.3.0/include/flexiblas    -fpic  -O2 -ftree-vectorize -march=native -fno-math-errno  -c lp_rlp.c -o lp_rlp.o
gcc -std=gnu2x -I"/rds/bear-apps/2024a/EL8-ice/software/R/4.5.0-gfbf-2024a/lib64/R/include" -DNDEBUG -I . -DINTEGERTIME -DPARSER_LP -DBUILDING_FOR_R -DYY_NEVER_INTERACTIVE -DUSRDLL -DCLOCKTIME -DRoleIsExternalInvEngine -DINVERSE_ACTIVE=INVERSE_LUSOL -DINLINE=static -DParanoia  -I/rds/bear-apps/2024a/EL8-ice/software/FriBidi/1.0.15-GCCcore-13.3.0/include -I/rds/bear-apps/2024a/EL8-ice/software/HarfBuzz/9.0.0-GCCcore-13.3.0/include -I/rds/bear-apps/2024a/EL8-ice/software/Tk/8.6.14-GCCcore-13.3.0/include -I/rds/bear-apps/2024a/EL8-ice/software/cURL/8.7.1-GCCcore-13.3.0/include -I/rds/bear-apps/2024a/EL8-ice/software/OpenSSL/3/include -I/rds/bear-apps/2024a/EL8-ice/software/libgit2/1.8.1-GCCcore-13.3.0/include -I/rds/bear-apps/2024a/EL8-ice/software/Java/17.0.15/include -I/rds/bear-apps/2024a/EL8-ice/software/LibTIFF/4.6.0-GCCcore-13.3.0/include -I/rds/bear-apps/2024a/EL8-ice/software/libjpeg-turbo/3.0.1-GCCcore-13.3.0/include -I/rds/bear-apps/2024a/EL8-ice/software/libpng/1.6.43-GCCcore-13.3.0/include -I/rds/bear-apps/2024a/EL8-ice/software/PCRE2/10.43-GCCcore-13.3.0/include -I/rds/bear-apps/2024a/EL8-ice/software/SQLite/3.45.3-GCCcore-13.3.0/include -I/rds/bear-apps/2024a/EL8-ice/software/zlib/1.3.1-GCCcore-13.3.0/include -I/rds/bear-apps/2024a/EL8-ice/software/XZ/5.4.5-GCCcore-13.3.0/include -I/rds/bear-apps/2024a/EL8-ice/software/bzip2/1.0.8-GCCcore-13.3.0/include -I/rds/bear-apps/2024a/EL8-ice/software/ncurses/6.5-GCCcore-13.3.0/include -I/rds/bear-apps/2024a/EL8-ice/software/libreadline/8.2-GCCcore-13.3.0/include -I/rds/bear-apps/2024a/EL8-ice/software/cairo/1.18.0-GCCcore-13.3.0/include -I/rds/bear-apps/2024a/EL8-ice/software/libGLU/9.0.3-GCCcore-13.3.0/include -I/rds/bear-apps/2024a/EL8-ice/software/Mesa/24.1.3-GCCcore-13.3.0/include -I/rds/bear-apps/2024a/EL8-ice/software/X11/20240607-GCCcore-13.3.0/include -I/rds/bear-apps/2024a/EL8-ice/software/pkgconf/2.2.0-GCCcore-13.3.0/include -I/rds/bear-apps/2024a/EL8-ice/software/FFTW/3.3.10-GCC-13.3.0/include -I/rds/bear-apps/2024a/EL8-ice/software/FlexiBLAS/3.4.4-GCC-13.3.0/include -I/rds/bear-apps/2024a/EL8-ice/software/FlexiBLAS/3.4.4-GCC-13.3.0/include/flexiblas    -fpic  -O2 -ftree-vectorize -march=native -fno-math-errno  -c lp_scale.c -o lp_scale.o
gcc -std=gnu2x -I"/rds/bear-apps/2024a/EL8-ice/software/R/4.5.0-gfbf-2024a/lib64/R/include" -DNDEBUG -I . -DINTEGERTIME -DPARSER_LP -DBUILDING_FOR_R -DYY_NEVER_INTERACTIVE -DUSRDLL -DCLOCKTIME -DRoleIsExternalInvEngine -DINVERSE_ACTIVE=INVERSE_LUSOL -DINLINE=static -DParanoia  -I/rds/bear-apps/2024a/EL8-ice/software/FriBidi/1.0.15-GCCcore-13.3.0/include -I/rds/bear-apps/2024a/EL8-ice/software/HarfBuzz/9.0.0-GCCcore-13.3.0/include -I/rds/bear-apps/2024a/EL8-ice/software/Tk/8.6.14-GCCcore-13.3.0/include -I/rds/bear-apps/2024a/EL8-ice/software/cURL/8.7.1-GCCcore-13.3.0/include -I/rds/bear-apps/2024a/EL8-ice/software/OpenSSL/3/include -I/rds/bear-apps/2024a/EL8-ice/software/libgit2/1.8.1-GCCcore-13.3.0/include -I/rds/bear-apps/2024a/EL8-ice/software/Java/17.0.15/include -I/rds/bear-apps/2024a/EL8-ice/software/LibTIFF/4.6.0-GCCcore-13.3.0/include -I/rds/bear-apps/2024a/EL8-ice/software/libjpeg-turbo/3.0.1-GCCcore-13.3.0/include -I/rds/bear-apps/2024a/EL8-ice/software/libpng/1.6.43-GCCcore-13.3.0/include -I/rds/bear-apps/2024a/EL8-ice/software/PCRE2/10.43-GCCcore-13.3.0/include -I/rds/bear-apps/2024a/EL8-ice/software/SQLite/3.45.3-GCCcore-13.3.0/include -I/rds/bear-apps/2024a/EL8-ice/software/zlib/1.3.1-GCCcore-13.3.0/include -I/rds/bear-apps/2024a/EL8-ice/software/XZ/5.4.5-GCCcore-13.3.0/include -I/rds/bear-apps/2024a/EL8-ice/software/bzip2/1.0.8-GCCcore-13.3.0/include -I/rds/bear-apps/2024a/EL8-ice/software/ncurses/6.5-GCCcore-13.3.0/include -I/rds/bear-apps/2024a/EL8-ice/software/libreadline/8.2-GCCcore-13.3.0/include -I/rds/bear-apps/2024a/EL8-ice/software/cairo/1.18.0-GCCcore-13.3.0/include -I/rds/bear-apps/2024a/EL8-ice/software/libGLU/9.0.3-GCCcore-13.3.0/include -I/rds/bear-apps/2024a/EL8-ice/software/Mesa/24.1.3-GCCcore-13.3.0/include -I/rds/bear-apps/2024a/EL8-ice/software/X11/20240607-GCCcore-13.3.0/include -I/rds/bear-apps/2024a/EL8-ice/software/pkgconf/2.2.0-GCCcore-13.3.0/include -I/rds/bear-apps/2024a/EL8-ice/software/FFTW/3.3.10-GCC-13.3.0/include -I/rds/bear-apps/2024a/EL8-ice/software/FlexiBLAS/3.4.4-GCC-13.3.0/include -I/rds/bear-apps/2024a/EL8-ice/software/FlexiBLAS/3.4.4-GCC-13.3.0/include/flexiblas    -fpic  -O2 -ftree-vectorize -march=native -fno-math-errno  -c lp_simplex.c -o lp_simplex.o
gcc -std=gnu2x -I"/rds/bear-apps/2024a/EL8-ice/software/R/4.5.0-gfbf-2024a/lib64/R/include" -DNDEBUG -I . -DINTEGERTIME -DPARSER_LP -DBUILDING_FOR_R -DYY_NEVER_INTERACTIVE -DUSRDLL -DCLOCKTIME -DRoleIsExternalInvEngine -DINVERSE_ACTIVE=INVERSE_LUSOL -DINLINE=static -DParanoia  -I/rds/bear-apps/2024a/EL8-ice/software/FriBidi/1.0.15-GCCcore-13.3.0/include -I/rds/bear-apps/2024a/EL8-ice/software/HarfBuzz/9.0.0-GCCcore-13.3.0/include -I/rds/bear-apps/2024a/EL8-ice/software/Tk/8.6.14-GCCcore-13.3.0/include -I/rds/bear-apps/2024a/EL8-ice/software/cURL/8.7.1-GCCcore-13.3.0/include -I/rds/bear-apps/2024a/EL8-ice/software/OpenSSL/3/include -I/rds/bear-apps/2024a/EL8-ice/software/libgit2/1.8.1-GCCcore-13.3.0/include -I/rds/bear-apps/2024a/EL8-ice/software/Java/17.0.15/include -I/rds/bear-apps/2024a/EL8-ice/software/LibTIFF/4.6.0-GCCcore-13.3.0/include -I/rds/bear-apps/2024a/EL8-ice/software/libjpeg-turbo/3.0.1-GCCcore-13.3.0/include -I/rds/bear-apps/2024a/EL8-ice/software/libpng/1.6.43-GCCcore-13.3.0/include -I/rds/bear-apps/2024a/EL8-ice/software/PCRE2/10.43-GCCcore-13.3.0/include -I/rds/bear-apps/2024a/EL8-ice/software/SQLite/3.45.3-GCCcore-13.3.0/include -I/rds/bear-apps/2024a/EL8-ice/software/zlib/1.3.1-GCCcore-13.3.0/include -I/rds/bear-apps/2024a/EL8-ice/software/XZ/5.4.5-GCCcore-13.3.0/include -I/rds/bear-apps/2024a/EL8-ice/software/bzip2/1.0.8-GCCcore-13.3.0/include -I/rds/bear-apps/2024a/EL8-ice/software/ncurses/6.5-GCCcore-13.3.0/include -I/rds/bear-apps/2024a/EL8-ice/software/libreadline/8.2-GCCcore-13.3.0/include -I/rds/bear-apps/2024a/EL8-ice/software/cairo/1.18.0-GCCcore-13.3.0/include -I/rds/bear-apps/2024a/EL8-ice/software/libGLU/9.0.3-GCCcore-13.3.0/include -I/rds/bear-apps/2024a/EL8-ice/software/Mesa/24.1.3-GCCcore-13.3.0/include -I/rds/bear-apps/2024a/EL8-ice/software/X11/20240607-GCCcore-13.3.0/include -I/rds/bear-apps/2024a/EL8-ice/software/pkgconf/2.2.0-GCCcore-13.3.0/include -I/rds/bear-apps/2024a/EL8-ice/software/FFTW/3.3.10-GCC-13.3.0/include -I/rds/bear-apps/2024a/EL8-ice/software/FlexiBLAS/3.4.4-GCC-13.3.0/include -I/rds/bear-apps/2024a/EL8-ice/software/FlexiBLAS/3.4.4-GCC-13.3.0/include/flexiblas    -fpic  -O2 -ftree-vectorize -march=native -fno-math-errno  -c lp_utils.c -o lp_utils.o
gcc -std=gnu2x -I"/rds/bear-apps/2024a/EL8-ice/software/R/4.5.0-gfbf-2024a/lib64/R/include" -DNDEBUG -I . -DINTEGERTIME -DPARSER_LP -DBUILDING_FOR_R -DYY_NEVER_INTERACTIVE -DUSRDLL -DCLOCKTIME -DRoleIsExternalInvEngine -DINVERSE_ACTIVE=INVERSE_LUSOL -DINLINE=static -DParanoia  -I/rds/bear-apps/2024a/EL8-ice/software/FriBidi/1.0.15-GCCcore-13.3.0/include -I/rds/bear-apps/2024a/EL8-ice/software/HarfBuzz/9.0.0-GCCcore-13.3.0/include -I/rds/bear-apps/2024a/EL8-ice/software/Tk/8.6.14-GCCcore-13.3.0/include -I/rds/bear-apps/2024a/EL8-ice/software/cURL/8.7.1-GCCcore-13.3.0/include -I/rds/bear-apps/2024a/EL8-ice/software/OpenSSL/3/include -I/rds/bear-apps/2024a/EL8-ice/software/libgit2/1.8.1-GCCcore-13.3.0/include -I/rds/bear-apps/2024a/EL8-ice/software/Java/17.0.15/include -I/rds/bear-apps/2024a/EL8-ice/software/LibTIFF/4.6.0-GCCcore-13.3.0/include -I/rds/bear-apps/2024a/EL8-ice/software/libjpeg-turbo/3.0.1-GCCcore-13.3.0/include -I/rds/bear-apps/2024a/EL8-ice/software/libpng/1.6.43-GCCcore-13.3.0/include -I/rds/bear-apps/2024a/EL8-ice/software/PCRE2/10.43-GCCcore-13.3.0/include -I/rds/bear-apps/2024a/EL8-ice/software/SQLite/3.45.3-GCCcore-13.3.0/include -I/rds/bear-apps/2024a/EL8-ice/software/zlib/1.3.1-GCCcore-13.3.0/include -I/rds/bear-apps/2024a/EL8-ice/software/XZ/5.4.5-GCCcore-13.3.0/include -I/rds/bear-apps/2024a/EL8-ice/software/bzip2/1.0.8-GCCcore-13.3.0/include -I/rds/bear-apps/2024a/EL8-ice/software/ncurses/6.5-GCCcore-13.3.0/include -I/rds/bear-apps/2024a/EL8-ice/software/libreadline/8.2-GCCcore-13.3.0/include -I/rds/bear-apps/2024a/EL8-ice/software/cairo/1.18.0-GCCcore-13.3.0/include -I/rds/bear-apps/2024a/EL8-ice/software/libGLU/9.0.3-GCCcore-13.3.0/include -I/rds/bear-apps/2024a/EL8-ice/software/Mesa/24.1.3-GCCcore-13.3.0/include -I/rds/bear-apps/2024a/EL8-ice/software/X11/20240607-GCCcore-13.3.0/include -I/rds/bear-apps/2024a/EL8-ice/software/pkgconf/2.2.0-GCCcore-13.3.0/include -I/rds/bear-apps/2024a/EL8-ice/software/FFTW/3.3.10-GCC-13.3.0/include -I/rds/bear-apps/2024a/EL8-ice/software/FlexiBLAS/3.4.4-GCC-13.3.0/include -I/rds/bear-apps/2024a/EL8-ice/software/FlexiBLAS/3.4.4-GCC-13.3.0/include/flexiblas    -fpic  -O2 -ftree-vectorize -march=native -fno-math-errno  -c lp_wlp.c -o lp_wlp.o
gcc -std=gnu2x -I"/rds/bear-apps/2024a/EL8-ice/software/R/4.5.0-gfbf-2024a/lib64/R/include" -DNDEBUG -I . -DINTEGERTIME -DPARSER_LP -DBUILDING_FOR_R -DYY_NEVER_INTERACTIVE -DUSRDLL -DCLOCKTIME -DRoleIsExternalInvEngine -DINVERSE_ACTIVE=INVERSE_LUSOL -DINLINE=static -DParanoia  -I/rds/bear-apps/2024a/EL8-ice/software/FriBidi/1.0.15-GCCcore-13.3.0/include -I/rds/bear-apps/2024a/EL8-ice/software/HarfBuzz/9.0.0-GCCcore-13.3.0/include -I/rds/bear-apps/2024a/EL8-ice/software/Tk/8.6.14-GCCcore-13.3.0/include -I/rds/bear-apps/2024a/EL8-ice/software/cURL/8.7.1-GCCcore-13.3.0/include -I/rds/bear-apps/2024a/EL8-ice/software/OpenSSL/3/include -I/rds/bear-apps/2024a/EL8-ice/software/libgit2/1.8.1-GCCcore-13.3.0/include -I/rds/bear-apps/2024a/EL8-ice/software/Java/17.0.15/include -I/rds/bear-apps/2024a/EL8-ice/software/LibTIFF/4.6.0-GCCcore-13.3.0/include -I/rds/bear-apps/2024a/EL8-ice/software/libjpeg-turbo/3.0.1-GCCcore-13.3.0/include -I/rds/bear-apps/2024a/EL8-ice/software/libpng/1.6.43-GCCcore-13.3.0/include -I/rds/bear-apps/2024a/EL8-ice/software/PCRE2/10.43-GCCcore-13.3.0/include -I/rds/bear-apps/2024a/EL8-ice/software/SQLite/3.45.3-GCCcore-13.3.0/include -I/rds/bear-apps/2024a/EL8-ice/software/zlib/1.3.1-GCCcore-13.3.0/include -I/rds/bear-apps/2024a/EL8-ice/software/XZ/5.4.5-GCCcore-13.3.0/include -I/rds/bear-apps/2024a/EL8-ice/software/bzip2/1.0.8-GCCcore-13.3.0/include -I/rds/bear-apps/2024a/EL8-ice/software/ncurses/6.5-GCCcore-13.3.0/include -I/rds/bear-apps/2024a/EL8-ice/software/libreadline/8.2-GCCcore-13.3.0/include -I/rds/bear-apps/2024a/EL8-ice/software/cairo/1.18.0-GCCcore-13.3.0/include -I/rds/bear-apps/2024a/EL8-ice/software/libGLU/9.0.3-GCCcore-13.3.0/include -I/rds/bear-apps/2024a/EL8-ice/software/Mesa/24.1.3-GCCcore-13.3.0/include -I/rds/bear-apps/2024a/EL8-ice/software/X11/20240607-GCCcore-13.3.0/include -I/rds/bear-apps/2024a/EL8-ice/software/pkgconf/2.2.0-GCCcore-13.3.0/include -I/rds/bear-apps/2024a/EL8-ice/software/FFTW/3.3.10-GCC-13.3.0/include -I/rds/bear-apps/2024a/EL8-ice/software/FlexiBLAS/3.4.4-GCC-13.3.0/include -I/rds/bear-apps/2024a/EL8-ice/software/FlexiBLAS/3.4.4-GCC-13.3.0/include/flexiblas    -fpic  -O2 -ftree-vectorize -march=native -fno-math-errno  -c lpslink56.c -o lpslink56.o
gcc -std=gnu2x -I"/rds/bear-apps/2024a/EL8-ice/software/R/4.5.0-gfbf-2024a/lib64/R/include" -DNDEBUG -I . -DINTEGERTIME -DPARSER_LP -DBUILDING_FOR_R -DYY_NEVER_INTERACTIVE -DUSRDLL -DCLOCKTIME -DRoleIsExternalInvEngine -DINVERSE_ACTIVE=INVERSE_LUSOL -DINLINE=static -DParanoia  -I/rds/bear-apps/2024a/EL8-ice/software/FriBidi/1.0.15-GCCcore-13.3.0/include -I/rds/bear-apps/2024a/EL8-ice/software/HarfBuzz/9.0.0-GCCcore-13.3.0/include -I/rds/bear-apps/2024a/EL8-ice/software/Tk/8.6.14-GCCcore-13.3.0/include -I/rds/bear-apps/2024a/EL8-ice/software/cURL/8.7.1-GCCcore-13.3.0/include -I/rds/bear-apps/2024a/EL8-ice/software/OpenSSL/3/include -I/rds/bear-apps/2024a/EL8-ice/software/libgit2/1.8.1-GCCcore-13.3.0/include -I/rds/bear-apps/2024a/EL8-ice/software/Java/17.0.15/include -I/rds/bear-apps/2024a/EL8-ice/software/LibTIFF/4.6.0-GCCcore-13.3.0/include -I/rds/bear-apps/2024a/EL8-ice/software/libjpeg-turbo/3.0.1-GCCcore-13.3.0/include -I/rds/bear-apps/2024a/EL8-ice/software/libpng/1.6.43-GCCcore-13.3.0/include -I/rds/bear-apps/2024a/EL8-ice/software/PCRE2/10.43-GCCcore-13.3.0/include -I/rds/bear-apps/2024a/EL8-ice/software/SQLite/3.45.3-GCCcore-13.3.0/include -I/rds/bear-apps/2024a/EL8-ice/software/zlib/1.3.1-GCCcore-13.3.0/include -I/rds/bear-apps/2024a/EL8-ice/software/XZ/5.4.5-GCCcore-13.3.0/include -I/rds/bear-apps/2024a/EL8-ice/software/bzip2/1.0.8-GCCcore-13.3.0/include -I/rds/bear-apps/2024a/EL8-ice/software/ncurses/6.5-GCCcore-13.3.0/include -I/rds/bear-apps/2024a/EL8-ice/software/libreadline/8.2-GCCcore-13.3.0/include -I/rds/bear-apps/2024a/EL8-ice/software/cairo/1.18.0-GCCcore-13.3.0/include -I/rds/bear-apps/2024a/EL8-ice/software/libGLU/9.0.3-GCCcore-13.3.0/include -I/rds/bear-apps/2024a/EL8-ice/software/Mesa/24.1.3-GCCcore-13.3.0/include -I/rds/bear-apps/2024a/EL8-ice/software/X11/20240607-GCCcore-13.3.0/include -I/rds/bear-apps/2024a/EL8-ice/software/pkgconf/2.2.0-GCCcore-13.3.0/include -I/rds/bear-apps/2024a/EL8-ice/software/FFTW/3.3.10-GCC-13.3.0/include -I/rds/bear-apps/2024a/EL8-ice/software/FlexiBLAS/3.4.4-GCC-13.3.0/include -I/rds/bear-apps/2024a/EL8-ice/software/FlexiBLAS/3.4.4-GCC-13.3.0/include/flexiblas    -fpic  -O2 -ftree-vectorize -march=native -fno-math-errno  -c lusol.c -o lusol.o
gcc -std=gnu2x -I"/rds/bear-apps/2024a/EL8-ice/software/R/4.5.0-gfbf-2024a/lib64/R/include" -DNDEBUG -I . -DINTEGERTIME -DPARSER_LP -DBUILDING_FOR_R -DYY_NEVER_INTERACTIVE -DUSRDLL -DCLOCKTIME -DRoleIsExternalInvEngine -DINVERSE_ACTIVE=INVERSE_LUSOL -DINLINE=static -DParanoia  -I/rds/bear-apps/2024a/EL8-ice/software/FriBidi/1.0.15-GCCcore-13.3.0/include -I/rds/bear-apps/2024a/EL8-ice/software/HarfBuzz/9.0.0-GCCcore-13.3.0/include -I/rds/bear-apps/2024a/EL8-ice/software/Tk/8.6.14-GCCcore-13.3.0/include -I/rds/bear-apps/2024a/EL8-ice/software/cURL/8.7.1-GCCcore-13.3.0/include -I/rds/bear-apps/2024a/EL8-ice/software/OpenSSL/3/include -I/rds/bear-apps/2024a/EL8-ice/software/libgit2/1.8.1-GCCcore-13.3.0/include -I/rds/bear-apps/2024a/EL8-ice/software/Java/17.0.15/include -I/rds/bear-apps/2024a/EL8-ice/software/LibTIFF/4.6.0-GCCcore-13.3.0/include -I/rds/bear-apps/2024a/EL8-ice/software/libjpeg-turbo/3.0.1-GCCcore-13.3.0/include -I/rds/bear-apps/2024a/EL8-ice/software/libpng/1.6.43-GCCcore-13.3.0/include -I/rds/bear-apps/2024a/EL8-ice/software/PCRE2/10.43-GCCcore-13.3.0/include -I/rds/bear-apps/2024a/EL8-ice/software/SQLite/3.45.3-GCCcore-13.3.0/include -I/rds/bear-apps/2024a/EL8-ice/software/zlib/1.3.1-GCCcore-13.3.0/include -I/rds/bear-apps/2024a/EL8-ice/software/XZ/5.4.5-GCCcore-13.3.0/include -I/rds/bear-apps/2024a/EL8-ice/software/bzip2/1.0.8-GCCcore-13.3.0/include -I/rds/bear-apps/2024a/EL8-ice/software/ncurses/6.5-GCCcore-13.3.0/include -I/rds/bear-apps/2024a/EL8-ice/software/libreadline/8.2-GCCcore-13.3.0/include -I/rds/bear-apps/2024a/EL8-ice/software/cairo/1.18.0-GCCcore-13.3.0/include -I/rds/bear-apps/2024a/EL8-ice/software/libGLU/9.0.3-GCCcore-13.3.0/include -I/rds/bear-apps/2024a/EL8-ice/software/Mesa/24.1.3-GCCcore-13.3.0/include -I/rds/bear-apps/2024a/EL8-ice/software/X11/20240607-GCCcore-13.3.0/include -I/rds/bear-apps/2024a/EL8-ice/software/pkgconf/2.2.0-GCCcore-13.3.0/include -I/rds/bear-apps/2024a/EL8-ice/software/FFTW/3.3.10-GCC-13.3.0/include -I/rds/bear-apps/2024a/EL8-ice/software/FlexiBLAS/3.4.4-GCC-13.3.0/include -I/rds/bear-apps/2024a/EL8-ice/software/FlexiBLAS/3.4.4-GCC-13.3.0/include/flexiblas    -fpic  -O2 -ftree-vectorize -march=native -fno-math-errno  -c lusolio.c -o lusolio.o
gcc -std=gnu2x -I"/rds/bear-apps/2024a/EL8-ice/software/R/4.5.0-gfbf-2024a/lib64/R/include" -DNDEBUG -I . -DINTEGERTIME -DPARSER_LP -DBUILDING_FOR_R -DYY_NEVER_INTERACTIVE -DUSRDLL -DCLOCKTIME -DRoleIsExternalInvEngine -DINVERSE_ACTIVE=INVERSE_LUSOL -DINLINE=static -DParanoia  -I/rds/bear-apps/2024a/EL8-ice/software/FriBidi/1.0.15-GCCcore-13.3.0/include -I/rds/bear-apps/2024a/EL8-ice/software/HarfBuzz/9.0.0-GCCcore-13.3.0/include -I/rds/bear-apps/2024a/EL8-ice/software/Tk/8.6.14-GCCcore-13.3.0/include -I/rds/bear-apps/2024a/EL8-ice/software/cURL/8.7.1-GCCcore-13.3.0/include -I/rds/bear-apps/2024a/EL8-ice/software/OpenSSL/3/include -I/rds/bear-apps/2024a/EL8-ice/software/libgit2/1.8.1-GCCcore-13.3.0/include -I/rds/bear-apps/2024a/EL8-ice/software/Java/17.0.15/include -I/rds/bear-apps/2024a/EL8-ice/software/LibTIFF/4.6.0-GCCcore-13.3.0/include -I/rds/bear-apps/2024a/EL8-ice/software/libjpeg-turbo/3.0.1-GCCcore-13.3.0/include -I/rds/bear-apps/2024a/EL8-ice/software/libpng/1.6.43-GCCcore-13.3.0/include -I/rds/bear-apps/2024a/EL8-ice/software/PCRE2/10.43-GCCcore-13.3.0/include -I/rds/bear-apps/2024a/EL8-ice/software/SQLite/3.45.3-GCCcore-13.3.0/include -I/rds/bear-apps/2024a/EL8-ice/software/zlib/1.3.1-GCCcore-13.3.0/include -I/rds/bear-apps/2024a/EL8-ice/software/XZ/5.4.5-GCCcore-13.3.0/include -I/rds/bear-apps/2024a/EL8-ice/software/bzip2/1.0.8-GCCcore-13.3.0/include -I/rds/bear-apps/2024a/EL8-ice/software/ncurses/6.5-GCCcore-13.3.0/include -I/rds/bear-apps/2024a/EL8-ice/software/libreadline/8.2-GCCcore-13.3.0/include -I/rds/bear-apps/2024a/EL8-ice/software/cairo/1.18.0-GCCcore-13.3.0/include -I/rds/bear-apps/2024a/EL8-ice/software/libGLU/9.0.3-GCCcore-13.3.0/include -I/rds/bear-apps/2024a/EL8-ice/software/Mesa/24.1.3-GCCcore-13.3.0/include -I/rds/bear-apps/2024a/EL8-ice/software/X11/20240607-GCCcore-13.3.0/include -I/rds/bear-apps/2024a/EL8-ice/software/pkgconf/2.2.0-GCCcore-13.3.0/include -I/rds/bear-apps/2024a/EL8-ice/software/FFTW/3.3.10-GCC-13.3.0/include -I/rds/bear-apps/2024a/EL8-ice/software/FlexiBLAS/3.4.4-GCC-13.3.0/include -I/rds/bear-apps/2024a/EL8-ice/software/FlexiBLAS/3.4.4-GCC-13.3.0/include/flexiblas    -fpic  -O2 -ftree-vectorize -march=native -fno-math-errno  -c mmio.c -o mmio.o
gcc -std=gnu2x -I"/rds/bear-apps/2024a/EL8-ice/software/R/4.5.0-gfbf-2024a/lib64/R/include" -DNDEBUG -I . -DINTEGERTIME -DPARSER_LP -DBUILDING_FOR_R -DYY_NEVER_INTERACTIVE -DUSRDLL -DCLOCKTIME -DRoleIsExternalInvEngine -DINVERSE_ACTIVE=INVERSE_LUSOL -DINLINE=static -DParanoia  -I/rds/bear-apps/2024a/EL8-ice/software/FriBidi/1.0.15-GCCcore-13.3.0/include -I/rds/bear-apps/2024a/EL8-ice/software/HarfBuzz/9.0.0-GCCcore-13.3.0/include -I/rds/bear-apps/2024a/EL8-ice/software/Tk/8.6.14-GCCcore-13.3.0/include -I/rds/bear-apps/2024a/EL8-ice/software/cURL/8.7.1-GCCcore-13.3.0/include -I/rds/bear-apps/2024a/EL8-ice/software/OpenSSL/3/include -I/rds/bear-apps/2024a/EL8-ice/software/libgit2/1.8.1-GCCcore-13.3.0/include -I/rds/bear-apps/2024a/EL8-ice/software/Java/17.0.15/include -I/rds/bear-apps/2024a/EL8-ice/software/LibTIFF/4.6.0-GCCcore-13.3.0/include -I/rds/bear-apps/2024a/EL8-ice/software/libjpeg-turbo/3.0.1-GCCcore-13.3.0/include -I/rds/bear-apps/2024a/EL8-ice/software/libpng/1.6.43-GCCcore-13.3.0/include -I/rds/bear-apps/2024a/EL8-ice/software/PCRE2/10.43-GCCcore-13.3.0/include -I/rds/bear-apps/2024a/EL8-ice/software/SQLite/3.45.3-GCCcore-13.3.0/include -I/rds/bear-apps/2024a/EL8-ice/software/zlib/1.3.1-GCCcore-13.3.0/include -I/rds/bear-apps/2024a/EL8-ice/software/XZ/5.4.5-GCCcore-13.3.0/include -I/rds/bear-apps/2024a/EL8-ice/software/bzip2/1.0.8-GCCcore-13.3.0/include -I/rds/bear-apps/2024a/EL8-ice/software/ncurses/6.5-GCCcore-13.3.0/include -I/rds/bear-apps/2024a/EL8-ice/software/libreadline/8.2-GCCcore-13.3.0/include -I/rds/bear-apps/2024a/EL8-ice/software/cairo/1.18.0-GCCcore-13.3.0/include -I/rds/bear-apps/2024a/EL8-ice/software/libGLU/9.0.3-GCCcore-13.3.0/include -I/rds/bear-apps/2024a/EL8-ice/software/Mesa/24.1.3-GCCcore-13.3.0/include -I/rds/bear-apps/2024a/EL8-ice/software/X11/20240607-GCCcore-13.3.0/include -I/rds/bear-apps/2024a/EL8-ice/software/pkgconf/2.2.0-GCCcore-13.3.0/include -I/rds/bear-apps/2024a/EL8-ice/software/FFTW/3.3.10-GCC-13.3.0/include -I/rds/bear-apps/2024a/EL8-ice/software/FlexiBLAS/3.4.4-GCC-13.3.0/include -I/rds/bear-apps/2024a/EL8-ice/software/FlexiBLAS/3.4.4-GCC-13.3.0/include/flexiblas    -fpic  -O2 -ftree-vectorize -march=native -fno-math-errno  -c myblas.c -o myblas.o
gcc -std=gnu2x -I"/rds/bear-apps/2024a/EL8-ice/software/R/4.5.0-gfbf-2024a/lib64/R/include" -DNDEBUG -I . -DINTEGERTIME -DPARSER_LP -DBUILDING_FOR_R -DYY_NEVER_INTERACTIVE -DUSRDLL -DCLOCKTIME -DRoleIsExternalInvEngine -DINVERSE_ACTIVE=INVERSE_LUSOL -DINLINE=static -DParanoia  -I/rds/bear-apps/2024a/EL8-ice/software/FriBidi/1.0.15-GCCcore-13.3.0/include -I/rds/bear-apps/2024a/EL8-ice/software/HarfBuzz/9.0.0-GCCcore-13.3.0/include -I/rds/bear-apps/2024a/EL8-ice/software/Tk/8.6.14-GCCcore-13.3.0/include -I/rds/bear-apps/2024a/EL8-ice/software/cURL/8.7.1-GCCcore-13.3.0/include -I/rds/bear-apps/2024a/EL8-ice/software/OpenSSL/3/include -I/rds/bear-apps/2024a/EL8-ice/software/libgit2/1.8.1-GCCcore-13.3.0/include -I/rds/bear-apps/2024a/EL8-ice/software/Java/17.0.15/include -I/rds/bear-apps/2024a/EL8-ice/software/LibTIFF/4.6.0-GCCcore-13.3.0/include -I/rds/bear-apps/2024a/EL8-ice/software/libjpeg-turbo/3.0.1-GCCcore-13.3.0/include -I/rds/bear-apps/2024a/EL8-ice/software/libpng/1.6.43-GCCcore-13.3.0/include -I/rds/bear-apps/2024a/EL8-ice/software/PCRE2/10.43-GCCcore-13.3.0/include -I/rds/bear-apps/2024a/EL8-ice/software/SQLite/3.45.3-GCCcore-13.3.0/include -I/rds/bear-apps/2024a/EL8-ice/software/zlib/1.3.1-GCCcore-13.3.0/include -I/rds/bear-apps/2024a/EL8-ice/software/XZ/5.4.5-GCCcore-13.3.0/include -I/rds/bear-apps/2024a/EL8-ice/software/bzip2/1.0.8-GCCcore-13.3.0/include -I/rds/bear-apps/2024a/EL8-ice/software/ncurses/6.5-GCCcore-13.3.0/include -I/rds/bear-apps/2024a/EL8-ice/software/libreadline/8.2-GCCcore-13.3.0/include -I/rds/bear-apps/2024a/EL8-ice/software/cairo/1.18.0-GCCcore-13.3.0/include -I/rds/bear-apps/2024a/EL8-ice/software/libGLU/9.0.3-GCCcore-13.3.0/include -I/rds/bear-apps/2024a/EL8-ice/software/Mesa/24.1.3-GCCcore-13.3.0/include -I/rds/bear-apps/2024a/EL8-ice/software/X11/20240607-GCCcore-13.3.0/include -I/rds/bear-apps/2024a/EL8-ice/software/pkgconf/2.2.0-GCCcore-13.3.0/include -I/rds/bear-apps/2024a/EL8-ice/software/FFTW/3.3.10-GCC-13.3.0/include -I/rds/bear-apps/2024a/EL8-ice/software/FlexiBLAS/3.4.4-GCC-13.3.0/include -I/rds/bear-apps/2024a/EL8-ice/software/FlexiBLAS/3.4.4-GCC-13.3.0/include/flexiblas    -fpic  -O2 -ftree-vectorize -march=native -fno-math-errno  -c sparselib.c -o sparselib.o
gcc -std=gnu2x -I"/rds/bear-apps/2024a/EL8-ice/software/R/4.5.0-gfbf-2024a/lib64/R/include" -DNDEBUG -I . -DINTEGERTIME -DPARSER_LP -DBUILDING_FOR_R -DYY_NEVER_INTERACTIVE -DUSRDLL -DCLOCKTIME -DRoleIsExternalInvEngine -DINVERSE_ACTIVE=INVERSE_LUSOL -DINLINE=static -DParanoia  -I/rds/bear-apps/2024a/EL8-ice/software/FriBidi/1.0.15-GCCcore-13.3.0/include -I/rds/bear-apps/2024a/EL8-ice/software/HarfBuzz/9.0.0-GCCcore-13.3.0/include -I/rds/bear-apps/2024a/EL8-ice/software/Tk/8.6.14-GCCcore-13.3.0/include -I/rds/bear-apps/2024a/EL8-ice/software/cURL/8.7.1-GCCcore-13.3.0/include -I/rds/bear-apps/2024a/EL8-ice/software/OpenSSL/3/include -I/rds/bear-apps/2024a/EL8-ice/software/libgit2/1.8.1-GCCcore-13.3.0/include -I/rds/bear-apps/2024a/EL8-ice/software/Java/17.0.15/include -I/rds/bear-apps/2024a/EL8-ice/software/LibTIFF/4.6.0-GCCcore-13.3.0/include -I/rds/bear-apps/2024a/EL8-ice/software/libjpeg-turbo/3.0.1-GCCcore-13.3.0/include -I/rds/bear-apps/2024a/EL8-ice/software/libpng/1.6.43-GCCcore-13.3.0/include -I/rds/bear-apps/2024a/EL8-ice/software/PCRE2/10.43-GCCcore-13.3.0/include -I/rds/bear-apps/2024a/EL8-ice/software/SQLite/3.45.3-GCCcore-13.3.0/include -I/rds/bear-apps/2024a/EL8-ice/software/zlib/1.3.1-GCCcore-13.3.0/include -I/rds/bear-apps/2024a/EL8-ice/software/XZ/5.4.5-GCCcore-13.3.0/include -I/rds/bear-apps/2024a/EL8-ice/software/bzip2/1.0.8-GCCcore-13.3.0/include -I/rds/bear-apps/2024a/EL8-ice/software/ncurses/6.5-GCCcore-13.3.0/include -I/rds/bear-apps/2024a/EL8-ice/software/libreadline/8.2-GCCcore-13.3.0/include -I/rds/bear-apps/2024a/EL8-ice/software/cairo/1.18.0-GCCcore-13.3.0/include -I/rds/bear-apps/2024a/EL8-ice/software/libGLU/9.0.3-GCCcore-13.3.0/include -I/rds/bear-apps/2024a/EL8-ice/software/Mesa/24.1.3-GCCcore-13.3.0/include -I/rds/bear-apps/2024a/EL8-ice/software/X11/20240607-GCCcore-13.3.0/include -I/rds/bear-apps/2024a/EL8-ice/software/pkgconf/2.2.0-GCCcore-13.3.0/include -I/rds/bear-apps/2024a/EL8-ice/software/FFTW/3.3.10-GCC-13.3.0/include -I/rds/bear-apps/2024a/EL8-ice/software/FlexiBLAS/3.4.4-GCC-13.3.0/include -I/rds/bear-apps/2024a/EL8-ice/software/FlexiBLAS/3.4.4-GCC-13.3.0/include/flexiblas    -fpic  -O2 -ftree-vectorize -march=native -fno-math-errno  -c yacc_read.c -o yacc_read.o
gcc -std=gnu2x -shared -L/rds/bear-apps/2024a/EL8-ice/software/R/4.5.0-gfbf-2024a/lib64/R/lib -L/rds/bear-apps/2024a/EL8-ice/software/FriBidi/1.0.15-GCCcore-13.3.0/lib64 -L/rds/bear-apps/2024a/EL8-ice/software/FriBidi/1.0.15-GCCcore-13.3.0/lib -L/rds/bear-apps/2024a/EL8-ice/software/HarfBuzz/9.0.0-GCCcore-13.3.0/lib64 -L/rds/bear-apps/2024a/EL8-ice/software/HarfBuzz/9.0.0-GCCcore-13.3.0/lib -L/rds/bear-apps/2024a/EL8-ice/software/Tk/8.6.14-GCCcore-13.3.0/lib64 -L/rds/bear-apps/2024a/EL8-ice/software/Tk/8.6.14-GCCcore-13.3.0/lib -L/rds/bear-apps/2024a/EL8-ice/software/cURL/8.7.1-GCCcore-13.3.0/lib64 -L/rds/bear-apps/2024a/EL8-ice/software/cURL/8.7.1-GCCcore-13.3.0/lib -L/rds/bear-apps/2024a/EL8-ice/software/OpenSSL/3/lib64 -L/rds/bear-apps/2024a/EL8-ice/software/OpenSSL/3/lib -L/rds/bear-apps/2024a/EL8-ice/software/libgit2/1.8.1-GCCcore-13.3.0/lib64 -L/rds/bear-apps/2024a/EL8-ice/software/libgit2/1.8.1-GCCcore-13.3.0/lib -L/rds/bear-apps/2024a/EL8-ice/software/Java/17.0.15/lib64 -L/rds/bear-apps/2024a/EL8-ice/software/Java/17.0.15/lib -L/rds/bear-apps/2024a/EL8-ice/software/LibTIFF/4.6.0-GCCcore-13.3.0/lib64 -L/rds/bear-apps/2024a/EL8-ice/software/LibTIFF/4.6.0-GCCcore-13.3.0/lib -L/rds/bear-apps/2024a/EL8-ice/software/libjpeg-turbo/3.0.1-GCCcore-13.3.0/lib64 -L/rds/bear-apps/2024a/EL8-ice/software/libjpeg-turbo/3.0.1-GCCcore-13.3.0/lib -L/rds/bear-apps/2024a/EL8-ice/software/libpng/1.6.43-GCCcore-13.3.0/lib64 -L/rds/bear-apps/2024a/EL8-ice/software/libpng/1.6.43-GCCcore-13.3.0/lib -L/rds/bear-apps/2024a/EL8-ice/software/PCRE2/10.43-GCCcore-13.3.0/lib64 -L/rds/bear-apps/2024a/EL8-ice/software/PCRE2/10.43-GCCcore-13.3.0/lib -L/rds/bear-apps/2024a/EL8-ice/software/SQLite/3.45.3-GCCcore-13.3.0/lib64 -L/rds/bear-apps/2024a/EL8-ice/software/SQLite/3.45.3-GCCcore-13.3.0/lib -L/rds/bear-apps/2024a/EL8-ice/software/zlib/1.3.1-GCCcore-13.3.0/lib64 -L/rds/bear-apps/2024a/EL8-ice/software/zlib/1.3.1-GCCcore-13.3.0/lib -L/rds/bear-apps/2024a/EL8-ice/software/XZ/5.4.5-GCCcore-13.3.0/lib64 -L/rds/bear-apps/2024a/EL8-ice/software/XZ/5.4.5-GCCcore-13.3.0/lib -L/rds/bear-apps/2024a/EL8-ice/software/bzip2/1.0.8-GCCcore-13.3.0/lib64 -L/rds/bear-apps/2024a/EL8-ice/software/bzip2/1.0.8-GCCcore-13.3.0/lib -L/rds/bear-apps/2024a/EL8-ice/software/ncurses/6.5-GCCcore-13.3.0/lib64 -L/rds/bear-apps/2024a/EL8-ice/software/ncurses/6.5-GCCcore-13.3.0/lib -L/rds/bear-apps/2024a/EL8-ice/software/libreadline/8.2-GCCcore-13.3.0/lib64 -L/rds/bear-apps/2024a/EL8-ice/software/libreadline/8.2-GCCcore-13.3.0/lib -L/rds/bear-apps/2024a/EL8-ice/software/cairo/1.18.0-GCCcore-13.3.0/lib64 -L/rds/bear-apps/2024a/EL8-ice/software/cairo/1.18.0-GCCcore-13.3.0/lib -L/rds/bear-apps/2024a/EL8-ice/software/libGLU/9.0.3-GCCcore-13.3.0/lib64 -L/rds/bear-apps/2024a/EL8-ice/software/libGLU/9.0.3-GCCcore-13.3.0/lib -L/rds/bear-apps/2024a/EL8-ice/software/Mesa/24.1.3-GCCcore-13.3.0/lib64 -L/rds/bear-apps/2024a/EL8-ice/software/Mesa/24.1.3-GCCcore-13.3.0/lib -L/rds/bear-apps/2024a/EL8-ice/software/X11/20240607-GCCcore-13.3.0/lib64 -L/rds/bear-apps/2024a/EL8-ice/software/X11/20240607-GCCcore-13.3.0/lib -L/rds/bear-apps/2024a/EL8-ice/software/pkgconf/2.2.0-GCCcore-13.3.0/lib64 -L/rds/bear-apps/2024a/EL8-ice/software/pkgconf/2.2.0-GCCcore-13.3.0/lib -L/rds/bear-apps/2024a/EL8-ice/software/FFTW/3.3.10-GCC-13.3.0/lib64 -L/rds/bear-apps/2024a/EL8-ice/software/FFTW/3.3.10-GCC-13.3.0/lib -L/rds/bear-apps/2024a/EL8-ice/software/FlexiBLAS/3.4.4-GCC-13.3.0/lib64 -L/rds/bear-apps/2024a/EL8-ice/software/FlexiBLAS/3.4.4-GCC-13.3.0/lib -L/rds/bear-apps/2024a/EL8-ice/software/GCCcore/13.3.0/lib64 -L/rds/bear-apps/2024a/EL8-ice/software/GCCcore/13.3.0/lib -o lpSolve.so colamd.o commonlib.o hbio.o ini.o init.o isfixedvar.o lp_Hash.o lp_LUSOL.o lp_MDO.o lp_MPS.o lp_SOS.o lp_crash.o lp_lib.o lp_matrix.o lp_mipbb.o lp_params.o lp_presolve.o lp_price.o lp_pricePSE.o lp_report.o lp_rlp.o lp_scale.o lp_simplex.o lp_utils.o lp_wlp.o lpslink56.o lusol.o lusolio.o mmio.o myblas.o sparselib.o yacc_read.o -L/rds/bear-apps/2024a/EL8-ice/software/R/4.5.0-gfbf-2024a/lib64/R/lib -lR
make[1]: Leaving directory '/tmp/RtmpPnYWwF/R.INSTALLc12a8e00dd85/pak/src/library/lpSolve/src'
installing to /rds/homes/a/axv209/R/library/4.5.0/EL8-ice/00LOCK-pak/00new/pak/library/lpSolve/libs

Compiling ps 
using C compiler: ‘gcc (GCC) 13.3.0’
make[1]: Entering directory '/tmp/RtmpPnYWwF/R.INSTALLc12a8e00dd85/pak/src/library/ps/src'
gcc -std=gnu2x -O2 -ftree-vectorize -march=native -fno-math-errno  -L/rds/bear-apps/2024a/EL8-ice/software/FriBidi/1.0.15-GCCcore-13.3.0/lib64 -L/rds/bear-apps/2024a/EL8-ice/software/FriBidi/1.0.15-GCCcore-13.3.0/lib -L/rds/bear-apps/2024a/EL8-ice/software/HarfBuzz/9.0.0-GCCcore-13.3.0/lib64 -L/rds/bear-apps/2024a/EL8-ice/software/HarfBuzz/9.0.0-GCCcore-13.3.0/lib -L/rds/bear-apps/2024a/EL8-ice/software/Tk/8.6.14-GCCcore-13.3.0/lib64 -L/rds/bear-apps/2024a/EL8-ice/software/Tk/8.6.14-GCCcore-13.3.0/lib -L/rds/bear-apps/2024a/EL8-ice/software/cURL/8.7.1-GCCcore-13.3.0/lib64 -L/rds/bear-apps/2024a/EL8-ice/software/cURL/8.7.1-GCCcore-13.3.0/lib -L/rds/bear-apps/2024a/EL8-ice/software/OpenSSL/3/lib64 -L/rds/bear-apps/2024a/EL8-ice/software/OpenSSL/3/lib -L/rds/bear-apps/2024a/EL8-ice/software/libgit2/1.8.1-GCCcore-13.3.0/lib64 -L/rds/bear-apps/2024a/EL8-ice/software/libgit2/1.8.1-GCCcore-13.3.0/lib -L/rds/bear-apps/2024a/EL8-ice/software/Java/17.0.15/lib64 -L/rds/bear-apps/2024a/EL8-ice/software/Java/17.0.15/lib -L/rds/bear-apps/2024a/EL8-ice/software/LibTIFF/4.6.0-GCCcore-13.3.0/lib64 -L/rds/bear-apps/2024a/EL8-ice/software/LibTIFF/4.6.0-GCCcore-13.3.0/lib -L/rds/bear-apps/2024a/EL8-ice/software/libjpeg-turbo/3.0.1-GCCcore-13.3.0/lib64 -L/rds/bear-apps/2024a/EL8-ice/software/libjpeg-turbo/3.0.1-GCCcore-13.3.0/lib -L/rds/bear-apps/2024a/EL8-ice/software/libpng/1.6.43-GCCcore-13.3.0/lib64 -L/rds/bear-apps/2024a/EL8-ice/software/libpng/1.6.43-GCCcore-13.3.0/lib -L/rds/bear-apps/2024a/EL8-ice/software/PCRE2/10.43-GCCcore-13.3.0/lib64 -L/rds/bear-apps/2024a/EL8-ice/software/PCRE2/10.43-GCCcore-13.3.0/lib -L/rds/bear-apps/2024a/EL8-ice/software/SQLite/3.45.3-GCCcore-13.3.0/lib64 -L/rds/bear-apps/2024a/EL8-ice/software/SQLite/3.45.3-GCCcore-13.3.0/lib -L/rds/bear-apps/2024a/EL8-ice/software/zlib/1.3.1-GCCcore-13.3.0/lib64 -L/rds/bear-apps/2024a/EL8-ice/software/zlib/1.3.1-GCCcore-13.3.0/lib -L/rds/bear-apps/2024a/EL8-ice/software/XZ/5.4.5-GCCcore-13.3.0/lib64 -L/rds/bear-apps/2024a/EL8-ice/software/XZ/5.4.5-GCCcore-13.3.0/lib -L/rds/bear-apps/2024a/EL8-ice/software/bzip2/1.0.8-GCCcore-13.3.0/lib64 -L/rds/bear-apps/2024a/EL8-ice/software/bzip2/1.0.8-GCCcore-13.3.0/lib -L/rds/bear-apps/2024a/EL8-ice/software/ncurses/6.5-GCCcore-13.3.0/lib64 -L/rds/bear-apps/2024a/EL8-ice/software/ncurses/6.5-GCCcore-13.3.0/lib -L/rds/bear-apps/2024a/EL8-ice/software/libreadline/8.2-GCCcore-13.3.0/lib64 -L/rds/bear-apps/2024a/EL8-ice/software/libreadline/8.2-GCCcore-13.3.0/lib -L/rds/bear-apps/2024a/EL8-ice/software/cairo/1.18.0-GCCcore-13.3.0/lib64 -L/rds/bear-apps/2024a/EL8-ice/software/cairo/1.18.0-GCCcore-13.3.0/lib -L/rds/bear-apps/2024a/EL8-ice/software/libGLU/9.0.3-GCCcore-13.3.0/lib64 -L/rds/bear-apps/2024a/EL8-ice/software/libGLU/9.0.3-GCCcore-13.3.0/lib -L/rds/bear-apps/2024a/EL8-ice/software/Mesa/24.1.3-GCCcore-13.3.0/lib64 -L/rds/bear-apps/2024a/EL8-ice/software/Mesa/24.1.3-GCCcore-13.3.0/lib -L/rds/bear-apps/2024a/EL8-ice/software/X11/20240607-GCCcore-13.3.0/lib64 -L/rds/bear-apps/2024a/EL8-ice/software/X11/20240607-GCCcore-13.3.0/lib -L/rds/bear-apps/2024a/EL8-ice/software/pkgconf/2.2.0-GCCcore-13.3.0/lib64 -L/rds/bear-apps/2024a/EL8-ice/software/pkgconf/2.2.0-GCCcore-13.3.0/lib -L/rds/bear-apps/2024a/EL8-ice/software/FFTW/3.3.10-GCC-13.3.0/lib64 -L/rds/bear-apps/2024a/EL8-ice/software/FFTW/3.3.10-GCC-13.3.0/lib -L/rds/bear-apps/2024a/EL8-ice/software/FlexiBLAS/3.4.4-GCC-13.3.0/lib64 -L/rds/bear-apps/2024a/EL8-ice/software/FlexiBLAS/3.4.4-GCC-13.3.0/lib -L/rds/bear-apps/2024a/EL8-ice/software/GCCcore/13.3.0/lib64 -L/rds/bear-apps/2024a/EL8-ice/software/GCCcore/13.3.0/lib -Wall px.c -o px
gcc -std=gnu2x -I"/rds/bear-apps/2024a/EL8-ice/software/R/4.5.0-gfbf-2024a/lib64/R/include" -DNDEBUG   -I/rds/bear-apps/2024a/EL8-ice/software/FriBidi/1.0.15-GCCcore-13.3.0/include -I/rds/bear-apps/2024a/EL8-ice/software/HarfBuzz/9.0.0-GCCcore-13.3.0/include -I/rds/bear-apps/2024a/EL8-ice/software/Tk/8.6.14-GCCcore-13.3.0/include -I/rds/bear-apps/2024a/EL8-ice/software/cURL/8.7.1-GCCcore-13.3.0/include -I/rds/bear-apps/2024a/EL8-ice/software/OpenSSL/3/include -I/rds/bear-apps/2024a/EL8-ice/software/libgit2/1.8.1-GCCcore-13.3.0/include -I/rds/bear-apps/2024a/EL8-ice/software/Java/17.0.15/include -I/rds/bear-apps/2024a/EL8-ice/software/LibTIFF/4.6.0-GCCcore-13.3.0/include -I/rds/bear-apps/2024a/EL8-ice/software/libjpeg-turbo/3.0.1-GCCcore-13.3.0/include -I/rds/bear-apps/2024a/EL8-ice/software/libpng/1.6.43-GCCcore-13.3.0/include -I/rds/bear-apps/2024a/EL8-ice/software/PCRE2/10.43-GCCcore-13.3.0/include -I/rds/bear-apps/2024a/EL8-ice/software/SQLite/3.45.3-GCCcore-13.3.0/include -I/rds/bear-apps/2024a/EL8-ice/software/zlib/1.3.1-GCCcore-13.3.0/include -I/rds/bear-apps/2024a/EL8-ice/software/XZ/5.4.5-GCCcore-13.3.0/include -I/rds/bear-apps/2024a/EL8-ice/software/bzip2/1.0.8-GCCcore-13.3.0/include -I/rds/bear-apps/2024a/EL8-ice/software/ncurses/6.5-GCCcore-13.3.0/include -I/rds/bear-apps/2024a/EL8-ice/software/libreadline/8.2-GCCcore-13.3.0/include -I/rds/bear-apps/2024a/EL8-ice/software/cairo/1.18.0-GCCcore-13.3.0/include -I/rds/bear-apps/2024a/EL8-ice/software/libGLU/9.0.3-GCCcore-13.3.0/include -I/rds/bear-apps/2024a/EL8-ice/software/Mesa/24.1.3-GCCcore-13.3.0/include -I/rds/bear-apps/2024a/EL8-ice/software/X11/20240607-GCCcore-13.3.0/include -I/rds/bear-apps/2024a/EL8-ice/software/pkgconf/2.2.0-GCCcore-13.3.0/include -I/rds/bear-apps/2024a/EL8-ice/software/FFTW/3.3.10-GCC-13.3.0/include -I/rds/bear-apps/2024a/EL8-ice/software/FlexiBLAS/3.4.4-GCC-13.3.0/include -I/rds/bear-apps/2024a/EL8-ice/software/FlexiBLAS/3.4.4-GCC-13.3.0/include/flexiblas    -fpic  -O2 -ftree-vectorize -march=native -fno-math-errno  -c init.c -o init.o
gcc -std=gnu2x -I"/rds/bear-apps/2024a/EL8-ice/software/R/4.5.0-gfbf-2024a/lib64/R/include" -DNDEBUG   -I/rds/bear-apps/2024a/EL8-ice/software/FriBidi/1.0.15-GCCcore-13.3.0/include -I/rds/bear-apps/2024a/EL8-ice/software/HarfBuzz/9.0.0-GCCcore-13.3.0/include -I/rds/bear-apps/2024a/EL8-ice/software/Tk/8.6.14-GCCcore-13.3.0/include -I/rds/bear-apps/2024a/EL8-ice/software/cURL/8.7.1-GCCcore-13.3.0/include -I/rds/bear-apps/2024a/EL8-ice/software/OpenSSL/3/include -I/rds/bear-apps/2024a/EL8-ice/software/libgit2/1.8.1-GCCcore-13.3.0/include -I/rds/bear-apps/2024a/EL8-ice/software/Java/17.0.15/include -I/rds/bear-apps/2024a/EL8-ice/software/LibTIFF/4.6.0-GCCcore-13.3.0/include -I/rds/bear-apps/2024a/EL8-ice/software/libjpeg-turbo/3.0.1-GCCcore-13.3.0/include -I/rds/bear-apps/2024a/EL8-ice/software/libpng/1.6.43-GCCcore-13.3.0/include -I/rds/bear-apps/2024a/EL8-ice/software/PCRE2/10.43-GCCcore-13.3.0/include -I/rds/bear-apps/2024a/EL8-ice/software/SQLite/3.45.3-GCCcore-13.3.0/include -I/rds/bear-apps/2024a/EL8-ice/software/zlib/1.3.1-GCCcore-13.3.0/include -I/rds/bear-apps/2024a/EL8-ice/software/XZ/5.4.5-GCCcore-13.3.0/include -I/rds/bear-apps/2024a/EL8-ice/software/bzip2/1.0.8-GCCcore-13.3.0/include -I/rds/bear-apps/2024a/EL8-ice/software/ncurses/6.5-GCCcore-13.3.0/include -I/rds/bear-apps/2024a/EL8-ice/software/libreadline/8.2-GCCcore-13.3.0/include -I/rds/bear-apps/2024a/EL8-ice/software/cairo/1.18.0-GCCcore-13.3.0/include -I/rds/bear-apps/2024a/EL8-ice/software/libGLU/9.0.3-GCCcore-13.3.0/include -I/rds/bear-apps/2024a/EL8-ice/software/Mesa/24.1.3-GCCcore-13.3.0/include -I/rds/bear-apps/2024a/EL8-ice/software/X11/20240607-GCCcore-13.3.0/include -I/rds/bear-apps/2024a/EL8-ice/software/pkgconf/2.2.0-GCCcore-13.3.0/include -I/rds/bear-apps/2024a/EL8-ice/software/FFTW/3.3.10-GCC-13.3.0/include -I/rds/bear-apps/2024a/EL8-ice/software/FlexiBLAS/3.4.4-GCC-13.3.0/include -I/rds/bear-apps/2024a/EL8-ice/software/FlexiBLAS/3.4.4-GCC-13.3.0/include/flexiblas    -fpic  -O2 -ftree-vectorize -march=native -fno-math-errno  -c api-common.c -o api-common.o
gcc -std=gnu2x -I"/rds/bear-apps/2024a/EL8-ice/software/R/4.5.0-gfbf-2024a/lib64/R/include" -DNDEBUG   -I/rds/bear-apps/2024a/EL8-ice/software/FriBidi/1.0.15-GCCcore-13.3.0/include -I/rds/bear-apps/2024a/EL8-ice/software/HarfBuzz/9.0.0-GCCcore-13.3.0/include -I/rds/bear-apps/2024a/EL8-ice/software/Tk/8.6.14-GCCcore-13.3.0/include -I/rds/bear-apps/2024a/EL8-ice/software/cURL/8.7.1-GCCcore-13.3.0/include -I/rds/bear-apps/2024a/EL8-ice/software/OpenSSL/3/include -I/rds/bear-apps/2024a/EL8-ice/software/libgit2/1.8.1-GCCcore-13.3.0/include -I/rds/bear-apps/2024a/EL8-ice/software/Java/17.0.15/include -I/rds/bear-apps/2024a/EL8-ice/software/LibTIFF/4.6.0-GCCcore-13.3.0/include -I/rds/bear-apps/2024a/EL8-ice/software/libjpeg-turbo/3.0.1-GCCcore-13.3.0/include -I/rds/bear-apps/2024a/EL8-ice/software/libpng/1.6.43-GCCcore-13.3.0/include -I/rds/bear-apps/2024a/EL8-ice/software/PCRE2/10.43-GCCcore-13.3.0/include -I/rds/bear-apps/2024a/EL8-ice/software/SQLite/3.45.3-GCCcore-13.3.0/include -I/rds/bear-apps/2024a/EL8-ice/software/zlib/1.3.1-GCCcore-13.3.0/include -I/rds/bear-apps/2024a/EL8-ice/software/XZ/5.4.5-GCCcore-13.3.0/include -I/rds/bear-apps/2024a/EL8-ice/software/bzip2/1.0.8-GCCcore-13.3.0/include -I/rds/bear-apps/2024a/EL8-ice/software/ncurses/6.5-GCCcore-13.3.0/include -I/rds/bear-apps/2024a/EL8-ice/software/libreadline/8.2-GCCcore-13.3.0/include -I/rds/bear-apps/2024a/EL8-ice/software/cairo/1.18.0-GCCcore-13.3.0/include -I/rds/bear-apps/2024a/EL8-ice/software/libGLU/9.0.3-GCCcore-13.3.0/include -I/rds/bear-apps/2024a/EL8-ice/software/Mesa/24.1.3-GCCcore-13.3.0/include -I/rds/bear-apps/2024a/EL8-ice/software/X11/20240607-GCCcore-13.3.0/include -I/rds/bear-apps/2024a/EL8-ice/software/pkgconf/2.2.0-GCCcore-13.3.0/include -I/rds/bear-apps/2024a/EL8-ice/software/FFTW/3.3.10-GCC-13.3.0/include -I/rds/bear-apps/2024a/EL8-ice/software/FlexiBLAS/3.4.4-GCC-13.3.0/include -I/rds/bear-apps/2024a/EL8-ice/software/FlexiBLAS/3.4.4-GCC-13.3.0/include/flexiblas    -fpic  -O2 -ftree-vectorize -march=native -fno-math-errno  -c common.c -o common.o
gcc -std=gnu2x -I"/rds/bear-apps/2024a/EL8-ice/software/R/4.5.0-gfbf-2024a/lib64/R/include" -DNDEBUG   -I/rds/bear-apps/2024a/EL8-ice/software/FriBidi/1.0.15-GCCcore-13.3.0/include -I/rds/bear-apps/2024a/EL8-ice/software/HarfBuzz/9.0.0-GCCcore-13.3.0/include -I/rds/bear-apps/2024a/EL8-ice/software/Tk/8.6.14-GCCcore-13.3.0/include -I/rds/bear-apps/2024a/EL8-ice/software/cURL/8.7.1-GCCcore-13.3.0/include -I/rds/bear-apps/2024a/EL8-ice/software/OpenSSL/3/include -I/rds/bear-apps/2024a/EL8-ice/software/libgit2/1.8.1-GCCcore-13.3.0/include -I/rds/bear-apps/2024a/EL8-ice/software/Java/17.0.15/include -I/rds/bear-apps/2024a/EL8-ice/software/LibTIFF/4.6.0-GCCcore-13.3.0/include -I/rds/bear-apps/2024a/EL8-ice/software/libjpeg-turbo/3.0.1-GCCcore-13.3.0/include -I/rds/bear-apps/2024a/EL8-ice/software/libpng/1.6.43-GCCcore-13.3.0/include -I/rds/bear-apps/2024a/EL8-ice/software/PCRE2/10.43-GCCcore-13.3.0/include -I/rds/bear-apps/2024a/EL8-ice/software/SQLite/3.45.3-GCCcore-13.3.0/include -I/rds/bear-apps/2024a/EL8-ice/software/zlib/1.3.1-GCCcore-13.3.0/include -I/rds/bear-apps/2024a/EL8-ice/software/XZ/5.4.5-GCCcore-13.3.0/include -I/rds/bear-apps/2024a/EL8-ice/software/bzip2/1.0.8-GCCcore-13.3.0/include -I/rds/bear-apps/2024a/EL8-ice/software/ncurses/6.5-GCCcore-13.3.0/include -I/rds/bear-apps/2024a/EL8-ice/software/libreadline/8.2-GCCcore-13.3.0/include -I/rds/bear-apps/2024a/EL8-ice/software/cairo/1.18.0-GCCcore-13.3.0/include -I/rds/bear-apps/2024a/EL8-ice/software/libGLU/9.0.3-GCCcore-13.3.0/include -I/rds/bear-apps/2024a/EL8-ice/software/Mesa/24.1.3-GCCcore-13.3.0/include -I/rds/bear-apps/2024a/EL8-ice/software/X11/20240607-GCCcore-13.3.0/include -I/rds/bear-apps/2024a/EL8-ice/software/pkgconf/2.2.0-GCCcore-13.3.0/include -I/rds/bear-apps/2024a/EL8-ice/software/FFTW/3.3.10-GCC-13.3.0/include -I/rds/bear-apps/2024a/EL8-ice/software/FlexiBLAS/3.4.4-GCC-13.3.0/include -I/rds/bear-apps/2024a/EL8-ice/software/FlexiBLAS/3.4.4-GCC-13.3.0/include/flexiblas    -fpic  -O2 -ftree-vectorize -march=native -fno-math-errno  -c extra.c -o extra.o
gcc -std=gnu2x -I"/rds/bear-apps/2024a/EL8-ice/software/R/4.5.0-gfbf-2024a/lib64/R/include" -DNDEBUG   -I/rds/bear-apps/2024a/EL8-ice/software/FriBidi/1.0.15-GCCcore-13.3.0/include -I/rds/bear-apps/2024a/EL8-ice/software/HarfBuzz/9.0.0-GCCcore-13.3.0/include -I/rds/bear-apps/2024a/EL8-ice/software/Tk/8.6.14-GCCcore-13.3.0/include -I/rds/bear-apps/2024a/EL8-ice/software/cURL/8.7.1-GCCcore-13.3.0/include -I/rds/bear-apps/2024a/EL8-ice/software/OpenSSL/3/include -I/rds/bear-apps/2024a/EL8-ice/software/libgit2/1.8.1-GCCcore-13.3.0/include -I/rds/bear-apps/2024a/EL8-ice/software/Java/17.0.15/include -I/rds/bear-apps/2024a/EL8-ice/software/LibTIFF/4.6.0-GCCcore-13.3.0/include -I/rds/bear-apps/2024a/EL8-ice/software/libjpeg-turbo/3.0.1-GCCcore-13.3.0/include -I/rds/bear-apps/2024a/EL8-ice/software/libpng/1.6.43-GCCcore-13.3.0/include -I/rds/bear-apps/2024a/EL8-ice/software/PCRE2/10.43-GCCcore-13.3.0/include -I/rds/bear-apps/2024a/EL8-ice/software/SQLite/3.45.3-GCCcore-13.3.0/include -I/rds/bear-apps/2024a/EL8-ice/software/zlib/1.3.1-GCCcore-13.3.0/include -I/rds/bear-apps/2024a/EL8-ice/software/XZ/5.4.5-GCCcore-13.3.0/include -I/rds/bear-apps/2024a/EL8-ice/software/bzip2/1.0.8-GCCcore-13.3.0/include -I/rds/bear-apps/2024a/EL8-ice/software/ncurses/6.5-GCCcore-13.3.0/include -I/rds/bear-apps/2024a/EL8-ice/software/libreadline/8.2-GCCcore-13.3.0/include -I/rds/bear-apps/2024a/EL8-ice/software/cairo/1.18.0-GCCcore-13.3.0/include -I/rds/bear-apps/2024a/EL8-ice/software/libGLU/9.0.3-GCCcore-13.3.0/include -I/rds/bear-apps/2024a/EL8-ice/software/Mesa/24.1.3-GCCcore-13.3.0/include -I/rds/bear-apps/2024a/EL8-ice/software/X11/20240607-GCCcore-13.3.0/include -I/rds/bear-apps/2024a/EL8-ice/software/pkgconf/2.2.0-GCCcore-13.3.0/include -I/rds/bear-apps/2024a/EL8-ice/software/FFTW/3.3.10-GCC-13.3.0/include -I/rds/bear-apps/2024a/EL8-ice/software/FlexiBLAS/3.4.4-GCC-13.3.0/include -I/rds/bear-apps/2024a/EL8-ice/software/FlexiBLAS/3.4.4-GCC-13.3.0/include/flexiblas    -fpic  -O2 -ftree-vectorize -march=native -fno-math-errno  -c dummy.c -o dummy.o
gcc -std=gnu2x -I"/rds/bear-apps/2024a/EL8-ice/software/R/4.5.0-gfbf-2024a/lib64/R/include" -DNDEBUG   -I/rds/bear-apps/2024a/EL8-ice/software/FriBidi/1.0.15-GCCcore-13.3.0/include -I/rds/bear-apps/2024a/EL8-ice/software/HarfBuzz/9.0.0-GCCcore-13.3.0/include -I/rds/bear-apps/2024a/EL8-ice/software/Tk/8.6.14-GCCcore-13.3.0/include -I/rds/bear-apps/2024a/EL8-ice/software/cURL/8.7.1-GCCcore-13.3.0/include -I/rds/bear-apps/2024a/EL8-ice/software/OpenSSL/3/include -I/rds/bear-apps/2024a/EL8-ice/software/libgit2/1.8.1-GCCcore-13.3.0/include -I/rds/bear-apps/2024a/EL8-ice/software/Java/17.0.15/include -I/rds/bear-apps/2024a/EL8-ice/software/LibTIFF/4.6.0-GCCcore-13.3.0/include -I/rds/bear-apps/2024a/EL8-ice/software/libjpeg-turbo/3.0.1-GCCcore-13.3.0/include -I/rds/bear-apps/2024a/EL8-ice/software/libpng/1.6.43-GCCcore-13.3.0/include -I/rds/bear-apps/2024a/EL8-ice/software/PCRE2/10.43-GCCcore-13.3.0/include -I/rds/bear-apps/2024a/EL8-ice/software/SQLite/3.45.3-GCCcore-13.3.0/include -I/rds/bear-apps/2024a/EL8-ice/software/zlib/1.3.1-GCCcore-13.3.0/include -I/rds/bear-apps/2024a/EL8-ice/software/XZ/5.4.5-GCCcore-13.3.0/include -I/rds/bear-apps/2024a/EL8-ice/software/bzip2/1.0.8-GCCcore-13.3.0/include -I/rds/bear-apps/2024a/EL8-ice/software/ncurses/6.5-GCCcore-13.3.0/include -I/rds/bear-apps/2024a/EL8-ice/software/libreadline/8.2-GCCcore-13.3.0/include -I/rds/bear-apps/2024a/EL8-ice/software/cairo/1.18.0-GCCcore-13.3.0/include -I/rds/bear-apps/2024a/EL8-ice/software/libGLU/9.0.3-GCCcore-13.3.0/include -I/rds/bear-apps/2024a/EL8-ice/software/Mesa/24.1.3-GCCcore-13.3.0/include -I/rds/bear-apps/2024a/EL8-ice/software/X11/20240607-GCCcore-13.3.0/include -I/rds/bear-apps/2024a/EL8-ice/software/pkgconf/2.2.0-GCCcore-13.3.0/include -I/rds/bear-apps/2024a/EL8-ice/software/FFTW/3.3.10-GCC-13.3.0/include -I/rds/bear-apps/2024a/EL8-ice/software/FlexiBLAS/3.4.4-GCC-13.3.0/include -I/rds/bear-apps/2024a/EL8-ice/software/FlexiBLAS/3.4.4-GCC-13.3.0/include/flexiblas    -fpic  -O2 -ftree-vectorize -march=native -fno-math-errno  -c error-codes.c -o error-codes.o
gcc -std=gnu2x -I"/rds/bear-apps/2024a/EL8-ice/software/R/4.5.0-gfbf-2024a/lib64/R/include" -DNDEBUG   -I/rds/bear-apps/2024a/EL8-ice/software/FriBidi/1.0.15-GCCcore-13.3.0/include -I/rds/bear-apps/2024a/EL8-ice/software/HarfBuzz/9.0.0-GCCcore-13.3.0/include -I/rds/bear-apps/2024a/EL8-ice/software/Tk/8.6.14-GCCcore-13.3.0/include -I/rds/bear-apps/2024a/EL8-ice/software/cURL/8.7.1-GCCcore-13.3.0/include -I/rds/bear-apps/2024a/EL8-ice/software/OpenSSL/3/include -I/rds/bear-apps/2024a/EL8-ice/software/libgit2/1.8.1-GCCcore-13.3.0/include -I/rds/bear-apps/2024a/EL8-ice/software/Java/17.0.15/include -I/rds/bear-apps/2024a/EL8-ice/software/LibTIFF/4.6.0-GCCcore-13.3.0/include -I/rds/bear-apps/2024a/EL8-ice/software/libjpeg-turbo/3.0.1-GCCcore-13.3.0/include -I/rds/bear-apps/2024a/EL8-ice/software/libpng/1.6.43-GCCcore-13.3.0/include -I/rds/bear-apps/2024a/EL8-ice/software/PCRE2/10.43-GCCcore-13.3.0/include -I/rds/bear-apps/2024a/EL8-ice/software/SQLite/3.45.3-GCCcore-13.3.0/include -I/rds/bear-apps/2024a/EL8-ice/software/zlib/1.3.1-GCCcore-13.3.0/include -I/rds/bear-apps/2024a/EL8-ice/software/XZ/5.4.5-GCCcore-13.3.0/include -I/rds/bear-apps/2024a/EL8-ice/software/bzip2/1.0.8-GCCcore-13.3.0/include -I/rds/bear-apps/2024a/EL8-ice/software/ncurses/6.5-GCCcore-13.3.0/include -I/rds/bear-apps/2024a/EL8-ice/software/libreadline/8.2-GCCcore-13.3.0/include -I/rds/bear-apps/2024a/EL8-ice/software/cairo/1.18.0-GCCcore-13.3.0/include -I/rds/bear-apps/2024a/EL8-ice/software/libGLU/9.0.3-GCCcore-13.3.0/include -I/rds/bear-apps/2024a/EL8-ice/software/Mesa/24.1.3-GCCcore-13.3.0/include -I/rds/bear-apps/2024a/EL8-ice/software/X11/20240607-GCCcore-13.3.0/include -I/rds/bear-apps/2024a/EL8-ice/software/pkgconf/2.2.0-GCCcore-13.3.0/include -I/rds/bear-apps/2024a/EL8-ice/software/FFTW/3.3.10-GCC-13.3.0/include -I/rds/bear-apps/2024a/EL8-ice/software/FlexiBLAS/3.4.4-GCC-13.3.0/include -I/rds/bear-apps/2024a/EL8-ice/software/FlexiBLAS/3.4.4-GCC-13.3.0/include/flexiblas    -fpic  -O2 -ftree-vectorize -march=native -fno-math-errno  -c cleancall.c -o cleancall.o
gcc -std=gnu2x -I"/rds/bear-apps/2024a/EL8-ice/software/R/4.5.0-gfbf-2024a/lib64/R/include" -DNDEBUG   -I/rds/bear-apps/2024a/EL8-ice/software/FriBidi/1.0.15-GCCcore-13.3.0/include -I/rds/bear-apps/2024a/EL8-ice/software/HarfBuzz/9.0.0-GCCcore-13.3.0/include -I/rds/bear-apps/2024a/EL8-ice/software/Tk/8.6.14-GCCcore-13.3.0/include -I/rds/bear-apps/2024a/EL8-ice/software/cURL/8.7.1-GCCcore-13.3.0/include -I/rds/bear-apps/2024a/EL8-ice/software/OpenSSL/3/include -I/rds/bear-apps/2024a/EL8-ice/software/libgit2/1.8.1-GCCcore-13.3.0/include -I/rds/bear-apps/2024a/EL8-ice/software/Java/17.0.15/include -I/rds/bear-apps/2024a/EL8-ice/software/LibTIFF/4.6.0-GCCcore-13.3.0/include -I/rds/bear-apps/2024a/EL8-ice/software/libjpeg-turbo/3.0.1-GCCcore-13.3.0/include -I/rds/bear-apps/2024a/EL8-ice/software/libpng/1.6.43-GCCcore-13.3.0/include -I/rds/bear-apps/2024a/EL8-ice/software/PCRE2/10.43-GCCcore-13.3.0/include -I/rds/bear-apps/2024a/EL8-ice/software/SQLite/3.45.3-GCCcore-13.3.0/include -I/rds/bear-apps/2024a/EL8-ice/software/zlib/1.3.1-GCCcore-13.3.0/include -I/rds/bear-apps/2024a/EL8-ice/software/XZ/5.4.5-GCCcore-13.3.0/include -I/rds/bear-apps/2024a/EL8-ice/software/bzip2/1.0.8-GCCcore-13.3.0/include -I/rds/bear-apps/2024a/EL8-ice/software/ncurses/6.5-GCCcore-13.3.0/include -I/rds/bear-apps/2024a/EL8-ice/software/libreadline/8.2-GCCcore-13.3.0/include -I/rds/bear-apps/2024a/EL8-ice/software/cairo/1.18.0-GCCcore-13.3.0/include -I/rds/bear-apps/2024a/EL8-ice/software/libGLU/9.0.3-GCCcore-13.3.0/include -I/rds/bear-apps/2024a/EL8-ice/software/Mesa/24.1.3-GCCcore-13.3.0/include -I/rds/bear-apps/2024a/EL8-ice/software/X11/20240607-GCCcore-13.3.0/include -I/rds/bear-apps/2024a/EL8-ice/software/pkgconf/2.2.0-GCCcore-13.3.0/include -I/rds/bear-apps/2024a/EL8-ice/software/FFTW/3.3.10-GCC-13.3.0/include -I/rds/bear-apps/2024a/EL8-ice/software/FlexiBLAS/3.4.4-GCC-13.3.0/include -I/rds/bear-apps/2024a/EL8-ice/software/FlexiBLAS/3.4.4-GCC-13.3.0/include/flexiblas    -fpic  -O2 -ftree-vectorize -march=native -fno-math-errno  -c posix.c -o posix.o
gcc -std=gnu2x -I"/rds/bear-apps/2024a/EL8-ice/software/R/4.5.0-gfbf-2024a/lib64/R/include" -DNDEBUG   -I/rds/bear-apps/2024a/EL8-ice/software/FriBidi/1.0.15-GCCcore-13.3.0/include -I/rds/bear-apps/2024a/EL8-ice/software/HarfBuzz/9.0.0-GCCcore-13.3.0/include -I/rds/bear-apps/2024a/EL8-ice/software/Tk/8.6.14-GCCcore-13.3.0/include -I/rds/bear-apps/2024a/EL8-ice/software/cURL/8.7.1-GCCcore-13.3.0/include -I/rds/bear-apps/2024a/EL8-ice/software/OpenSSL/3/include -I/rds/bear-apps/2024a/EL8-ice/software/libgit2/1.8.1-GCCcore-13.3.0/include -I/rds/bear-apps/2024a/EL8-ice/software/Java/17.0.15/include -I/rds/bear-apps/2024a/EL8-ice/software/LibTIFF/4.6.0-GCCcore-13.3.0/include -I/rds/bear-apps/2024a/EL8-ice/software/libjpeg-turbo/3.0.1-GCCcore-13.3.0/include -I/rds/bear-apps/2024a/EL8-ice/software/libpng/1.6.43-GCCcore-13.3.0/include -I/rds/bear-apps/2024a/EL8-ice/software/PCRE2/10.43-GCCcore-13.3.0/include -I/rds/bear-apps/2024a/EL8-ice/software/SQLite/3.45.3-GCCcore-13.3.0/include -I/rds/bear-apps/2024a/EL8-ice/software/zlib/1.3.1-GCCcore-13.3.0/include -I/rds/bear-apps/2024a/EL8-ice/software/XZ/5.4.5-GCCcore-13.3.0/include -I/rds/bear-apps/2024a/EL8-ice/software/bzip2/1.0.8-GCCcore-13.3.0/include -I/rds/bear-apps/2024a/EL8-ice/software/ncurses/6.5-GCCcore-13.3.0/include -I/rds/bear-apps/2024a/EL8-ice/software/libreadline/8.2-GCCcore-13.3.0/include -I/rds/bear-apps/2024a/EL8-ice/software/cairo/1.18.0-GCCcore-13.3.0/include -I/rds/bear-apps/2024a/EL8-ice/software/libGLU/9.0.3-GCCcore-13.3.0/include -I/rds/bear-apps/2024a/EL8-ice/software/Mesa/24.1.3-GCCcore-13.3.0/include -I/rds/bear-apps/2024a/EL8-ice/software/X11/20240607-GCCcore-13.3.0/include -I/rds/bear-apps/2024a/EL8-ice/software/pkgconf/2.2.0-GCCcore-13.3.0/include -I/rds/bear-apps/2024a/EL8-ice/software/FFTW/3.3.10-GCC-13.3.0/include -I/rds/bear-apps/2024a/EL8-ice/software/FlexiBLAS/3.4.4-GCC-13.3.0/include -I/rds/bear-apps/2024a/EL8-ice/software/FlexiBLAS/3.4.4-GCC-13.3.0/include/flexiblas    -fpic  -O2 -ftree-vectorize -march=native -fno-math-errno  -c api-posix.c -o api-posix.o
gcc -std=gnu2x -I"/rds/bear-apps/2024a/EL8-ice/software/R/4.5.0-gfbf-2024a/lib64/R/include" -DNDEBUG   -I/rds/bear-apps/2024a/EL8-ice/software/FriBidi/1.0.15-GCCcore-13.3.0/include -I/rds/bear-apps/2024a/EL8-ice/software/HarfBuzz/9.0.0-GCCcore-13.3.0/include -I/rds/bear-apps/2024a/EL8-ice/software/Tk/8.6.14-GCCcore-13.3.0/include -I/rds/bear-apps/2024a/EL8-ice/software/cURL/8.7.1-GCCcore-13.3.0/include -I/rds/bear-apps/2024a/EL8-ice/software/OpenSSL/3/include -I/rds/bear-apps/2024a/EL8-ice/software/libgit2/1.8.1-GCCcore-13.3.0/include -I/rds/bear-apps/2024a/EL8-ice/software/Java/17.0.15/include -I/rds/bear-apps/2024a/EL8-ice/software/LibTIFF/4.6.0-GCCcore-13.3.0/include -I/rds/bear-apps/2024a/EL8-ice/software/libjpeg-turbo/3.0.1-GCCcore-13.3.0/include -I/rds/bear-apps/2024a/EL8-ice/software/libpng/1.6.43-GCCcore-13.3.0/include -I/rds/bear-apps/2024a/EL8-ice/software/PCRE2/10.43-GCCcore-13.3.0/include -I/rds/bear-apps/2024a/EL8-ice/software/SQLite/3.45.3-GCCcore-13.3.0/include -I/rds/bear-apps/2024a/EL8-ice/software/zlib/1.3.1-GCCcore-13.3.0/include -I/rds/bear-apps/2024a/EL8-ice/software/XZ/5.4.5-GCCcore-13.3.0/include -I/rds/bear-apps/2024a/EL8-ice/software/bzip2/1.0.8-GCCcore-13.3.0/include -I/rds/bear-apps/2024a/EL8-ice/software/ncurses/6.5-GCCcore-13.3.0/include -I/rds/bear-apps/2024a/EL8-ice/software/libreadline/8.2-GCCcore-13.3.0/include -I/rds/bear-apps/2024a/EL8-ice/software/cairo/1.18.0-GCCcore-13.3.0/include -I/rds/bear-apps/2024a/EL8-ice/software/libGLU/9.0.3-GCCcore-13.3.0/include -I/rds/bear-apps/2024a/EL8-ice/software/Mesa/24.1.3-GCCcore-13.3.0/include -I/rds/bear-apps/2024a/EL8-ice/software/X11/20240607-GCCcore-13.3.0/include -I/rds/bear-apps/2024a/EL8-ice/software/pkgconf/2.2.0-GCCcore-13.3.0/include -I/rds/bear-apps/2024a/EL8-ice/software/FFTW/3.3.10-GCC-13.3.0/include -I/rds/bear-apps/2024a/EL8-ice/software/FlexiBLAS/3.4.4-GCC-13.3.0/include -I/rds/bear-apps/2024a/EL8-ice/software/FlexiBLAS/3.4.4-GCC-13.3.0/include/flexiblas    -fpic  -O2 -ftree-vectorize -march=native -fno-math-errno  -c linux.c -o linux.o
gcc -std=gnu2x -I"/rds/bear-apps/2024a/EL8-ice/software/R/4.5.0-gfbf-2024a/lib64/R/include" -DNDEBUG   -I/rds/bear-apps/2024a/EL8-ice/software/FriBidi/1.0.15-GCCcore-13.3.0/include -I/rds/bear-apps/2024a/EL8-ice/software/HarfBuzz/9.0.0-GCCcore-13.3.0/include -I/rds/bear-apps/2024a/EL8-ice/software/Tk/8.6.14-GCCcore-13.3.0/include -I/rds/bear-apps/2024a/EL8-ice/software/cURL/8.7.1-GCCcore-13.3.0/include -I/rds/bear-apps/2024a/EL8-ice/software/OpenSSL/3/include -I/rds/bear-apps/2024a/EL8-ice/software/libgit2/1.8.1-GCCcore-13.3.0/include -I/rds/bear-apps/2024a/EL8-ice/software/Java/17.0.15/include -I/rds/bear-apps/2024a/EL8-ice/software/LibTIFF/4.6.0-GCCcore-13.3.0/include -I/rds/bear-apps/2024a/EL8-ice/software/libjpeg-turbo/3.0.1-GCCcore-13.3.0/include -I/rds/bear-apps/2024a/EL8-ice/software/libpng/1.6.43-GCCcore-13.3.0/include -I/rds/bear-apps/2024a/EL8-ice/software/PCRE2/10.43-GCCcore-13.3.0/include -I/rds/bear-apps/2024a/EL8-ice/software/SQLite/3.45.3-GCCcore-13.3.0/include -I/rds/bear-apps/2024a/EL8-ice/software/zlib/1.3.1-GCCcore-13.3.0/include -I/rds/bear-apps/2024a/EL8-ice/software/XZ/5.4.5-GCCcore-13.3.0/include -I/rds/bear-apps/2024a/EL8-ice/software/bzip2/1.0.8-GCCcore-13.3.0/include -I/rds/bear-apps/2024a/EL8-ice/software/ncurses/6.5-GCCcore-13.3.0/include -I/rds/bear-apps/2024a/EL8-ice/software/libreadline/8.2-GCCcore-13.3.0/include -I/rds/bear-apps/2024a/EL8-ice/software/cairo/1.18.0-GCCcore-13.3.0/include -I/rds/bear-apps/2024a/EL8-ice/software/libGLU/9.0.3-GCCcore-13.3.0/include -I/rds/bear-apps/2024a/EL8-ice/software/Mesa/24.1.3-GCCcore-13.3.0/include -I/rds/bear-apps/2024a/EL8-ice/software/X11/20240607-GCCcore-13.3.0/include -I/rds/bear-apps/2024a/EL8-ice/software/pkgconf/2.2.0-GCCcore-13.3.0/include -I/rds/bear-apps/2024a/EL8-ice/software/FFTW/3.3.10-GCC-13.3.0/include -I/rds/bear-apps/2024a/EL8-ice/software/FlexiBLAS/3.4.4-GCC-13.3.0/include -I/rds/bear-apps/2024a/EL8-ice/software/FlexiBLAS/3.4.4-GCC-13.3.0/include/flexiblas    -fpic  -O2 -ftree-vectorize -march=native -fno-math-errno  -c api-linux.c -o api-linux.o
gcc -std=gnu2x -shared -L/rds/bear-apps/2024a/EL8-ice/software/R/4.5.0-gfbf-2024a/lib64/R/lib -L/rds/bear-apps/2024a/EL8-ice/software/FriBidi/1.0.15-GCCcore-13.3.0/lib64 -L/rds/bear-apps/2024a/EL8-ice/software/FriBidi/1.0.15-GCCcore-13.3.0/lib -L/rds/bear-apps/2024a/EL8-ice/software/HarfBuzz/9.0.0-GCCcore-13.3.0/lib64 -L/rds/bear-apps/2024a/EL8-ice/software/HarfBuzz/9.0.0-GCCcore-13.3.0/lib -L/rds/bear-apps/2024a/EL8-ice/software/Tk/8.6.14-GCCcore-13.3.0/lib64 -L/rds/bear-apps/2024a/EL8-ice/software/Tk/8.6.14-GCCcore-13.3.0/lib -L/rds/bear-apps/2024a/EL8-ice/software/cURL/8.7.1-GCCcore-13.3.0/lib64 -L/rds/bear-apps/2024a/EL8-ice/software/cURL/8.7.1-GCCcore-13.3.0/lib -L/rds/bear-apps/2024a/EL8-ice/software/OpenSSL/3/lib64 -L/rds/bear-apps/2024a/EL8-ice/software/OpenSSL/3/lib -L/rds/bear-apps/2024a/EL8-ice/software/libgit2/1.8.1-GCCcore-13.3.0/lib64 -L/rds/bear-apps/2024a/EL8-ice/software/libgit2/1.8.1-GCCcore-13.3.0/lib -L/rds/bear-apps/2024a/EL8-ice/software/Java/17.0.15/lib64 -L/rds/bear-apps/2024a/EL8-ice/software/Java/17.0.15/lib -L/rds/bear-apps/2024a/EL8-ice/software/LibTIFF/4.6.0-GCCcore-13.3.0/lib64 -L/rds/bear-apps/2024a/EL8-ice/software/LibTIFF/4.6.0-GCCcore-13.3.0/lib -L/rds/bear-apps/2024a/EL8-ice/software/libjpeg-turbo/3.0.1-GCCcore-13.3.0/lib64 -L/rds/bear-apps/2024a/EL8-ice/software/libjpeg-turbo/3.0.1-GCCcore-13.3.0/lib -L/rds/bear-apps/2024a/EL8-ice/software/libpng/1.6.43-GCCcore-13.3.0/lib64 -L/rds/bear-apps/2024a/EL8-ice/software/libpng/1.6.43-GCCcore-13.3.0/lib -L/rds/bear-apps/2024a/EL8-ice/software/PCRE2/10.43-GCCcore-13.3.0/lib64 -L/rds/bear-apps/2024a/EL8-ice/software/PCRE2/10.43-GCCcore-13.3.0/lib -L/rds/bear-apps/2024a/EL8-ice/software/SQLite/3.45.3-GCCcore-13.3.0/lib64 -L/rds/bear-apps/2024a/EL8-ice/software/SQLite/3.45.3-GCCcore-13.3.0/lib -L/rds/bear-apps/2024a/EL8-ice/software/zlib/1.3.1-GCCcore-13.3.0/lib64 -L/rds/bear-apps/2024a/EL8-ice/software/zlib/1.3.1-GCCcore-13.3.0/lib -L/rds/bear-apps/2024a/EL8-ice/software/XZ/5.4.5-GCCcore-13.3.0/lib64 -L/rds/bear-apps/2024a/EL8-ice/software/XZ/5.4.5-GCCcore-13.3.0/lib -L/rds/bear-apps/2024a/EL8-ice/software/bzip2/1.0.8-GCCcore-13.3.0/lib64 -L/rds/bear-apps/2024a/EL8-ice/software/bzip2/1.0.8-GCCcore-13.3.0/lib -L/rds/bear-apps/2024a/EL8-ice/software/ncurses/6.5-GCCcore-13.3.0/lib64 -L/rds/bear-apps/2024a/EL8-ice/software/ncurses/6.5-GCCcore-13.3.0/lib -L/rds/bear-apps/2024a/EL8-ice/software/libreadline/8.2-GCCcore-13.3.0/lib64 -L/rds/bear-apps/2024a/EL8-ice/software/libreadline/8.2-GCCcore-13.3.0/lib -L/rds/bear-apps/2024a/EL8-ice/software/cairo/1.18.0-GCCcore-13.3.0/lib64 -L/rds/bear-apps/2024a/EL8-ice/software/cairo/1.18.0-GCCcore-13.3.0/lib -L/rds/bear-apps/2024a/EL8-ice/software/libGLU/9.0.3-GCCcore-13.3.0/lib64 -L/rds/bear-apps/2024a/EL8-ice/software/libGLU/9.0.3-GCCcore-13.3.0/lib -L/rds/bear-apps/2024a/EL8-ice/software/Mesa/24.1.3-GCCcore-13.3.0/lib64 -L/rds/bear-apps/2024a/EL8-ice/software/Mesa/24.1.3-GCCcore-13.3.0/lib -L/rds/bear-apps/2024a/EL8-ice/software/X11/20240607-GCCcore-13.3.0/lib64 -L/rds/bear-apps/2024a/EL8-ice/software/X11/20240607-GCCcore-13.3.0/lib -L/rds/bear-apps/2024a/EL8-ice/software/pkgconf/2.2.0-GCCcore-13.3.0/lib64 -L/rds/bear-apps/2024a/EL8-ice/software/pkgconf/2.2.0-GCCcore-13.3.0/lib -L/rds/bear-apps/2024a/EL8-ice/software/FFTW/3.3.10-GCC-13.3.0/lib64 -L/rds/bear-apps/2024a/EL8-ice/software/FFTW/3.3.10-GCC-13.3.0/lib -L/rds/bear-apps/2024a/EL8-ice/software/FlexiBLAS/3.4.4-GCC-13.3.0/lib64 -L/rds/bear-apps/2024a/EL8-ice/software/FlexiBLAS/3.4.4-GCC-13.3.0/lib -L/rds/bear-apps/2024a/EL8-ice/software/GCCcore/13.3.0/lib64 -L/rds/bear-apps/2024a/EL8-ice/software/GCCcore/13.3.0/lib -o ps.so init.o api-common.o common.o extra.o dummy.o error-codes.o cleancall.o posix.o api-posix.o linux.o api-linux.o -L/rds/bear-apps/2024a/EL8-ice/software/R/4.5.0-gfbf-2024a/lib64/R/lib -lR
make[1]: Leaving directory '/tmp/RtmpPnYWwF/R.INSTALLc12a8e00dd85/pak/src/library/ps/src'
installing via 'install.libs.R' to /rds/homes/a/axv209/R/library/4.5.0/EL8-ice/00LOCK-pak/00new/pak/library/ps

Compiling tsitter 
using C compiler: ‘gcc (GCC) 13.3.0’
make[1]: Entering directory '/tmp/RtmpPnYWwF/R.INSTALLc12a8e00dd85/pak/src/library/tsitter/src'
gcc -std=gnu2x -I"/rds/bear-apps/2024a/EL8-ice/software/R/4.5.0-gfbf-2024a/lib64/R/include" -DNDEBUG -I./tree-sitter/lib/include -I./tree-sitter/lib/src   -I/rds/bear-apps/2024a/EL8-ice/software/FriBidi/1.0.15-GCCcore-13.3.0/include -I/rds/bear-apps/2024a/EL8-ice/software/HarfBuzz/9.0.0-GCCcore-13.3.0/include -I/rds/bear-apps/2024a/EL8-ice/software/Tk/8.6.14-GCCcore-13.3.0/include -I/rds/bear-apps/2024a/EL8-ice/software/cURL/8.7.1-GCCcore-13.3.0/include -I/rds/bear-apps/2024a/EL8-ice/software/OpenSSL/3/include -I/rds/bear-apps/2024a/EL8-ice/software/libgit2/1.8.1-GCCcore-13.3.0/include -I/rds/bear-apps/2024a/EL8-ice/software/Java/17.0.15/include -I/rds/bear-apps/2024a/EL8-ice/software/LibTIFF/4.6.0-GCCcore-13.3.0/include -I/rds/bear-apps/2024a/EL8-ice/software/libjpeg-turbo/3.0.1-GCCcore-13.3.0/include -I/rds/bear-apps/2024a/EL8-ice/software/libpng/1.6.43-GCCcore-13.3.0/include -I/rds/bear-apps/2024a/EL8-ice/software/PCRE2/10.43-GCCcore-13.3.0/include -I/rds/bear-apps/2024a/EL8-ice/software/SQLite/3.45.3-GCCcore-13.3.0/include -I/rds/bear-apps/2024a/EL8-ice/software/zlib/1.3.1-GCCcore-13.3.0/include -I/rds/bear-apps/2024a/EL8-ice/software/XZ/5.4.5-GCCcore-13.3.0/include -I/rds/bear-apps/2024a/EL8-ice/software/bzip2/1.0.8-GCCcore-13.3.0/include -I/rds/bear-apps/2024a/EL8-ice/software/ncurses/6.5-GCCcore-13.3.0/include -I/rds/bear-apps/2024a/EL8-ice/software/libreadline/8.2-GCCcore-13.3.0/include -I/rds/bear-apps/2024a/EL8-ice/software/cairo/1.18.0-GCCcore-13.3.0/include -I/rds/bear-apps/2024a/EL8-ice/software/libGLU/9.0.3-GCCcore-13.3.0/include -I/rds/bear-apps/2024a/EL8-ice/software/Mesa/24.1.3-GCCcore-13.3.0/include -I/rds/bear-apps/2024a/EL8-ice/software/X11/20240607-GCCcore-13.3.0/include -I/rds/bear-apps/2024a/EL8-ice/software/pkgconf/2.2.0-GCCcore-13.3.0/include -I/rds/bear-apps/2024a/EL8-ice/software/FFTW/3.3.10-GCC-13.3.0/include -I/rds/bear-apps/2024a/EL8-ice/software/FlexiBLAS/3.4.4-GCC-13.3.0/include -I/rds/bear-apps/2024a/EL8-ice/software/FlexiBLAS/3.4.4-GCC-13.3.0/include/flexiblas    -fpic  -O2 -ftree-vectorize -march=native -fno-math-errno  -c init.c -o init.o
gcc -std=gnu2x -I"/rds/bear-apps/2024a/EL8-ice/software/R/4.5.0-gfbf-2024a/lib64/R/include" -DNDEBUG -I./tree-sitter/lib/include -I./tree-sitter/lib/src   -I/rds/bear-apps/2024a/EL8-ice/software/FriBidi/1.0.15-GCCcore-13.3.0/include -I/rds/bear-apps/2024a/EL8-ice/software/HarfBuzz/9.0.0-GCCcore-13.3.0/include -I/rds/bear-apps/2024a/EL8-ice/software/Tk/8.6.14-GCCcore-13.3.0/include -I/rds/bear-apps/2024a/EL8-ice/software/cURL/8.7.1-GCCcore-13.3.0/include -I/rds/bear-apps/2024a/EL8-ice/software/OpenSSL/3/include -I/rds/bear-apps/2024a/EL8-ice/software/libgit2/1.8.1-GCCcore-13.3.0/include -I/rds/bear-apps/2024a/EL8-ice/software/Java/17.0.15/include -I/rds/bear-apps/2024a/EL8-ice/software/LibTIFF/4.6.0-GCCcore-13.3.0/include -I/rds/bear-apps/2024a/EL8-ice/software/libjpeg-turbo/3.0.1-GCCcore-13.3.0/include -I/rds/bear-apps/2024a/EL8-ice/software/libpng/1.6.43-GCCcore-13.3.0/include -I/rds/bear-apps/2024a/EL8-ice/software/PCRE2/10.43-GCCcore-13.3.0/include -I/rds/bear-apps/2024a/EL8-ice/software/SQLite/3.45.3-GCCcore-13.3.0/include -I/rds/bear-apps/2024a/EL8-ice/software/zlib/1.3.1-GCCcore-13.3.0/include -I/rds/bear-apps/2024a/EL8-ice/software/XZ/5.4.5-GCCcore-13.3.0/include -I/rds/bear-apps/2024a/EL8-ice/software/bzip2/1.0.8-GCCcore-13.3.0/include -I/rds/bear-apps/2024a/EL8-ice/software/ncurses/6.5-GCCcore-13.3.0/include -I/rds/bear-apps/2024a/EL8-ice/software/libreadline/8.2-GCCcore-13.3.0/include -I/rds/bear-apps/2024a/EL8-ice/software/cairo/1.18.0-GCCcore-13.3.0/include -I/rds/bear-apps/2024a/EL8-ice/software/libGLU/9.0.3-GCCcore-13.3.0/include -I/rds/bear-apps/2024a/EL8-ice/software/Mesa/24.1.3-GCCcore-13.3.0/include -I/rds/bear-apps/2024a/EL8-ice/software/X11/20240607-GCCcore-13.3.0/include -I/rds/bear-apps/2024a/EL8-ice/software/pkgconf/2.2.0-GCCcore-13.3.0/include -I/rds/bear-apps/2024a/EL8-ice/software/FFTW/3.3.10-GCC-13.3.0/include -I/rds/bear-apps/2024a/EL8-ice/software/FlexiBLAS/3.4.4-GCC-13.3.0/include -I/rds/bear-apps/2024a/EL8-ice/software/FlexiBLAS/3.4.4-GCC-13.3.0/include/flexiblas    -fpic  -O2 -ftree-vectorize -march=native -fno-math-errno  -c tree-sitter.c -o tree-sitter.o
gcc -std=gnu2x -I"/rds/bear-apps/2024a/EL8-ice/software/R/4.5.0-gfbf-2024a/lib64/R/include" -DNDEBUG -I./tree-sitter/lib/include -I./tree-sitter/lib/src   -I/rds/bear-apps/2024a/EL8-ice/software/FriBidi/1.0.15-GCCcore-13.3.0/include -I/rds/bear-apps/2024a/EL8-ice/software/HarfBuzz/9.0.0-GCCcore-13.3.0/include -I/rds/bear-apps/2024a/EL8-ice/software/Tk/8.6.14-GCCcore-13.3.0/include -I/rds/bear-apps/2024a/EL8-ice/software/cURL/8.7.1-GCCcore-13.3.0/include -I/rds/bear-apps/2024a/EL8-ice/software/OpenSSL/3/include -I/rds/bear-apps/2024a/EL8-ice/software/libgit2/1.8.1-GCCcore-13.3.0/include -I/rds/bear-apps/2024a/EL8-ice/software/Java/17.0.15/include -I/rds/bear-apps/2024a/EL8-ice/software/LibTIFF/4.6.0-GCCcore-13.3.0/include -I/rds/bear-apps/2024a/EL8-ice/software/libjpeg-turbo/3.0.1-GCCcore-13.3.0/include -I/rds/bear-apps/2024a/EL8-ice/software/libpng/1.6.43-GCCcore-13.3.0/include -I/rds/bear-apps/2024a/EL8-ice/software/PCRE2/10.43-GCCcore-13.3.0/include -I/rds/bear-apps/2024a/EL8-ice/software/SQLite/3.45.3-GCCcore-13.3.0/include -I/rds/bear-apps/2024a/EL8-ice/software/zlib/1.3.1-GCCcore-13.3.0/include -I/rds/bear-apps/2024a/EL8-ice/software/XZ/5.4.5-GCCcore-13.3.0/include -I/rds/bear-apps/2024a/EL8-ice/software/bzip2/1.0.8-GCCcore-13.3.0/include -I/rds/bear-apps/2024a/EL8-ice/software/ncurses/6.5-GCCcore-13.3.0/include -I/rds/bear-apps/2024a/EL8-ice/software/libreadline/8.2-GCCcore-13.3.0/include -I/rds/bear-apps/2024a/EL8-ice/software/cairo/1.18.0-GCCcore-13.3.0/include -I/rds/bear-apps/2024a/EL8-ice/software/libGLU/9.0.3-GCCcore-13.3.0/include -I/rds/bear-apps/2024a/EL8-ice/software/Mesa/24.1.3-GCCcore-13.3.0/include -I/rds/bear-apps/2024a/EL8-ice/software/X11/20240607-GCCcore-13.3.0/include -I/rds/bear-apps/2024a/EL8-ice/software/pkgconf/2.2.0-GCCcore-13.3.0/include -I/rds/bear-apps/2024a/EL8-ice/software/FFTW/3.3.10-GCC-13.3.0/include -I/rds/bear-apps/2024a/EL8-ice/software/FlexiBLAS/3.4.4-GCC-13.3.0/include -I/rds/bear-apps/2024a/EL8-ice/software/FlexiBLAS/3.4.4-GCC-13.3.0/include/flexiblas    -fpic  -O2 -ftree-vectorize -march=native -fno-math-errno  -c cleancall.c -o cleancall.o
gcc -std=gnu2x -I"/rds/bear-apps/2024a/EL8-ice/software/R/4.5.0-gfbf-2024a/lib64/R/include" -DNDEBUG -I./tree-sitter/lib/include -I./tree-sitter/lib/src   -I/rds/bear-apps/2024a/EL8-ice/software/FriBidi/1.0.15-GCCcore-13.3.0/include -I/rds/bear-apps/2024a/EL8-ice/software/HarfBuzz/9.0.0-GCCcore-13.3.0/include -I/rds/bear-apps/2024a/EL8-ice/software/Tk/8.6.14-GCCcore-13.3.0/include -I/rds/bear-apps/2024a/EL8-ice/software/cURL/8.7.1-GCCcore-13.3.0/include -I/rds/bear-apps/2024a/EL8-ice/software/OpenSSL/3/include -I/rds/bear-apps/2024a/EL8-ice/software/libgit2/1.8.1-GCCcore-13.3.0/include -I/rds/bear-apps/2024a/EL8-ice/software/Java/17.0.15/include -I/rds/bear-apps/2024a/EL8-ice/software/LibTIFF/4.6.0-GCCcore-13.3.0/include -I/rds/bear-apps/2024a/EL8-ice/software/libjpeg-turbo/3.0.1-GCCcore-13.3.0/include -I/rds/bear-apps/2024a/EL8-ice/software/libpng/1.6.43-GCCcore-13.3.0/include -I/rds/bear-apps/2024a/EL8-ice/software/PCRE2/10.43-GCCcore-13.3.0/include -I/rds/bear-apps/2024a/EL8-ice/software/SQLite/3.45.3-GCCcore-13.3.0/include -I/rds/bear-apps/2024a/EL8-ice/software/zlib/1.3.1-GCCcore-13.3.0/include -I/rds/bear-apps/2024a/EL8-ice/software/XZ/5.4.5-GCCcore-13.3.0/include -I/rds/bear-apps/2024a/EL8-ice/software/bzip2/1.0.8-GCCcore-13.3.0/include -I/rds/bear-apps/2024a/EL8-ice/software/ncurses/6.5-GCCcore-13.3.0/include -I/rds/bear-apps/2024a/EL8-ice/software/libreadline/8.2-GCCcore-13.3.0/include -I/rds/bear-apps/2024a/EL8-ice/software/cairo/1.18.0-GCCcore-13.3.0/include -I/rds/bear-apps/2024a/EL8-ice/software/libGLU/9.0.3-GCCcore-13.3.0/include -I/rds/bear-apps/2024a/EL8-ice/software/Mesa/24.1.3-GCCcore-13.3.0/include -I/rds/bear-apps/2024a/EL8-ice/software/X11/20240607-GCCcore-13.3.0/include -I/rds/bear-apps/2024a/EL8-ice/software/pkgconf/2.2.0-GCCcore-13.3.0/include -I/rds/bear-apps/2024a/EL8-ice/software/FFTW/3.3.10-GCC-13.3.0/include -I/rds/bear-apps/2024a/EL8-ice/software/FlexiBLAS/3.4.4-GCC-13.3.0/include -I/rds/bear-apps/2024a/EL8-ice/software/FlexiBLAS/3.4.4-GCC-13.3.0/include/flexiblas    -fpic  -O2 -ftree-vectorize -march=native -fno-math-errno  -c glue.c -o glue.o
gcc -std=gnu2x -I"/rds/bear-apps/2024a/EL8-ice/software/R/4.5.0-gfbf-2024a/lib64/R/include" -DNDEBUG -I./tree-sitter/lib/include -I./tree-sitter/lib/src   -I/rds/bear-apps/2024a/EL8-ice/software/FriBidi/1.0.15-GCCcore-13.3.0/include -I/rds/bear-apps/2024a/EL8-ice/software/HarfBuzz/9.0.0-GCCcore-13.3.0/include -I/rds/bear-apps/2024a/EL8-ice/software/Tk/8.6.14-GCCcore-13.3.0/include -I/rds/bear-apps/2024a/EL8-ice/software/cURL/8.7.1-GCCcore-13.3.0/include -I/rds/bear-apps/2024a/EL8-ice/software/OpenSSL/3/include -I/rds/bear-apps/2024a/EL8-ice/software/libgit2/1.8.1-GCCcore-13.3.0/include -I/rds/bear-apps/2024a/EL8-ice/software/Java/17.0.15/include -I/rds/bear-apps/2024a/EL8-ice/software/LibTIFF/4.6.0-GCCcore-13.3.0/include -I/rds/bear-apps/2024a/EL8-ice/software/libjpeg-turbo/3.0.1-GCCcore-13.3.0/include -I/rds/bear-apps/2024a/EL8-ice/software/libpng/1.6.43-GCCcore-13.3.0/include -I/rds/bear-apps/2024a/EL8-ice/software/PCRE2/10.43-GCCcore-13.3.0/include -I/rds/bear-apps/2024a/EL8-ice/software/SQLite/3.45.3-GCCcore-13.3.0/include -I/rds/bear-apps/2024a/EL8-ice/software/zlib/1.3.1-GCCcore-13.3.0/include -I/rds/bear-apps/2024a/EL8-ice/software/XZ/5.4.5-GCCcore-13.3.0/include -I/rds/bear-apps/2024a/EL8-ice/software/bzip2/1.0.8-GCCcore-13.3.0/include -I/rds/bear-apps/2024a/EL8-ice/software/ncurses/6.5-GCCcore-13.3.0/include -I/rds/bear-apps/2024a/EL8-ice/software/libreadline/8.2-GCCcore-13.3.0/include -I/rds/bear-apps/2024a/EL8-ice/software/cairo/1.18.0-GCCcore-13.3.0/include -I/rds/bear-apps/2024a/EL8-ice/software/libGLU/9.0.3-GCCcore-13.3.0/include -I/rds/bear-apps/2024a/EL8-ice/software/Mesa/24.1.3-GCCcore-13.3.0/include -I/rds/bear-apps/2024a/EL8-ice/software/X11/20240607-GCCcore-13.3.0/include -I/rds/bear-apps/2024a/EL8-ice/software/pkgconf/2.2.0-GCCcore-13.3.0/include -I/rds/bear-apps/2024a/EL8-ice/software/FFTW/3.3.10-GCC-13.3.0/include -I/rds/bear-apps/2024a/EL8-ice/software/FlexiBLAS/3.4.4-GCC-13.3.0/include -I/rds/bear-apps/2024a/EL8-ice/software/FlexiBLAS/3.4.4-GCC-13.3.0/include/flexiblas    -fpic  -O2 -ftree-vectorize -march=native -fno-math-errno  -c tree-sitter/lib/src/lib.c -o tree-sitter/lib/src/lib.o
ar rs tree-sitter.a tree-sitter/lib/src/lib.o
ar: creating tree-sitter.a
gcc -std=gnu2x -shared -L/rds/bear-apps/2024a/EL8-ice/software/R/4.5.0-gfbf-2024a/lib64/R/lib -L/rds/bear-apps/2024a/EL8-ice/software/FriBidi/1.0.15-GCCcore-13.3.0/lib64 -L/rds/bear-apps/2024a/EL8-ice/software/FriBidi/1.0.15-GCCcore-13.3.0/lib -L/rds/bear-apps/2024a/EL8-ice/software/HarfBuzz/9.0.0-GCCcore-13.3.0/lib64 -L/rds/bear-apps/2024a/EL8-ice/software/HarfBuzz/9.0.0-GCCcore-13.3.0/lib -L/rds/bear-apps/2024a/EL8-ice/software/Tk/8.6.14-GCCcore-13.3.0/lib64 -L/rds/bear-apps/2024a/EL8-ice/software/Tk/8.6.14-GCCcore-13.3.0/lib -L/rds/bear-apps/2024a/EL8-ice/software/cURL/8.7.1-GCCcore-13.3.0/lib64 -L/rds/bear-apps/2024a/EL8-ice/software/cURL/8.7.1-GCCcore-13.3.0/lib -L/rds/bear-apps/2024a/EL8-ice/software/OpenSSL/3/lib64 -L/rds/bear-apps/2024a/EL8-ice/software/OpenSSL/3/lib -L/rds/bear-apps/2024a/EL8-ice/software/libgit2/1.8.1-GCCcore-13.3.0/lib64 -L/rds/bear-apps/2024a/EL8-ice/software/libgit2/1.8.1-GCCcore-13.3.0/lib -L/rds/bear-apps/2024a/EL8-ice/software/Java/17.0.15/lib64 -L/rds/bear-apps/2024a/EL8-ice/software/Java/17.0.15/lib -L/rds/bear-apps/2024a/EL8-ice/software/LibTIFF/4.6.0-GCCcore-13.3.0/lib64 -L/rds/bear-apps/2024a/EL8-ice/software/LibTIFF/4.6.0-GCCcore-13.3.0/lib -L/rds/bear-apps/2024a/EL8-ice/software/libjpeg-turbo/3.0.1-GCCcore-13.3.0/lib64 -L/rds/bear-apps/2024a/EL8-ice/software/libjpeg-turbo/3.0.1-GCCcore-13.3.0/lib -L/rds/bear-apps/2024a/EL8-ice/software/libpng/1.6.43-GCCcore-13.3.0/lib64 -L/rds/bear-apps/2024a/EL8-ice/software/libpng/1.6.43-GCCcore-13.3.0/lib -L/rds/bear-apps/2024a/EL8-ice/software/PCRE2/10.43-GCCcore-13.3.0/lib64 -L/rds/bear-apps/2024a/EL8-ice/software/PCRE2/10.43-GCCcore-13.3.0/lib -L/rds/bear-apps/2024a/EL8-ice/software/SQLite/3.45.3-GCCcore-13.3.0/lib64 -L/rds/bear-apps/2024a/EL8-ice/software/SQLite/3.45.3-GCCcore-13.3.0/lib -L/rds/bear-apps/2024a/EL8-ice/software/zlib/1.3.1-GCCcore-13.3.0/lib64 -L/rds/bear-apps/2024a/EL8-ice/software/zlib/1.3.1-GCCcore-13.3.0/lib -L/rds/bear-apps/2024a/EL8-ice/software/XZ/5.4.5-GCCcore-13.3.0/lib64 -L/rds/bear-apps/2024a/EL8-ice/software/XZ/5.4.5-GCCcore-13.3.0/lib -L/rds/bear-apps/2024a/EL8-ice/software/bzip2/1.0.8-GCCcore-13.3.0/lib64 -L/rds/bear-apps/2024a/EL8-ice/software/bzip2/1.0.8-GCCcore-13.3.0/lib -L/rds/bear-apps/2024a/EL8-ice/software/ncurses/6.5-GCCcore-13.3.0/lib64 -L/rds/bear-apps/2024a/EL8-ice/software/ncurses/6.5-GCCcore-13.3.0/lib -L/rds/bear-apps/2024a/EL8-ice/software/libreadline/8.2-GCCcore-13.3.0/lib64 -L/rds/bear-apps/2024a/EL8-ice/software/libreadline/8.2-GCCcore-13.3.0/lib -L/rds/bear-apps/2024a/EL8-ice/software/cairo/1.18.0-GCCcore-13.3.0/lib64 -L/rds/bear-apps/2024a/EL8-ice/software/cairo/1.18.0-GCCcore-13.3.0/lib -L/rds/bear-apps/2024a/EL8-ice/software/libGLU/9.0.3-GCCcore-13.3.0/lib64 -L/rds/bear-apps/2024a/EL8-ice/software/libGLU/9.0.3-GCCcore-13.3.0/lib -L/rds/bear-apps/2024a/EL8-ice/software/Mesa/24.1.3-GCCcore-13.3.0/lib64 -L/rds/bear-apps/2024a/EL8-ice/software/Mesa/24.1.3-GCCcore-13.3.0/lib -L/rds/bear-apps/2024a/EL8-ice/software/X11/20240607-GCCcore-13.3.0/lib64 -L/rds/bear-apps/2024a/EL8-ice/software/X11/20240607-GCCcore-13.3.0/lib -L/rds/bear-apps/2024a/EL8-ice/software/pkgconf/2.2.0-GCCcore-13.3.0/lib64 -L/rds/bear-apps/2024a/EL8-ice/software/pkgconf/2.2.0-GCCcore-13.3.0/lib -L/rds/bear-apps/2024a/EL8-ice/software/FFTW/3.3.10-GCC-13.3.0/lib64 -L/rds/bear-apps/2024a/EL8-ice/software/FFTW/3.3.10-GCC-13.3.0/lib -L/rds/bear-apps/2024a/EL8-ice/software/FlexiBLAS/3.4.4-GCC-13.3.0/lib64 -L/rds/bear-apps/2024a/EL8-ice/software/FlexiBLAS/3.4.4-GCC-13.3.0/lib -L/rds/bear-apps/2024a/EL8-ice/software/GCCcore/13.3.0/lib64 -L/rds/bear-apps/2024a/EL8-ice/software/GCCcore/13.3.0/lib -o tsitter.so init.o tree-sitter.o cleancall.o glue.o -L. tree-sitter.a -L/rds/bear-apps/2024a/EL8-ice/software/R/4.5.0-gfbf-2024a/lib64/R/lib -lR
make[1]: Leaving directory '/tmp/RtmpPnYWwF/R.INSTALLc12a8e00dd85/pak/src/library/tsitter/src'
installing to /rds/homes/a/axv209/R/library/4.5.0/EL8-ice/00LOCK-pak/00new/pak/library/tsitter/libs

Compiling zip 
using C compiler: ‘gcc (GCC) 13.3.0’
make[1]: Entering directory '/tmp/RtmpPnYWwF/R.INSTALLc12a8e00dd85/pak/src/library/zip/src'
gcc -std=gnu2x -O2 -ftree-vectorize -march=native -fno-math-errno  -Imbedtls/include -Imbedtls/library -DMBEDTLS_CONFIG_FILE='"zip_mbedtls_config.h"' miniz.c zip.c crypto.c unixutils.c mbedtls/library/aes.c mbedtls/library/sha1.c mbedtls/library/md.c mbedtls/library/pkcs5.c mbedtls/library/platform.c mbedtls/library/platform_util.c tools/cmdzip.c -o tools/cmdzip
gcc -std=gnu2x -O2 -ftree-vectorize -march=native -fno-math-errno  -Imbedtls/include -Imbedtls/library -DMBEDTLS_CONFIG_FILE='"zip_mbedtls_config.h"' miniz.c zip.c crypto.c unixutils.c mbedtls/library/aes.c mbedtls/library/sha1.c mbedtls/library/md.c mbedtls/library/pkcs5.c mbedtls/library/platform.c mbedtls/library/platform_util.c tools/cmdunzip.c -o tools/cmdunzip
gcc -std=gnu2x -I"/rds/bear-apps/2024a/EL8-ice/software/R/4.5.0-gfbf-2024a/lib64/R/include" -DNDEBUG -Imbedtls/include -Imbedtls/library -DMBEDTLS_CONFIG_FILE='"zip_mbedtls_config.h"' -I'/rds/homes/a/axv209/R/library/4.5.0/EL8-ice/00LOCK-pak/00new/pak/library/cli/include' -I/rds/bear-apps/2024a/EL8-ice/software/FriBidi/1.0.15-GCCcore-13.3.0/include -I/rds/bear-apps/2024a/EL8-ice/software/HarfBuzz/9.0.0-GCCcore-13.3.0/include -I/rds/bear-apps/2024a/EL8-ice/software/Tk/8.6.14-GCCcore-13.3.0/include -I/rds/bear-apps/2024a/EL8-ice/software/cURL/8.7.1-GCCcore-13.3.0/include -I/rds/bear-apps/2024a/EL8-ice/software/OpenSSL/3/include -I/rds/bear-apps/2024a/EL8-ice/software/libgit2/1.8.1-GCCcore-13.3.0/include -I/rds/bear-apps/2024a/EL8-ice/software/Java/17.0.15/include -I/rds/bear-apps/2024a/EL8-ice/software/LibTIFF/4.6.0-GCCcore-13.3.0/include -I/rds/bear-apps/2024a/EL8-ice/software/libjpeg-turbo/3.0.1-GCCcore-13.3.0/include -I/rds/bear-apps/2024a/EL8-ice/software/libpng/1.6.43-GCCcore-13.3.0/include -I/rds/bear-apps/2024a/EL8-ice/software/PCRE2/10.43-GCCcore-13.3.0/include -I/rds/bear-apps/2024a/EL8-ice/software/SQLite/3.45.3-GCCcore-13.3.0/include -I/rds/bear-apps/2024a/EL8-ice/software/zlib/1.3.1-GCCcore-13.3.0/include -I/rds/bear-apps/2024a/EL8-ice/software/XZ/5.4.5-GCCcore-13.3.0/include -I/rds/bear-apps/2024a/EL8-ice/software/bzip2/1.0.8-GCCcore-13.3.0/include -I/rds/bear-apps/2024a/EL8-ice/software/ncurses/6.5-GCCcore-13.3.0/include -I/rds/bear-apps/2024a/EL8-ice/software/libreadline/8.2-GCCcore-13.3.0/include -I/rds/bear-apps/2024a/EL8-ice/software/cairo/1.18.0-GCCcore-13.3.0/include -I/rds/bear-apps/2024a/EL8-ice/software/libGLU/9.0.3-GCCcore-13.3.0/include -I/rds/bear-apps/2024a/EL8-ice/software/Mesa/24.1.3-GCCcore-13.3.0/include -I/rds/bear-apps/2024a/EL8-ice/software/X11/20240607-GCCcore-13.3.0/include -I/rds/bear-apps/2024a/EL8-ice/software/pkgconf/2.2.0-GCCcore-13.3.0/include -I/rds/bear-apps/2024a/EL8-ice/software/FFTW/3.3.10-GCC-13.3.0/include -I/rds/bear-apps/2024a/EL8-ice/software/FlexiBLAS/3.4.4-GCC-13.3.0/include -I/rds/bear-apps/2024a/EL8-ice/software/FlexiBLAS/3.4.4-GCC-13.3.0/include/flexiblas   -fvisibility=hidden -fpic  -O2 -ftree-vectorize -march=native -fno-math-errno  -c init.c -o init.o
gcc -std=gnu2x -I"/rds/bear-apps/2024a/EL8-ice/software/R/4.5.0-gfbf-2024a/lib64/R/include" -DNDEBUG -Imbedtls/include -Imbedtls/library -DMBEDTLS_CONFIG_FILE='"zip_mbedtls_config.h"' -I'/rds/homes/a/axv209/R/library/4.5.0/EL8-ice/00LOCK-pak/00new/pak/library/cli/include' -I/rds/bear-apps/2024a/EL8-ice/software/FriBidi/1.0.15-GCCcore-13.3.0/include -I/rds/bear-apps/2024a/EL8-ice/software/HarfBuzz/9.0.0-GCCcore-13.3.0/include -I/rds/bear-apps/2024a/EL8-ice/software/Tk/8.6.14-GCCcore-13.3.0/include -I/rds/bear-apps/2024a/EL8-ice/software/cURL/8.7.1-GCCcore-13.3.0/include -I/rds/bear-apps/2024a/EL8-ice/software/OpenSSL/3/include -I/rds/bear-apps/2024a/EL8-ice/software/libgit2/1.8.1-GCCcore-13.3.0/include -I/rds/bear-apps/2024a/EL8-ice/software/Java/17.0.15/include -I/rds/bear-apps/2024a/EL8-ice/software/LibTIFF/4.6.0-GCCcore-13.3.0/include -I/rds/bear-apps/2024a/EL8-ice/software/libjpeg-turbo/3.0.1-GCCcore-13.3.0/include -I/rds/bear-apps/2024a/EL8-ice/software/libpng/1.6.43-GCCcore-13.3.0/include -I/rds/bear-apps/2024a/EL8-ice/software/PCRE2/10.43-GCCcore-13.3.0/include -I/rds/bear-apps/2024a/EL8-ice/software/SQLite/3.45.3-GCCcore-13.3.0/include -I/rds/bear-apps/2024a/EL8-ice/software/zlib/1.3.1-GCCcore-13.3.0/include -I/rds/bear-apps/2024a/EL8-ice/software/XZ/5.4.5-GCCcore-13.3.0/include -I/rds/bear-apps/2024a/EL8-ice/software/bzip2/1.0.8-GCCcore-13.3.0/include -I/rds/bear-apps/2024a/EL8-ice/software/ncurses/6.5-GCCcore-13.3.0/include -I/rds/bear-apps/2024a/EL8-ice/software/libreadline/8.2-GCCcore-13.3.0/include -I/rds/bear-apps/2024a/EL8-ice/software/cairo/1.18.0-GCCcore-13.3.0/include -I/rds/bear-apps/2024a/EL8-ice/software/libGLU/9.0.3-GCCcore-13.3.0/include -I/rds/bear-apps/2024a/EL8-ice/software/Mesa/24.1.3-GCCcore-13.3.0/include -I/rds/bear-apps/2024a/EL8-ice/software/X11/20240607-GCCcore-13.3.0/include -I/rds/bear-apps/2024a/EL8-ice/software/pkgconf/2.2.0-GCCcore-13.3.0/include -I/rds/bear-apps/2024a/EL8-ice/software/FFTW/3.3.10-GCC-13.3.0/include -I/rds/bear-apps/2024a/EL8-ice/software/FlexiBLAS/3.4.4-GCC-13.3.0/include -I/rds/bear-apps/2024a/EL8-ice/software/FlexiBLAS/3.4.4-GCC-13.3.0/include/flexiblas   -fvisibility=hidden -fpic  -O2 -ftree-vectorize -march=native -fno-math-errno  -c miniz.c -o miniz.o
gcc -std=gnu2x -I"/rds/bear-apps/2024a/EL8-ice/software/R/4.5.0-gfbf-2024a/lib64/R/include" -DNDEBUG -Imbedtls/include -Imbedtls/library -DMBEDTLS_CONFIG_FILE='"zip_mbedtls_config.h"' -I'/rds/homes/a/axv209/R/library/4.5.0/EL8-ice/00LOCK-pak/00new/pak/library/cli/include' -I/rds/bear-apps/2024a/EL8-ice/software/FriBidi/1.0.15-GCCcore-13.3.0/include -I/rds/bear-apps/2024a/EL8-ice/software/HarfBuzz/9.0.0-GCCcore-13.3.0/include -I/rds/bear-apps/2024a/EL8-ice/software/Tk/8.6.14-GCCcore-13.3.0/include -I/rds/bear-apps/2024a/EL8-ice/software/cURL/8.7.1-GCCcore-13.3.0/include -I/rds/bear-apps/2024a/EL8-ice/software/OpenSSL/3/include -I/rds/bear-apps/2024a/EL8-ice/software/libgit2/1.8.1-GCCcore-13.3.0/include -I/rds/bear-apps/2024a/EL8-ice/software/Java/17.0.15/include -I/rds/bear-apps/2024a/EL8-ice/software/LibTIFF/4.6.0-GCCcore-13.3.0/include -I/rds/bear-apps/2024a/EL8-ice/software/libjpeg-turbo/3.0.1-GCCcore-13.3.0/include -I/rds/bear-apps/2024a/EL8-ice/software/libpng/1.6.43-GCCcore-13.3.0/include -I/rds/bear-apps/2024a/EL8-ice/software/PCRE2/10.43-GCCcore-13.3.0/include -I/rds/bear-apps/2024a/EL8-ice/software/SQLite/3.45.3-GCCcore-13.3.0/include -I/rds/bear-apps/2024a/EL8-ice/software/zlib/1.3.1-GCCcore-13.3.0/include -I/rds/bear-apps/2024a/EL8-ice/software/XZ/5.4.5-GCCcore-13.3.0/include -I/rds/bear-apps/2024a/EL8-ice/software/bzip2/1.0.8-GCCcore-13.3.0/include -I/rds/bear-apps/2024a/EL8-ice/software/ncurses/6.5-GCCcore-13.3.0/include -I/rds/bear-apps/2024a/EL8-ice/software/libreadline/8.2-GCCcore-13.3.0/include -I/rds/bear-apps/2024a/EL8-ice/software/cairo/1.18.0-GCCcore-13.3.0/include -I/rds/bear-apps/2024a/EL8-ice/software/libGLU/9.0.3-GCCcore-13.3.0/include -I/rds/bear-apps/2024a/EL8-ice/software/Mesa/24.1.3-GCCcore-13.3.0/include -I/rds/bear-apps/2024a/EL8-ice/software/X11/20240607-GCCcore-13.3.0/include -I/rds/bear-apps/2024a/EL8-ice/software/pkgconf/2.2.0-GCCcore-13.3.0/include -I/rds/bear-apps/2024a/EL8-ice/software/FFTW/3.3.10-GCC-13.3.0/include -I/rds/bear-apps/2024a/EL8-ice/software/FlexiBLAS/3.4.4-GCC-13.3.0/include -I/rds/bear-apps/2024a/EL8-ice/software/FlexiBLAS/3.4.4-GCC-13.3.0/include/flexiblas   -fvisibility=hidden -fpic  -O2 -ftree-vectorize -march=native -fno-math-errno  -c rzip.c -o rzip.o
gcc -std=gnu2x -I"/rds/bear-apps/2024a/EL8-ice/software/R/4.5.0-gfbf-2024a/lib64/R/include" -DNDEBUG -Imbedtls/include -Imbedtls/library -DMBEDTLS_CONFIG_FILE='"zip_mbedtls_config.h"' -I'/rds/homes/a/axv209/R/library/4.5.0/EL8-ice/00LOCK-pak/00new/pak/library/cli/include' -I/rds/bear-apps/2024a/EL8-ice/software/FriBidi/1.0.15-GCCcore-13.3.0/include -I/rds/bear-apps/2024a/EL8-ice/software/HarfBuzz/9.0.0-GCCcore-13.3.0/include -I/rds/bear-apps/2024a/EL8-ice/software/Tk/8.6.14-GCCcore-13.3.0/include -I/rds/bear-apps/2024a/EL8-ice/software/cURL/8.7.1-GCCcore-13.3.0/include -I/rds/bear-apps/2024a/EL8-ice/software/OpenSSL/3/include -I/rds/bear-apps/2024a/EL8-ice/software/libgit2/1.8.1-GCCcore-13.3.0/include -I/rds/bear-apps/2024a/EL8-ice/software/Java/17.0.15/include -I/rds/bear-apps/2024a/EL8-ice/software/LibTIFF/4.6.0-GCCcore-13.3.0/include -I/rds/bear-apps/2024a/EL8-ice/software/libjpeg-turbo/3.0.1-GCCcore-13.3.0/include -I/rds/bear-apps/2024a/EL8-ice/software/libpng/1.6.43-GCCcore-13.3.0/include -I/rds/bear-apps/2024a/EL8-ice/software/PCRE2/10.43-GCCcore-13.3.0/include -I/rds/bear-apps/2024a/EL8-ice/software/SQLite/3.45.3-GCCcore-13.3.0/include -I/rds/bear-apps/2024a/EL8-ice/software/zlib/1.3.1-GCCcore-13.3.0/include -I/rds/bear-apps/2024a/EL8-ice/software/XZ/5.4.5-GCCcore-13.3.0/include -I/rds/bear-apps/2024a/EL8-ice/software/bzip2/1.0.8-GCCcore-13.3.0/include -I/rds/bear-apps/2024a/EL8-ice/software/ncurses/6.5-GCCcore-13.3.0/include -I/rds/bear-apps/2024a/EL8-ice/software/libreadline/8.2-GCCcore-13.3.0/include -I/rds/bear-apps/2024a/EL8-ice/software/cairo/1.18.0-GCCcore-13.3.0/include -I/rds/bear-apps/2024a/EL8-ice/software/libGLU/9.0.3-GCCcore-13.3.0/include -I/rds/bear-apps/2024a/EL8-ice/software/Mesa/24.1.3-GCCcore-13.3.0/include -I/rds/bear-apps/2024a/EL8-ice/software/X11/20240607-GCCcore-13.3.0/include -I/rds/bear-apps/2024a/EL8-ice/software/pkgconf/2.2.0-GCCcore-13.3.0/include -I/rds/bear-apps/2024a/EL8-ice/software/FFTW/3.3.10-GCC-13.3.0/include -I/rds/bear-apps/2024a/EL8-ice/software/FlexiBLAS/3.4.4-GCC-13.3.0/include -I/rds/bear-apps/2024a/EL8-ice/software/FlexiBLAS/3.4.4-GCC-13.3.0/include/flexiblas   -fvisibility=hidden -fpic  -O2 -ftree-vectorize -march=native -fno-math-errno  -c zip.c -o zip.o
gcc -std=gnu2x -I"/rds/bear-apps/2024a/EL8-ice/software/R/4.5.0-gfbf-2024a/lib64/R/include" -DNDEBUG -Imbedtls/include -Imbedtls/library -DMBEDTLS_CONFIG_FILE='"zip_mbedtls_config.h"' -I'/rds/homes/a/axv209/R/library/4.5.0/EL8-ice/00LOCK-pak/00new/pak/library/cli/include' -I/rds/bear-apps/2024a/EL8-ice/software/FriBidi/1.0.15-GCCcore-13.3.0/include -I/rds/bear-apps/2024a/EL8-ice/software/HarfBuzz/9.0.0-GCCcore-13.3.0/include -I/rds/bear-apps/2024a/EL8-ice/software/Tk/8.6.14-GCCcore-13.3.0/include -I/rds/bear-apps/2024a/EL8-ice/software/cURL/8.7.1-GCCcore-13.3.0/include -I/rds/bear-apps/2024a/EL8-ice/software/OpenSSL/3/include -I/rds/bear-apps/2024a/EL8-ice/software/libgit2/1.8.1-GCCcore-13.3.0/include -I/rds/bear-apps/2024a/EL8-ice/software/Java/17.0.15/include -I/rds/bear-apps/2024a/EL8-ice/software/LibTIFF/4.6.0-GCCcore-13.3.0/include -I/rds/bear-apps/2024a/EL8-ice/software/libjpeg-turbo/3.0.1-GCCcore-13.3.0/include -I/rds/bear-apps/2024a/EL8-ice/software/libpng/1.6.43-GCCcore-13.3.0/include -I/rds/bear-apps/2024a/EL8-ice/software/PCRE2/10.43-GCCcore-13.3.0/include -I/rds/bear-apps/2024a/EL8-ice/software/SQLite/3.45.3-GCCcore-13.3.0/include -I/rds/bear-apps/2024a/EL8-ice/software/zlib/1.3.1-GCCcore-13.3.0/include -I/rds/bear-apps/2024a/EL8-ice/software/XZ/5.4.5-GCCcore-13.3.0/include -I/rds/bear-apps/2024a/EL8-ice/software/bzip2/1.0.8-GCCcore-13.3.0/include -I/rds/bear-apps/2024a/EL8-ice/software/ncurses/6.5-GCCcore-13.3.0/include -I/rds/bear-apps/2024a/EL8-ice/software/libreadline/8.2-GCCcore-13.3.0/include -I/rds/bear-apps/2024a/EL8-ice/software/cairo/1.18.0-GCCcore-13.3.0/include -I/rds/bear-apps/2024a/EL8-ice/software/libGLU/9.0.3-GCCcore-13.3.0/include -I/rds/bear-apps/2024a/EL8-ice/software/Mesa/24.1.3-GCCcore-13.3.0/include -I/rds/bear-apps/2024a/EL8-ice/software/X11/20240607-GCCcore-13.3.0/include -I/rds/bear-apps/2024a/EL8-ice/software/pkgconf/2.2.0-GCCcore-13.3.0/include -I/rds/bear-apps/2024a/EL8-ice/software/FFTW/3.3.10-GCC-13.3.0/include -I/rds/bear-apps/2024a/EL8-ice/software/FlexiBLAS/3.4.4-GCC-13.3.0/include -I/rds/bear-apps/2024a/EL8-ice/software/FlexiBLAS/3.4.4-GCC-13.3.0/include/flexiblas   -fvisibility=hidden -fpic  -O2 -ftree-vectorize -march=native -fno-math-errno  -c crypto.c -o crypto.o
gcc -std=gnu2x -I"/rds/bear-apps/2024a/EL8-ice/software/R/4.5.0-gfbf-2024a/lib64/R/include" -DNDEBUG -Imbedtls/include -Imbedtls/library -DMBEDTLS_CONFIG_FILE='"zip_mbedtls_config.h"' -I'/rds/homes/a/axv209/R/library/4.5.0/EL8-ice/00LOCK-pak/00new/pak/library/cli/include' -I/rds/bear-apps/2024a/EL8-ice/software/FriBidi/1.0.15-GCCcore-13.3.0/include -I/rds/bear-apps/2024a/EL8-ice/software/HarfBuzz/9.0.0-GCCcore-13.3.0/include -I/rds/bear-apps/2024a/EL8-ice/software/Tk/8.6.14-GCCcore-13.3.0/include -I/rds/bear-apps/2024a/EL8-ice/software/cURL/8.7.1-GCCcore-13.3.0/include -I/rds/bear-apps/2024a/EL8-ice/software/OpenSSL/3/include -I/rds/bear-apps/2024a/EL8-ice/software/libgit2/1.8.1-GCCcore-13.3.0/include -I/rds/bear-apps/2024a/EL8-ice/software/Java/17.0.15/include -I/rds/bear-apps/2024a/EL8-ice/software/LibTIFF/4.6.0-GCCcore-13.3.0/include -I/rds/bear-apps/2024a/EL8-ice/software/libjpeg-turbo/3.0.1-GCCcore-13.3.0/include -I/rds/bear-apps/2024a/EL8-ice/software/libpng/1.6.43-GCCcore-13.3.0/include -I/rds/bear-apps/2024a/EL8-ice/software/PCRE2/10.43-GCCcore-13.3.0/include -I/rds/bear-apps/2024a/EL8-ice/software/SQLite/3.45.3-GCCcore-13.3.0/include -I/rds/bear-apps/2024a/EL8-ice/software/zlib/1.3.1-GCCcore-13.3.0/include -I/rds/bear-apps/2024a/EL8-ice/software/XZ/5.4.5-GCCcore-13.3.0/include -I/rds/bear-apps/2024a/EL8-ice/software/bzip2/1.0.8-GCCcore-13.3.0/include -I/rds/bear-apps/2024a/EL8-ice/software/ncurses/6.5-GCCcore-13.3.0/include -I/rds/bear-apps/2024a/EL8-ice/software/libreadline/8.2-GCCcore-13.3.0/include -I/rds/bear-apps/2024a/EL8-ice/software/cairo/1.18.0-GCCcore-13.3.0/include -I/rds/bear-apps/2024a/EL8-ice/software/libGLU/9.0.3-GCCcore-13.3.0/include -I/rds/bear-apps/2024a/EL8-ice/software/Mesa/24.1.3-GCCcore-13.3.0/include -I/rds/bear-apps/2024a/EL8-ice/software/X11/20240607-GCCcore-13.3.0/include -I/rds/bear-apps/2024a/EL8-ice/software/pkgconf/2.2.0-GCCcore-13.3.0/include -I/rds/bear-apps/2024a/EL8-ice/software/FFTW/3.3.10-GCC-13.3.0/include -I/rds/bear-apps/2024a/EL8-ice/software/FlexiBLAS/3.4.4-GCC-13.3.0/include -I/rds/bear-apps/2024a/EL8-ice/software/FlexiBLAS/3.4.4-GCC-13.3.0/include/flexiblas   -fvisibility=hidden -fpic  -O2 -ftree-vectorize -march=native -fno-math-errno  -c unixutils.c -o unixutils.o
gcc -std=gnu2x -I"/rds/bear-apps/2024a/EL8-ice/software/R/4.5.0-gfbf-2024a/lib64/R/include" -DNDEBUG -Imbedtls/include -Imbedtls/library -DMBEDTLS_CONFIG_FILE='"zip_mbedtls_config.h"' -I'/rds/homes/a/axv209/R/library/4.5.0/EL8-ice/00LOCK-pak/00new/pak/library/cli/include' -I/rds/bear-apps/2024a/EL8-ice/software/FriBidi/1.0.15-GCCcore-13.3.0/include -I/rds/bear-apps/2024a/EL8-ice/software/HarfBuzz/9.0.0-GCCcore-13.3.0/include -I/rds/bear-apps/2024a/EL8-ice/software/Tk/8.6.14-GCCcore-13.3.0/include -I/rds/bear-apps/2024a/EL8-ice/software/cURL/8.7.1-GCCcore-13.3.0/include -I/rds/bear-apps/2024a/EL8-ice/software/OpenSSL/3/include -I/rds/bear-apps/2024a/EL8-ice/software/libgit2/1.8.1-GCCcore-13.3.0/include -I/rds/bear-apps/2024a/EL8-ice/software/Java/17.0.15/include -I/rds/bear-apps/2024a/EL8-ice/software/LibTIFF/4.6.0-GCCcore-13.3.0/include -I/rds/bear-apps/2024a/EL8-ice/software/libjpeg-turbo/3.0.1-GCCcore-13.3.0/include -I/rds/bear-apps/2024a/EL8-ice/software/libpng/1.6.43-GCCcore-13.3.0/include -I/rds/bear-apps/2024a/EL8-ice/software/PCRE2/10.43-GCCcore-13.3.0/include -I/rds/bear-apps/2024a/EL8-ice/software/SQLite/3.45.3-GCCcore-13.3.0/include -I/rds/bear-apps/2024a/EL8-ice/software/zlib/1.3.1-GCCcore-13.3.0/include -I/rds/bear-apps/2024a/EL8-ice/software/XZ/5.4.5-GCCcore-13.3.0/include -I/rds/bear-apps/2024a/EL8-ice/software/bzip2/1.0.8-GCCcore-13.3.0/include -I/rds/bear-apps/2024a/EL8-ice/software/ncurses/6.5-GCCcore-13.3.0/include -I/rds/bear-apps/2024a/EL8-ice/software/libreadline/8.2-GCCcore-13.3.0/include -I/rds/bear-apps/2024a/EL8-ice/software/cairo/1.18.0-GCCcore-13.3.0/include -I/rds/bear-apps/2024a/EL8-ice/software/libGLU/9.0.3-GCCcore-13.3.0/include -I/rds/bear-apps/2024a/EL8-ice/software/Mesa/24.1.3-GCCcore-13.3.0/include -I/rds/bear-apps/2024a/EL8-ice/software/X11/20240607-GCCcore-13.3.0/include -I/rds/bear-apps/2024a/EL8-ice/software/pkgconf/2.2.0-GCCcore-13.3.0/include -I/rds/bear-apps/2024a/EL8-ice/software/FFTW/3.3.10-GCC-13.3.0/include -I/rds/bear-apps/2024a/EL8-ice/software/FlexiBLAS/3.4.4-GCC-13.3.0/include -I/rds/bear-apps/2024a/EL8-ice/software/FlexiBLAS/3.4.4-GCC-13.3.0/include/flexiblas   -fvisibility=hidden -fpic  -O2 -ftree-vectorize -march=native -fno-math-errno  -c errors.c -o errors.o
gcc -std=gnu2x -I"/rds/bear-apps/2024a/EL8-ice/software/R/4.5.0-gfbf-2024a/lib64/R/include" -DNDEBUG -Imbedtls/include -Imbedtls/library -DMBEDTLS_CONFIG_FILE='"zip_mbedtls_config.h"' -I'/rds/homes/a/axv209/R/library/4.5.0/EL8-ice/00LOCK-pak/00new/pak/library/cli/include' -I/rds/bear-apps/2024a/EL8-ice/software/FriBidi/1.0.15-GCCcore-13.3.0/include -I/rds/bear-apps/2024a/EL8-ice/software/HarfBuzz/9.0.0-GCCcore-13.3.0/include -I/rds/bear-apps/2024a/EL8-ice/software/Tk/8.6.14-GCCcore-13.3.0/include -I/rds/bear-apps/2024a/EL8-ice/software/cURL/8.7.1-GCCcore-13.3.0/include -I/rds/bear-apps/2024a/EL8-ice/software/OpenSSL/3/include -I/rds/bear-apps/2024a/EL8-ice/software/libgit2/1.8.1-GCCcore-13.3.0/include -I/rds/bear-apps/2024a/EL8-ice/software/Java/17.0.15/include -I/rds/bear-apps/2024a/EL8-ice/software/LibTIFF/4.6.0-GCCcore-13.3.0/include -I/rds/bear-apps/2024a/EL8-ice/software/libjpeg-turbo/3.0.1-GCCcore-13.3.0/include -I/rds/bear-apps/2024a/EL8-ice/software/libpng/1.6.43-GCCcore-13.3.0/include -I/rds/bear-apps/2024a/EL8-ice/software/PCRE2/10.43-GCCcore-13.3.0/include -I/rds/bear-apps/2024a/EL8-ice/software/SQLite/3.45.3-GCCcore-13.3.0/include -I/rds/bear-apps/2024a/EL8-ice/software/zlib/1.3.1-GCCcore-13.3.0/include -I/rds/bear-apps/2024a/EL8-ice/software/XZ/5.4.5-GCCcore-13.3.0/include -I/rds/bear-apps/2024a/EL8-ice/software/bzip2/1.0.8-GCCcore-13.3.0/include -I/rds/bear-apps/2024a/EL8-ice/software/ncurses/6.5-GCCcore-13.3.0/include -I/rds/bear-apps/2024a/EL8-ice/software/libreadline/8.2-GCCcore-13.3.0/include -I/rds/bear-apps/2024a/EL8-ice/software/cairo/1.18.0-GCCcore-13.3.0/include -I/rds/bear-apps/2024a/EL8-ice/software/libGLU/9.0.3-GCCcore-13.3.0/include -I/rds/bear-apps/2024a/EL8-ice/software/Mesa/24.1.3-GCCcore-13.3.0/include -I/rds/bear-apps/2024a/EL8-ice/software/X11/20240607-GCCcore-13.3.0/include -I/rds/bear-apps/2024a/EL8-ice/software/pkgconf/2.2.0-GCCcore-13.3.0/include -I/rds/bear-apps/2024a/EL8-ice/software/FFTW/3.3.10-GCC-13.3.0/include -I/rds/bear-apps/2024a/EL8-ice/software/FlexiBLAS/3.4.4-GCC-13.3.0/include -I/rds/bear-apps/2024a/EL8-ice/software/FlexiBLAS/3.4.4-GCC-13.3.0/include/flexiblas   -fvisibility=hidden -fpic  -O2 -ftree-vectorize -march=native -fno-math-errno  -c cleancall.c -o cleancall.o
gcc -std=gnu2x -I"/rds/bear-apps/2024a/EL8-ice/software/R/4.5.0-gfbf-2024a/lib64/R/include" -DNDEBUG -Imbedtls/include -Imbedtls/library -DMBEDTLS_CONFIG_FILE='"zip_mbedtls_config.h"' -I'/rds/homes/a/axv209/R/library/4.5.0/EL8-ice/00LOCK-pak/00new/pak/library/cli/include' -I/rds/bear-apps/2024a/EL8-ice/software/FriBidi/1.0.15-GCCcore-13.3.0/include -I/rds/bear-apps/2024a/EL8-ice/software/HarfBuzz/9.0.0-GCCcore-13.3.0/include -I/rds/bear-apps/2024a/EL8-ice/software/Tk/8.6.14-GCCcore-13.3.0/include -I/rds/bear-apps/2024a/EL8-ice/software/cURL/8.7.1-GCCcore-13.3.0/include -I/rds/bear-apps/2024a/EL8-ice/software/OpenSSL/3/include -I/rds/bear-apps/2024a/EL8-ice/software/libgit2/1.8.1-GCCcore-13.3.0/include -I/rds/bear-apps/2024a/EL8-ice/software/Java/17.0.15/include -I/rds/bear-apps/2024a/EL8-ice/software/LibTIFF/4.6.0-GCCcore-13.3.0/include -I/rds/bear-apps/2024a/EL8-ice/software/libjpeg-turbo/3.0.1-GCCcore-13.3.0/include -I/rds/bear-apps/2024a/EL8-ice/software/libpng/1.6.43-GCCcore-13.3.0/include -I/rds/bear-apps/2024a/EL8-ice/software/PCRE2/10.43-GCCcore-13.3.0/include -I/rds/bear-apps/2024a/EL8-ice/software/SQLite/3.45.3-GCCcore-13.3.0/include -I/rds/bear-apps/2024a/EL8-ice/software/zlib/1.3.1-GCCcore-13.3.0/include -I/rds/bear-apps/2024a/EL8-ice/software/XZ/5.4.5-GCCcore-13.3.0/include -I/rds/bear-apps/2024a/EL8-ice/software/bzip2/1.0.8-GCCcore-13.3.0/include -I/rds/bear-apps/2024a/EL8-ice/software/ncurses/6.5-GCCcore-13.3.0/include -I/rds/bear-apps/2024a/EL8-ice/software/libreadline/8.2-GCCcore-13.3.0/include -I/rds/bear-apps/2024a/EL8-ice/software/cairo/1.18.0-GCCcore-13.3.0/include -I/rds/bear-apps/2024a/EL8-ice/software/libGLU/9.0.3-GCCcore-13.3.0/include -I/rds/bear-apps/2024a/EL8-ice/software/Mesa/24.1.3-GCCcore-13.3.0/include -I/rds/bear-apps/2024a/EL8-ice/software/X11/20240607-GCCcore-13.3.0/include -I/rds/bear-apps/2024a/EL8-ice/software/pkgconf/2.2.0-GCCcore-13.3.0/include -I/rds/bear-apps/2024a/EL8-ice/software/FFTW/3.3.10-GCC-13.3.0/include -I/rds/bear-apps/2024a/EL8-ice/software/FlexiBLAS/3.4.4-GCC-13.3.0/include -I/rds/bear-apps/2024a/EL8-ice/software/FlexiBLAS/3.4.4-GCC-13.3.0/include/flexiblas   -fvisibility=hidden -fpic  -O2 -ftree-vectorize -march=native -fno-math-errno  -c cmdunzip_lib.c -o cmdunzip_lib.o
gcc -std=gnu2x -I"/rds/bear-apps/2024a/EL8-ice/software/R/4.5.0-gfbf-2024a/lib64/R/include" -DNDEBUG -Imbedtls/include -Imbedtls/library -DMBEDTLS_CONFIG_FILE='"zip_mbedtls_config.h"' -I'/rds/homes/a/axv209/R/library/4.5.0/EL8-ice/00LOCK-pak/00new/pak/library/cli/include' -I/rds/bear-apps/2024a/EL8-ice/software/FriBidi/1.0.15-GCCcore-13.3.0/include -I/rds/bear-apps/2024a/EL8-ice/software/HarfBuzz/9.0.0-GCCcore-13.3.0/include -I/rds/bear-apps/2024a/EL8-ice/software/Tk/8.6.14-GCCcore-13.3.0/include -I/rds/bear-apps/2024a/EL8-ice/software/cURL/8.7.1-GCCcore-13.3.0/include -I/rds/bear-apps/2024a/EL8-ice/software/OpenSSL/3/include -I/rds/bear-apps/2024a/EL8-ice/software/libgit2/1.8.1-GCCcore-13.3.0/include -I/rds/bear-apps/2024a/EL8-ice/software/Java/17.0.15/include -I/rds/bear-apps/2024a/EL8-ice/software/LibTIFF/4.6.0-GCCcore-13.3.0/include -I/rds/bear-apps/2024a/EL8-ice/software/libjpeg-turbo/3.0.1-GCCcore-13.3.0/include -I/rds/bear-apps/2024a/EL8-ice/software/libpng/1.6.43-GCCcore-13.3.0/include -I/rds/bear-apps/2024a/EL8-ice/software/PCRE2/10.43-GCCcore-13.3.0/include -I/rds/bear-apps/2024a/EL8-ice/software/SQLite/3.45.3-GCCcore-13.3.0/include -I/rds/bear-apps/2024a/EL8-ice/software/zlib/1.3.1-GCCcore-13.3.0/include -I/rds/bear-apps/2024a/EL8-ice/software/XZ/5.4.5-GCCcore-13.3.0/include -I/rds/bear-apps/2024a/EL8-ice/software/bzip2/1.0.8-GCCcore-13.3.0/include -I/rds/bear-apps/2024a/EL8-ice/software/ncurses/6.5-GCCcore-13.3.0/include -I/rds/bear-apps/2024a/EL8-ice/software/libreadline/8.2-GCCcore-13.3.0/include -I/rds/bear-apps/2024a/EL8-ice/software/cairo/1.18.0-GCCcore-13.3.0/include -I/rds/bear-apps/2024a/EL8-ice/software/libGLU/9.0.3-GCCcore-13.3.0/include -I/rds/bear-apps/2024a/EL8-ice/software/Mesa/24.1.3-GCCcore-13.3.0/include -I/rds/bear-apps/2024a/EL8-ice/software/X11/20240607-GCCcore-13.3.0/include -I/rds/bear-apps/2024a/EL8-ice/software/pkgconf/2.2.0-GCCcore-13.3.0/include -I/rds/bear-apps/2024a/EL8-ice/software/FFTW/3.3.10-GCC-13.3.0/include -I/rds/bear-apps/2024a/EL8-ice/software/FlexiBLAS/3.4.4-GCC-13.3.0/include -I/rds/bear-apps/2024a/EL8-ice/software/FlexiBLAS/3.4.4-GCC-13.3.0/include/flexiblas   -fvisibility=hidden -fpic  -O2 -ftree-vectorize -march=native -fno-math-errno  -c mbedtls/library/aes.c -o mbedtls/library/aes.o
gcc -std=gnu2x -I"/rds/bear-apps/2024a/EL8-ice/software/R/4.5.0-gfbf-2024a/lib64/R/include" -DNDEBUG -Imbedtls/include -Imbedtls/library -DMBEDTLS_CONFIG_FILE='"zip_mbedtls_config.h"' -I'/rds/homes/a/axv209/R/library/4.5.0/EL8-ice/00LOCK-pak/00new/pak/library/cli/include' -I/rds/bear-apps/2024a/EL8-ice/software/FriBidi/1.0.15-GCCcore-13.3.0/include -I/rds/bear-apps/2024a/EL8-ice/software/HarfBuzz/9.0.0-GCCcore-13.3.0/include -I/rds/bear-apps/2024a/EL8-ice/software/Tk/8.6.14-GCCcore-13.3.0/include -I/rds/bear-apps/2024a/EL8-ice/software/cURL/8.7.1-GCCcore-13.3.0/include -I/rds/bear-apps/2024a/EL8-ice/software/OpenSSL/3/include -I/rds/bear-apps/2024a/EL8-ice/software/libgit2/1.8.1-GCCcore-13.3.0/include -I/rds/bear-apps/2024a/EL8-ice/software/Java/17.0.15/include -I/rds/bear-apps/2024a/EL8-ice/software/LibTIFF/4.6.0-GCCcore-13.3.0/include -I/rds/bear-apps/2024a/EL8-ice/software/libjpeg-turbo/3.0.1-GCCcore-13.3.0/include -I/rds/bear-apps/2024a/EL8-ice/software/libpng/1.6.43-GCCcore-13.3.0/include -I/rds/bear-apps/2024a/EL8-ice/software/PCRE2/10.43-GCCcore-13.3.0/include -I/rds/bear-apps/2024a/EL8-ice/software/SQLite/3.45.3-GCCcore-13.3.0/include -I/rds/bear-apps/2024a/EL8-ice/software/zlib/1.3.1-GCCcore-13.3.0/include -I/rds/bear-apps/2024a/EL8-ice/software/XZ/5.4.5-GCCcore-13.3.0/include -I/rds/bear-apps/2024a/EL8-ice/software/bzip2/1.0.8-GCCcore-13.3.0/include -I/rds/bear-apps/2024a/EL8-ice/software/ncurses/6.5-GCCcore-13.3.0/include -I/rds/bear-apps/2024a/EL8-ice/software/libreadline/8.2-GCCcore-13.3.0/include -I/rds/bear-apps/2024a/EL8-ice/software/cairo/1.18.0-GCCcore-13.3.0/include -I/rds/bear-apps/2024a/EL8-ice/software/libGLU/9.0.3-GCCcore-13.3.0/include -I/rds/bear-apps/2024a/EL8-ice/software/Mesa/24.1.3-GCCcore-13.3.0/include -I/rds/bear-apps/2024a/EL8-ice/software/X11/20240607-GCCcore-13.3.0/include -I/rds/bear-apps/2024a/EL8-ice/software/pkgconf/2.2.0-GCCcore-13.3.0/include -I/rds/bear-apps/2024a/EL8-ice/software/FFTW/3.3.10-GCC-13.3.0/include -I/rds/bear-apps/2024a/EL8-ice/software/FlexiBLAS/3.4.4-GCC-13.3.0/include -I/rds/bear-apps/2024a/EL8-ice/software/FlexiBLAS/3.4.4-GCC-13.3.0/include/flexiblas   -fvisibility=hidden -fpic  -O2 -ftree-vectorize -march=native -fno-math-errno  -c mbedtls/library/sha1.c -o mbedtls/library/sha1.o
gcc -std=gnu2x -I"/rds/bear-apps/2024a/EL8-ice/software/R/4.5.0-gfbf-2024a/lib64/R/include" -DNDEBUG -Imbedtls/include -Imbedtls/library -DMBEDTLS_CONFIG_FILE='"zip_mbedtls_config.h"' -I'/rds/homes/a/axv209/R/library/4.5.0/EL8-ice/00LOCK-pak/00new/pak/library/cli/include' -I/rds/bear-apps/2024a/EL8-ice/software/FriBidi/1.0.15-GCCcore-13.3.0/include -I/rds/bear-apps/2024a/EL8-ice/software/HarfBuzz/9.0.0-GCCcore-13.3.0/include -I/rds/bear-apps/2024a/EL8-ice/software/Tk/8.6.14-GCCcore-13.3.0/include -I/rds/bear-apps/2024a/EL8-ice/software/cURL/8.7.1-GCCcore-13.3.0/include -I/rds/bear-apps/2024a/EL8-ice/software/OpenSSL/3/include -I/rds/bear-apps/2024a/EL8-ice/software/libgit2/1.8.1-GCCcore-13.3.0/include -I/rds/bear-apps/2024a/EL8-ice/software/Java/17.0.15/include -I/rds/bear-apps/2024a/EL8-ice/software/LibTIFF/4.6.0-GCCcore-13.3.0/include -I/rds/bear-apps/2024a/EL8-ice/software/libjpeg-turbo/3.0.1-GCCcore-13.3.0/include -I/rds/bear-apps/2024a/EL8-ice/software/libpng/1.6.43-GCCcore-13.3.0/include -I/rds/bear-apps/2024a/EL8-ice/software/PCRE2/10.43-GCCcore-13.3.0/include -I/rds/bear-apps/2024a/EL8-ice/software/SQLite/3.45.3-GCCcore-13.3.0/include -I/rds/bear-apps/2024a/EL8-ice/software/zlib/1.3.1-GCCcore-13.3.0/include -I/rds/bear-apps/2024a/EL8-ice/software/XZ/5.4.5-GCCcore-13.3.0/include -I/rds/bear-apps/2024a/EL8-ice/software/bzip2/1.0.8-GCCcore-13.3.0/include -I/rds/bear-apps/2024a/EL8-ice/software/ncurses/6.5-GCCcore-13.3.0/include -I/rds/bear-apps/2024a/EL8-ice/software/libreadline/8.2-GCCcore-13.3.0/include -I/rds/bear-apps/2024a/EL8-ice/software/cairo/1.18.0-GCCcore-13.3.0/include -I/rds/bear-apps/2024a/EL8-ice/software/libGLU/9.0.3-GCCcore-13.3.0/include -I/rds/bear-apps/2024a/EL8-ice/software/Mesa/24.1.3-GCCcore-13.3.0/include -I/rds/bear-apps/2024a/EL8-ice/software/X11/20240607-GCCcore-13.3.0/include -I/rds/bear-apps/2024a/EL8-ice/software/pkgconf/2.2.0-GCCcore-13.3.0/include -I/rds/bear-apps/2024a/EL8-ice/software/FFTW/3.3.10-GCC-13.3.0/include -I/rds/bear-apps/2024a/EL8-ice/software/FlexiBLAS/3.4.4-GCC-13.3.0/include -I/rds/bear-apps/2024a/EL8-ice/software/FlexiBLAS/3.4.4-GCC-13.3.0/include/flexiblas   -fvisibility=hidden -fpic  -O2 -ftree-vectorize -march=native -fno-math-errno  -c mbedtls/library/md.c -o mbedtls/library/md.o
gcc -std=gnu2x -I"/rds/bear-apps/2024a/EL8-ice/software/R/4.5.0-gfbf-2024a/lib64/R/include" -DNDEBUG -Imbedtls/include -Imbedtls/library -DMBEDTLS_CONFIG_FILE='"zip_mbedtls_config.h"' -I'/rds/homes/a/axv209/R/library/4.5.0/EL8-ice/00LOCK-pak/00new/pak/library/cli/include' -I/rds/bear-apps/2024a/EL8-ice/software/FriBidi/1.0.15-GCCcore-13.3.0/include -I/rds/bear-apps/2024a/EL8-ice/software/HarfBuzz/9.0.0-GCCcore-13.3.0/include -I/rds/bear-apps/2024a/EL8-ice/software/Tk/8.6.14-GCCcore-13.3.0/include -I/rds/bear-apps/2024a/EL8-ice/software/cURL/8.7.1-GCCcore-13.3.0/include -I/rds/bear-apps/2024a/EL8-ice/software/OpenSSL/3/include -I/rds/bear-apps/2024a/EL8-ice/software/libgit2/1.8.1-GCCcore-13.3.0/include -I/rds/bear-apps/2024a/EL8-ice/software/Java/17.0.15/include -I/rds/bear-apps/2024a/EL8-ice/software/LibTIFF/4.6.0-GCCcore-13.3.0/include -I/rds/bear-apps/2024a/EL8-ice/software/libjpeg-turbo/3.0.1-GCCcore-13.3.0/include -I/rds/bear-apps/2024a/EL8-ice/software/libpng/1.6.43-GCCcore-13.3.0/include -I/rds/bear-apps/2024a/EL8-ice/software/PCRE2/10.43-GCCcore-13.3.0/include -I/rds/bear-apps/2024a/EL8-ice/software/SQLite/3.45.3-GCCcore-13.3.0/include -I/rds/bear-apps/2024a/EL8-ice/software/zlib/1.3.1-GCCcore-13.3.0/include -I/rds/bear-apps/2024a/EL8-ice/software/XZ/5.4.5-GCCcore-13.3.0/include -I/rds/bear-apps/2024a/EL8-ice/software/bzip2/1.0.8-GCCcore-13.3.0/include -I/rds/bear-apps/2024a/EL8-ice/software/ncurses/6.5-GCCcore-13.3.0/include -I/rds/bear-apps/2024a/EL8-ice/software/libreadline/8.2-GCCcore-13.3.0/include -I/rds/bear-apps/2024a/EL8-ice/software/cairo/1.18.0-GCCcore-13.3.0/include -I/rds/bear-apps/2024a/EL8-ice/software/libGLU/9.0.3-GCCcore-13.3.0/include -I/rds/bear-apps/2024a/EL8-ice/software/Mesa/24.1.3-GCCcore-13.3.0/include -I/rds/bear-apps/2024a/EL8-ice/software/X11/20240607-GCCcore-13.3.0/include -I/rds/bear-apps/2024a/EL8-ice/software/pkgconf/2.2.0-GCCcore-13.3.0/include -I/rds/bear-apps/2024a/EL8-ice/software/FFTW/3.3.10-GCC-13.3.0/include -I/rds/bear-apps/2024a/EL8-ice/software/FlexiBLAS/3.4.4-GCC-13.3.0/include -I/rds/bear-apps/2024a/EL8-ice/software/FlexiBLAS/3.4.4-GCC-13.3.0/include/flexiblas   -fvisibility=hidden -fpic  -O2 -ftree-vectorize -march=native -fno-math-errno  -c mbedtls/library/pkcs5.c -o mbedtls/library/pkcs5.o
gcc -std=gnu2x -I"/rds/bear-apps/2024a/EL8-ice/software/R/4.5.0-gfbf-2024a/lib64/R/include" -DNDEBUG -Imbedtls/include -Imbedtls/library -DMBEDTLS_CONFIG_FILE='"zip_mbedtls_config.h"' -I'/rds/homes/a/axv209/R/library/4.5.0/EL8-ice/00LOCK-pak/00new/pak/library/cli/include' -I/rds/bear-apps/2024a/EL8-ice/software/FriBidi/1.0.15-GCCcore-13.3.0/include -I/rds/bear-apps/2024a/EL8-ice/software/HarfBuzz/9.0.0-GCCcore-13.3.0/include -I/rds/bear-apps/2024a/EL8-ice/software/Tk/8.6.14-GCCcore-13.3.0/include -I/rds/bear-apps/2024a/EL8-ice/software/cURL/8.7.1-GCCcore-13.3.0/include -I/rds/bear-apps/2024a/EL8-ice/software/OpenSSL/3/include -I/rds/bear-apps/2024a/EL8-ice/software/libgit2/1.8.1-GCCcore-13.3.0/include -I/rds/bear-apps/2024a/EL8-ice/software/Java/17.0.15/include -I/rds/bear-apps/2024a/EL8-ice/software/LibTIFF/4.6.0-GCCcore-13.3.0/include -I/rds/bear-apps/2024a/EL8-ice/software/libjpeg-turbo/3.0.1-GCCcore-13.3.0/include -I/rds/bear-apps/2024a/EL8-ice/software/libpng/1.6.43-GCCcore-13.3.0/include -I/rds/bear-apps/2024a/EL8-ice/software/PCRE2/10.43-GCCcore-13.3.0/include -I/rds/bear-apps/2024a/EL8-ice/software/SQLite/3.45.3-GCCcore-13.3.0/include -I/rds/bear-apps/2024a/EL8-ice/software/zlib/1.3.1-GCCcore-13.3.0/include -I/rds/bear-apps/2024a/EL8-ice/software/XZ/5.4.5-GCCcore-13.3.0/include -I/rds/bear-apps/2024a/EL8-ice/software/bzip2/1.0.8-GCCcore-13.3.0/include -I/rds/bear-apps/2024a/EL8-ice/software/ncurses/6.5-GCCcore-13.3.0/include -I/rds/bear-apps/2024a/EL8-ice/software/libreadline/8.2-GCCcore-13.3.0/include -I/rds/bear-apps/2024a/EL8-ice/software/cairo/1.18.0-GCCcore-13.3.0/include -I/rds/bear-apps/2024a/EL8-ice/software/libGLU/9.0.3-GCCcore-13.3.0/include -I/rds/bear-apps/2024a/EL8-ice/software/Mesa/24.1.3-GCCcore-13.3.0/include -I/rds/bear-apps/2024a/EL8-ice/software/X11/20240607-GCCcore-13.3.0/include -I/rds/bear-apps/2024a/EL8-ice/software/pkgconf/2.2.0-GCCcore-13.3.0/include -I/rds/bear-apps/2024a/EL8-ice/software/FFTW/3.3.10-GCC-13.3.0/include -I/rds/bear-apps/2024a/EL8-ice/software/FlexiBLAS/3.4.4-GCC-13.3.0/include -I/rds/bear-apps/2024a/EL8-ice/software/FlexiBLAS/3.4.4-GCC-13.3.0/include/flexiblas   -fvisibility=hidden -fpic  -O2 -ftree-vectorize -march=native -fno-math-errno  -c mbedtls/library/platform.c -o mbedtls/library/platform.o
gcc -std=gnu2x -I"/rds/bear-apps/2024a/EL8-ice/software/R/4.5.0-gfbf-2024a/lib64/R/include" -DNDEBUG -Imbedtls/include -Imbedtls/library -DMBEDTLS_CONFIG_FILE='"zip_mbedtls_config.h"' -I'/rds/homes/a/axv209/R/library/4.5.0/EL8-ice/00LOCK-pak/00new/pak/library/cli/include' -I/rds/bear-apps/2024a/EL8-ice/software/FriBidi/1.0.15-GCCcore-13.3.0/include -I/rds/bear-apps/2024a/EL8-ice/software/HarfBuzz/9.0.0-GCCcore-13.3.0/include -I/rds/bear-apps/2024a/EL8-ice/software/Tk/8.6.14-GCCcore-13.3.0/include -I/rds/bear-apps/2024a/EL8-ice/software/cURL/8.7.1-GCCcore-13.3.0/include -I/rds/bear-apps/2024a/EL8-ice/software/OpenSSL/3/include -I/rds/bear-apps/2024a/EL8-ice/software/libgit2/1.8.1-GCCcore-13.3.0/include -I/rds/bear-apps/2024a/EL8-ice/software/Java/17.0.15/include -I/rds/bear-apps/2024a/EL8-ice/software/LibTIFF/4.6.0-GCCcore-13.3.0/include -I/rds/bear-apps/2024a/EL8-ice/software/libjpeg-turbo/3.0.1-GCCcore-13.3.0/include -I/rds/bear-apps/2024a/EL8-ice/software/libpng/1.6.43-GCCcore-13.3.0/include -I/rds/bear-apps/2024a/EL8-ice/software/PCRE2/10.43-GCCcore-13.3.0/include -I/rds/bear-apps/2024a/EL8-ice/software/SQLite/3.45.3-GCCcore-13.3.0/include -I/rds/bear-apps/2024a/EL8-ice/software/zlib/1.3.1-GCCcore-13.3.0/include -I/rds/bear-apps/2024a/EL8-ice/software/XZ/5.4.5-GCCcore-13.3.0/include -I/rds/bear-apps/2024a/EL8-ice/software/bzip2/1.0.8-GCCcore-13.3.0/include -I/rds/bear-apps/2024a/EL8-ice/software/ncurses/6.5-GCCcore-13.3.0/include -I/rds/bear-apps/2024a/EL8-ice/software/libreadline/8.2-GCCcore-13.3.0/include -I/rds/bear-apps/2024a/EL8-ice/software/cairo/1.18.0-GCCcore-13.3.0/include -I/rds/bear-apps/2024a/EL8-ice/software/libGLU/9.0.3-GCCcore-13.3.0/include -I/rds/bear-apps/2024a/EL8-ice/software/Mesa/24.1.3-GCCcore-13.3.0/include -I/rds/bear-apps/2024a/EL8-ice/software/X11/20240607-GCCcore-13.3.0/include -I/rds/bear-apps/2024a/EL8-ice/software/pkgconf/2.2.0-GCCcore-13.3.0/include -I/rds/bear-apps/2024a/EL8-ice/software/FFTW/3.3.10-GCC-13.3.0/include -I/rds/bear-apps/2024a/EL8-ice/software/FlexiBLAS/3.4.4-GCC-13.3.0/include -I/rds/bear-apps/2024a/EL8-ice/software/FlexiBLAS/3.4.4-GCC-13.3.0/include/flexiblas   -fvisibility=hidden -fpic  -O2 -ftree-vectorize -march=native -fno-math-errno  -c mbedtls/library/platform_util.c -o mbedtls/library/platform_util.o
gcc -std=gnu2x -shared -L/rds/bear-apps/2024a/EL8-ice/software/R/4.5.0-gfbf-2024a/lib64/R/lib -L/rds/bear-apps/2024a/EL8-ice/software/FriBidi/1.0.15-GCCcore-13.3.0/lib64 -L/rds/bear-apps/2024a/EL8-ice/software/FriBidi/1.0.15-GCCcore-13.3.0/lib -L/rds/bear-apps/2024a/EL8-ice/software/HarfBuzz/9.0.0-GCCcore-13.3.0/lib64 -L/rds/bear-apps/2024a/EL8-ice/software/HarfBuzz/9.0.0-GCCcore-13.3.0/lib -L/rds/bear-apps/2024a/EL8-ice/software/Tk/8.6.14-GCCcore-13.3.0/lib64 -L/rds/bear-apps/2024a/EL8-ice/software/Tk/8.6.14-GCCcore-13.3.0/lib -L/rds/bear-apps/2024a/EL8-ice/software/cURL/8.7.1-GCCcore-13.3.0/lib64 -L/rds/bear-apps/2024a/EL8-ice/software/cURL/8.7.1-GCCcore-13.3.0/lib -L/rds/bear-apps/2024a/EL8-ice/software/OpenSSL/3/lib64 -L/rds/bear-apps/2024a/EL8-ice/software/OpenSSL/3/lib -L/rds/bear-apps/2024a/EL8-ice/software/libgit2/1.8.1-GCCcore-13.3.0/lib64 -L/rds/bear-apps/2024a/EL8-ice/software/libgit2/1.8.1-GCCcore-13.3.0/lib -L/rds/bear-apps/2024a/EL8-ice/software/Java/17.0.15/lib64 -L/rds/bear-apps/2024a/EL8-ice/software/Java/17.0.15/lib -L/rds/bear-apps/2024a/EL8-ice/software/LibTIFF/4.6.0-GCCcore-13.3.0/lib64 -L/rds/bear-apps/2024a/EL8-ice/software/LibTIFF/4.6.0-GCCcore-13.3.0/lib -L/rds/bear-apps/2024a/EL8-ice/software/libjpeg-turbo/3.0.1-GCCcore-13.3.0/lib64 -L/rds/bear-apps/2024a/EL8-ice/software/libjpeg-turbo/3.0.1-GCCcore-13.3.0/lib -L/rds/bear-apps/2024a/EL8-ice/software/libpng/1.6.43-GCCcore-13.3.0/lib64 -L/rds/bear-apps/2024a/EL8-ice/software/libpng/1.6.43-GCCcore-13.3.0/lib -L/rds/bear-apps/2024a/EL8-ice/software/PCRE2/10.43-GCCcore-13.3.0/lib64 -L/rds/bear-apps/2024a/EL8-ice/software/PCRE2/10.43-GCCcore-13.3.0/lib -L/rds/bear-apps/2024a/EL8-ice/software/SQLite/3.45.3-GCCcore-13.3.0/lib64 -L/rds/bear-apps/2024a/EL8-ice/software/SQLite/3.45.3-GCCcore-13.3.0/lib -L/rds/bear-apps/2024a/EL8-ice/software/zlib/1.3.1-GCCcore-13.3.0/lib64 -L/rds/bear-apps/2024a/EL8-ice/software/zlib/1.3.1-GCCcore-13.3.0/lib -L/rds/bear-apps/2024a/EL8-ice/software/XZ/5.4.5-GCCcore-13.3.0/lib64 -L/rds/bear-apps/2024a/EL8-ice/software/XZ/5.4.5-GCCcore-13.3.0/lib -L/rds/bear-apps/2024a/EL8-ice/software/bzip2/1.0.8-GCCcore-13.3.0/lib64 -L/rds/bear-apps/2024a/EL8-ice/software/bzip2/1.0.8-GCCcore-13.3.0/lib -L/rds/bear-apps/2024a/EL8-ice/software/ncurses/6.5-GCCcore-13.3.0/lib64 -L/rds/bear-apps/2024a/EL8-ice/software/ncurses/6.5-GCCcore-13.3.0/lib -L/rds/bear-apps/2024a/EL8-ice/software/libreadline/8.2-GCCcore-13.3.0/lib64 -L/rds/bear-apps/2024a/EL8-ice/software/libreadline/8.2-GCCcore-13.3.0/lib -L/rds/bear-apps/2024a/EL8-ice/software/cairo/1.18.0-GCCcore-13.3.0/lib64 -L/rds/bear-apps/2024a/EL8-ice/software/cairo/1.18.0-GCCcore-13.3.0/lib -L/rds/bear-apps/2024a/EL8-ice/software/libGLU/9.0.3-GCCcore-13.3.0/lib64 -L/rds/bear-apps/2024a/EL8-ice/software/libGLU/9.0.3-GCCcore-13.3.0/lib -L/rds/bear-apps/2024a/EL8-ice/software/Mesa/24.1.3-GCCcore-13.3.0/lib64 -L/rds/bear-apps/2024a/EL8-ice/software/Mesa/24.1.3-GCCcore-13.3.0/lib -L/rds/bear-apps/2024a/EL8-ice/software/X11/20240607-GCCcore-13.3.0/lib64 -L/rds/bear-apps/2024a/EL8-ice/software/X11/20240607-GCCcore-13.3.0/lib -L/rds/bear-apps/2024a/EL8-ice/software/pkgconf/2.2.0-GCCcore-13.3.0/lib64 -L/rds/bear-apps/2024a/EL8-ice/software/pkgconf/2.2.0-GCCcore-13.3.0/lib -L/rds/bear-apps/2024a/EL8-ice/software/FFTW/3.3.10-GCC-13.3.0/lib64 -L/rds/bear-apps/2024a/EL8-ice/software/FFTW/3.3.10-GCC-13.3.0/lib -L/rds/bear-apps/2024a/EL8-ice/software/FlexiBLAS/3.4.4-GCC-13.3.0/lib64 -L/rds/bear-apps/2024a/EL8-ice/software/FlexiBLAS/3.4.4-GCC-13.3.0/lib -L/rds/bear-apps/2024a/EL8-ice/software/GCCcore/13.3.0/lib64 -L/rds/bear-apps/2024a/EL8-ice/software/GCCcore/13.3.0/lib -o zip.so init.o miniz.o rzip.o zip.o crypto.o unixutils.o errors.o cleancall.o cmdunzip_lib.o mbedtls/library/aes.o mbedtls/library/sha1.o mbedtls/library/md.o mbedtls/library/pkcs5.o mbedtls/library/platform.o mbedtls/library/platform_util.o -lpthread -L/rds/bear-apps/2024a/EL8-ice/software/R/4.5.0-gfbf-2024a/lib64/R/lib -lR
make[1]: Leaving directory '/tmp/RtmpPnYWwF/R.INSTALLc12a8e00dd85/pak/src/library/zip/src'
installing via 'install.libs.R' to /rds/homes/a/axv209/R/library/4.5.0/EL8-ice/00LOCK-pak/00new/pak/library/zip

Compiling tstoml 
using C compiler: ‘gcc (GCC) 13.3.0’
make[1]: Entering directory '/tmp/RtmpPnYWwF/R.INSTALLc12a8e00dd85/pak/src/library/tstoml/src'
gcc -std=gnu2x -I"/rds/bear-apps/2024a/EL8-ice/software/R/4.5.0-gfbf-2024a/lib64/R/include" -DNDEBUG   -I/rds/bear-apps/2024a/EL8-ice/software/FriBidi/1.0.15-GCCcore-13.3.0/include -I/rds/bear-apps/2024a/EL8-ice/software/HarfBuzz/9.0.0-GCCcore-13.3.0/include -I/rds/bear-apps/2024a/EL8-ice/software/Tk/8.6.14-GCCcore-13.3.0/include -I/rds/bear-apps/2024a/EL8-ice/software/cURL/8.7.1-GCCcore-13.3.0/include -I/rds/bear-apps/2024a/EL8-ice/software/OpenSSL/3/include -I/rds/bear-apps/2024a/EL8-ice/software/libgit2/1.8.1-GCCcore-13.3.0/include -I/rds/bear-apps/2024a/EL8-ice/software/Java/17.0.15/include -I/rds/bear-apps/2024a/EL8-ice/software/LibTIFF/4.6.0-GCCcore-13.3.0/include -I/rds/bear-apps/2024a/EL8-ice/software/libjpeg-turbo/3.0.1-GCCcore-13.3.0/include -I/rds/bear-apps/2024a/EL8-ice/software/libpng/1.6.43-GCCcore-13.3.0/include -I/rds/bear-apps/2024a/EL8-ice/software/PCRE2/10.43-GCCcore-13.3.0/include -I/rds/bear-apps/2024a/EL8-ice/software/SQLite/3.45.3-GCCcore-13.3.0/include -I/rds/bear-apps/2024a/EL8-ice/software/zlib/1.3.1-GCCcore-13.3.0/include -I/rds/bear-apps/2024a/EL8-ice/software/XZ/5.4.5-GCCcore-13.3.0/include -I/rds/bear-apps/2024a/EL8-ice/software/bzip2/1.0.8-GCCcore-13.3.0/include -I/rds/bear-apps/2024a/EL8-ice/software/ncurses/6.5-GCCcore-13.3.0/include -I/rds/bear-apps/2024a/EL8-ice/software/libreadline/8.2-GCCcore-13.3.0/include -I/rds/bear-apps/2024a/EL8-ice/software/cairo/1.18.0-GCCcore-13.3.0/include -I/rds/bear-apps/2024a/EL8-ice/software/libGLU/9.0.3-GCCcore-13.3.0/include -I/rds/bear-apps/2024a/EL8-ice/software/Mesa/24.1.3-GCCcore-13.3.0/include -I/rds/bear-apps/2024a/EL8-ice/software/X11/20240607-GCCcore-13.3.0/include -I/rds/bear-apps/2024a/EL8-ice/software/pkgconf/2.2.0-GCCcore-13.3.0/include -I/rds/bear-apps/2024a/EL8-ice/software/FFTW/3.3.10-GCC-13.3.0/include -I/rds/bear-apps/2024a/EL8-ice/software/FlexiBLAS/3.4.4-GCC-13.3.0/include -I/rds/bear-apps/2024a/EL8-ice/software/FlexiBLAS/3.4.4-GCC-13.3.0/include/flexiblas    -fpic  -O2 -ftree-vectorize -march=native -fno-math-errno  -c init.c -o init.o
gcc -std=gnu2x -I"/rds/bear-apps/2024a/EL8-ice/software/R/4.5.0-gfbf-2024a/lib64/R/include" -DNDEBUG   -I/rds/bear-apps/2024a/EL8-ice/software/FriBidi/1.0.15-GCCcore-13.3.0/include -I/rds/bear-apps/2024a/EL8-ice/software/HarfBuzz/9.0.0-GCCcore-13.3.0/include -I/rds/bear-apps/2024a/EL8-ice/software/Tk/8.6.14-GCCcore-13.3.0/include -I/rds/bear-apps/2024a/EL8-ice/software/cURL/8.7.1-GCCcore-13.3.0/include -I/rds/bear-apps/2024a/EL8-ice/software/OpenSSL/3/include -I/rds/bear-apps/2024a/EL8-ice/software/libgit2/1.8.1-GCCcore-13.3.0/include -I/rds/bear-apps/2024a/EL8-ice/software/Java/17.0.15/include -I/rds/bear-apps/2024a/EL8-ice/software/LibTIFF/4.6.0-GCCcore-13.3.0/include -I/rds/bear-apps/2024a/EL8-ice/software/libjpeg-turbo/3.0.1-GCCcore-13.3.0/include -I/rds/bear-apps/2024a/EL8-ice/software/libpng/1.6.43-GCCcore-13.3.0/include -I/rds/bear-apps/2024a/EL8-ice/software/PCRE2/10.43-GCCcore-13.3.0/include -I/rds/bear-apps/2024a/EL8-ice/software/SQLite/3.45.3-GCCcore-13.3.0/include -I/rds/bear-apps/2024a/EL8-ice/software/zlib/1.3.1-GCCcore-13.3.0/include -I/rds/bear-apps/2024a/EL8-ice/software/XZ/5.4.5-GCCcore-13.3.0/include -I/rds/bear-apps/2024a/EL8-ice/software/bzip2/1.0.8-GCCcore-13.3.0/include -I/rds/bear-apps/2024a/EL8-ice/software/ncurses/6.5-GCCcore-13.3.0/include -I/rds/bear-apps/2024a/EL8-ice/software/libreadline/8.2-GCCcore-13.3.0/include -I/rds/bear-apps/2024a/EL8-ice/software/cairo/1.18.0-GCCcore-13.3.0/include -I/rds/bear-apps/2024a/EL8-ice/software/libGLU/9.0.3-GCCcore-13.3.0/include -I/rds/bear-apps/2024a/EL8-ice/software/Mesa/24.1.3-GCCcore-13.3.0/include -I/rds/bear-apps/2024a/EL8-ice/software/X11/20240607-GCCcore-13.3.0/include -I/rds/bear-apps/2024a/EL8-ice/software/pkgconf/2.2.0-GCCcore-13.3.0/include -I/rds/bear-apps/2024a/EL8-ice/software/FFTW/3.3.10-GCC-13.3.0/include -I/rds/bear-apps/2024a/EL8-ice/software/FlexiBLAS/3.4.4-GCC-13.3.0/include -I/rds/bear-apps/2024a/EL8-ice/software/FlexiBLAS/3.4.4-GCC-13.3.0/include/flexiblas    -fpic  -O2 -ftree-vectorize -march=native -fno-math-errno  -c tree-sitter/toml/parser.c -o tree-sitter/toml/parser.o
gcc -std=gnu2x -I"/rds/bear-apps/2024a/EL8-ice/software/R/4.5.0-gfbf-2024a/lib64/R/include" -DNDEBUG   -I/rds/bear-apps/2024a/EL8-ice/software/FriBidi/1.0.15-GCCcore-13.3.0/include -I/rds/bear-apps/2024a/EL8-ice/software/HarfBuzz/9.0.0-GCCcore-13.3.0/include -I/rds/bear-apps/2024a/EL8-ice/software/Tk/8.6.14-GCCcore-13.3.0/include -I/rds/bear-apps/2024a/EL8-ice/software/cURL/8.7.1-GCCcore-13.3.0/include -I/rds/bear-apps/2024a/EL8-ice/software/OpenSSL/3/include -I/rds/bear-apps/2024a/EL8-ice/software/libgit2/1.8.1-GCCcore-13.3.0/include -I/rds/bear-apps/2024a/EL8-ice/software/Java/17.0.15/include -I/rds/bear-apps/2024a/EL8-ice/software/LibTIFF/4.6.0-GCCcore-13.3.0/include -I/rds/bear-apps/2024a/EL8-ice/software/libjpeg-turbo/3.0.1-GCCcore-13.3.0/include -I/rds/bear-apps/2024a/EL8-ice/software/libpng/1.6.43-GCCcore-13.3.0/include -I/rds/bear-apps/2024a/EL8-ice/software/PCRE2/10.43-GCCcore-13.3.0/include -I/rds/bear-apps/2024a/EL8-ice/software/SQLite/3.45.3-GCCcore-13.3.0/include -I/rds/bear-apps/2024a/EL8-ice/software/zlib/1.3.1-GCCcore-13.3.0/include -I/rds/bear-apps/2024a/EL8-ice/software/XZ/5.4.5-GCCcore-13.3.0/include -I/rds/bear-apps/2024a/EL8-ice/software/bzip2/1.0.8-GCCcore-13.3.0/include -I/rds/bear-apps/2024a/EL8-ice/software/ncurses/6.5-GCCcore-13.3.0/include -I/rds/bear-apps/2024a/EL8-ice/software/libreadline/8.2-GCCcore-13.3.0/include -I/rds/bear-apps/2024a/EL8-ice/software/cairo/1.18.0-GCCcore-13.3.0/include -I/rds/bear-apps/2024a/EL8-ice/software/libGLU/9.0.3-GCCcore-13.3.0/include -I/rds/bear-apps/2024a/EL8-ice/software/Mesa/24.1.3-GCCcore-13.3.0/include -I/rds/bear-apps/2024a/EL8-ice/software/X11/20240607-GCCcore-13.3.0/include -I/rds/bear-apps/2024a/EL8-ice/software/pkgconf/2.2.0-GCCcore-13.3.0/include -I/rds/bear-apps/2024a/EL8-ice/software/FFTW/3.3.10-GCC-13.3.0/include -I/rds/bear-apps/2024a/EL8-ice/software/FlexiBLAS/3.4.4-GCC-13.3.0/include -I/rds/bear-apps/2024a/EL8-ice/software/FlexiBLAS/3.4.4-GCC-13.3.0/include/flexiblas    -fpic  -O2 -ftree-vectorize -march=native -fno-math-errno  -c tree-sitter/toml/scanner.c -o tree-sitter/toml/scanner.o
ar rs tree-sitter.a tree-sitter/toml/parser.o tree-sitter/toml/scanner.o
ar: creating tree-sitter.a
gcc -std=gnu2x -shared -L/rds/bear-apps/2024a/EL8-ice/software/R/4.5.0-gfbf-2024a/lib64/R/lib -L/rds/bear-apps/2024a/EL8-ice/software/FriBidi/1.0.15-GCCcore-13.3.0/lib64 -L/rds/bear-apps/2024a/EL8-ice/software/FriBidi/1.0.15-GCCcore-13.3.0/lib -L/rds/bear-apps/2024a/EL8-ice/software/HarfBuzz/9.0.0-GCCcore-13.3.0/lib64 -L/rds/bear-apps/2024a/EL8-ice/software/HarfBuzz/9.0.0-GCCcore-13.3.0/lib -L/rds/bear-apps/2024a/EL8-ice/software/Tk/8.6.14-GCCcore-13.3.0/lib64 -L/rds/bear-apps/2024a/EL8-ice/software/Tk/8.6.14-GCCcore-13.3.0/lib -L/rds/bear-apps/2024a/EL8-ice/software/cURL/8.7.1-GCCcore-13.3.0/lib64 -L/rds/bear-apps/2024a/EL8-ice/software/cURL/8.7.1-GCCcore-13.3.0/lib -L/rds/bear-apps/2024a/EL8-ice/software/OpenSSL/3/lib64 -L/rds/bear-apps/2024a/EL8-ice/software/OpenSSL/3/lib -L/rds/bear-apps/2024a/EL8-ice/software/libgit2/1.8.1-GCCcore-13.3.0/lib64 -L/rds/bear-apps/2024a/EL8-ice/software/libgit2/1.8.1-GCCcore-13.3.0/lib -L/rds/bear-apps/2024a/EL8-ice/software/Java/17.0.15/lib64 -L/rds/bear-apps/2024a/EL8-ice/software/Java/17.0.15/lib -L/rds/bear-apps/2024a/EL8-ice/software/LibTIFF/4.6.0-GCCcore-13.3.0/lib64 -L/rds/bear-apps/2024a/EL8-ice/software/LibTIFF/4.6.0-GCCcore-13.3.0/lib -L/rds/bear-apps/2024a/EL8-ice/software/libjpeg-turbo/3.0.1-GCCcore-13.3.0/lib64 -L/rds/bear-apps/2024a/EL8-ice/software/libjpeg-turbo/3.0.1-GCCcore-13.3.0/lib -L/rds/bear-apps/2024a/EL8-ice/software/libpng/1.6.43-GCCcore-13.3.0/lib64 -L/rds/bear-apps/2024a/EL8-ice/software/libpng/1.6.43-GCCcore-13.3.0/lib -L/rds/bear-apps/2024a/EL8-ice/software/PCRE2/10.43-GCCcore-13.3.0/lib64 -L/rds/bear-apps/2024a/EL8-ice/software/PCRE2/10.43-GCCcore-13.3.0/lib -L/rds/bear-apps/2024a/EL8-ice/software/SQLite/3.45.3-GCCcore-13.3.0/lib64 -L/rds/bear-apps/2024a/EL8-ice/software/SQLite/3.45.3-GCCcore-13.3.0/lib -L/rds/bear-apps/2024a/EL8-ice/software/zlib/1.3.1-GCCcore-13.3.0/lib64 -L/rds/bear-apps/2024a/EL8-ice/software/zlib/1.3.1-GCCcore-13.3.0/lib -L/rds/bear-apps/2024a/EL8-ice/software/XZ/5.4.5-GCCcore-13.3.0/lib64 -L/rds/bear-apps/2024a/EL8-ice/software/XZ/5.4.5-GCCcore-13.3.0/lib -L/rds/bear-apps/2024a/EL8-ice/software/bzip2/1.0.8-GCCcore-13.3.0/lib64 -L/rds/bear-apps/2024a/EL8-ice/software/bzip2/1.0.8-GCCcore-13.3.0/lib -L/rds/bear-apps/2024a/EL8-ice/software/ncurses/6.5-GCCcore-13.3.0/lib64 -L/rds/bear-apps/2024a/EL8-ice/software/ncurses/6.5-GCCcore-13.3.0/lib -L/rds/bear-apps/2024a/EL8-ice/software/libreadline/8.2-GCCcore-13.3.0/lib64 -L/rds/bear-apps/2024a/EL8-ice/software/libreadline/8.2-GCCcore-13.3.0/lib -L/rds/bear-apps/2024a/EL8-ice/software/cairo/1.18.0-GCCcore-13.3.0/lib64 -L/rds/bear-apps/2024a/EL8-ice/software/cairo/1.18.0-GCCcore-13.3.0/lib -L/rds/bear-apps/2024a/EL8-ice/software/libGLU/9.0.3-GCCcore-13.3.0/lib64 -L/rds/bear-apps/2024a/EL8-ice/software/libGLU/9.0.3-GCCcore-13.3.0/lib -L/rds/bear-apps/2024a/EL8-ice/software/Mesa/24.1.3-GCCcore-13.3.0/lib64 -L/rds/bear-apps/2024a/EL8-ice/software/Mesa/24.1.3-GCCcore-13.3.0/lib -L/rds/bear-apps/2024a/EL8-ice/software/X11/20240607-GCCcore-13.3.0/lib64 -L/rds/bear-apps/2024a/EL8-ice/software/X11/20240607-GCCcore-13.3.0/lib -L/rds/bear-apps/2024a/EL8-ice/software/pkgconf/2.2.0-GCCcore-13.3.0/lib64 -L/rds/bear-apps/2024a/EL8-ice/software/pkgconf/2.2.0-GCCcore-13.3.0/lib -L/rds/bear-apps/2024a/EL8-ice/software/FFTW/3.3.10-GCC-13.3.0/lib64 -L/rds/bear-apps/2024a/EL8-ice/software/FFTW/3.3.10-GCC-13.3.0/lib -L/rds/bear-apps/2024a/EL8-ice/software/FlexiBLAS/3.4.4-GCC-13.3.0/lib64 -L/rds/bear-apps/2024a/EL8-ice/software/FlexiBLAS/3.4.4-GCC-13.3.0/lib -L/rds/bear-apps/2024a/EL8-ice/software/GCCcore/13.3.0/lib64 -L/rds/bear-apps/2024a/EL8-ice/software/GCCcore/13.3.0/lib -o tstoml.so init.o -L. tree-sitter.a -L/rds/bear-apps/2024a/EL8-ice/software/R/4.5.0-gfbf-2024a/lib64/R/lib -lR
make[1]: Leaving directory '/tmp/RtmpPnYWwF/R.INSTALLc12a8e00dd85/pak/src/library/tstoml/src'
installing to /rds/homes/a/axv209/R/library/4.5.0/EL8-ice/00LOCK-pak/00new/pak/library/tstoml/libs

Compiling processx 
using C compiler: ‘gcc (GCC) 13.3.0’
make[1]: Entering directory '/tmp/RtmpPnYWwF/R.INSTALLc12a8e00dd85/pak/src/library/processx/src'
gcc -std=gnu2x -O2 -ftree-vectorize -march=native -fno-math-errno  -L/rds/bear-apps/2024a/EL8-ice/software/FriBidi/1.0.15-GCCcore-13.3.0/lib64 -L/rds/bear-apps/2024a/EL8-ice/software/FriBidi/1.0.15-GCCcore-13.3.0/lib -L/rds/bear-apps/2024a/EL8-ice/software/HarfBuzz/9.0.0-GCCcore-13.3.0/lib64 -L/rds/bear-apps/2024a/EL8-ice/software/HarfBuzz/9.0.0-GCCcore-13.3.0/lib -L/rds/bear-apps/2024a/EL8-ice/software/Tk/8.6.14-GCCcore-13.3.0/lib64 -L/rds/bear-apps/2024a/EL8-ice/software/Tk/8.6.14-GCCcore-13.3.0/lib -L/rds/bear-apps/2024a/EL8-ice/software/cURL/8.7.1-GCCcore-13.3.0/lib64 -L/rds/bear-apps/2024a/EL8-ice/software/cURL/8.7.1-GCCcore-13.3.0/lib -L/rds/bear-apps/2024a/EL8-ice/software/OpenSSL/3/lib64 -L/rds/bear-apps/2024a/EL8-ice/software/OpenSSL/3/lib -L/rds/bear-apps/2024a/EL8-ice/software/libgit2/1.8.1-GCCcore-13.3.0/lib64 -L/rds/bear-apps/2024a/EL8-ice/software/libgit2/1.8.1-GCCcore-13.3.0/lib -L/rds/bear-apps/2024a/EL8-ice/software/Java/17.0.15/lib64 -L/rds/bear-apps/2024a/EL8-ice/software/Java/17.0.15/lib -L/rds/bear-apps/2024a/EL8-ice/software/LibTIFF/4.6.0-GCCcore-13.3.0/lib64 -L/rds/bear-apps/2024a/EL8-ice/software/LibTIFF/4.6.0-GCCcore-13.3.0/lib -L/rds/bear-apps/2024a/EL8-ice/software/libjpeg-turbo/3.0.1-GCCcore-13.3.0/lib64 -L/rds/bear-apps/2024a/EL8-ice/software/libjpeg-turbo/3.0.1-GCCcore-13.3.0/lib -L/rds/bear-apps/2024a/EL8-ice/software/libpng/1.6.43-GCCcore-13.3.0/lib64 -L/rds/bear-apps/2024a/EL8-ice/software/libpng/1.6.43-GCCcore-13.3.0/lib -L/rds/bear-apps/2024a/EL8-ice/software/PCRE2/10.43-GCCcore-13.3.0/lib64 -L/rds/bear-apps/2024a/EL8-ice/software/PCRE2/10.43-GCCcore-13.3.0/lib -L/rds/bear-apps/2024a/EL8-ice/software/SQLite/3.45.3-GCCcore-13.3.0/lib64 -L/rds/bear-apps/2024a/EL8-ice/software/SQLite/3.45.3-GCCcore-13.3.0/lib -L/rds/bear-apps/2024a/EL8-ice/software/zlib/1.3.1-GCCcore-13.3.0/lib64 -L/rds/bear-apps/2024a/EL8-ice/software/zlib/1.3.1-GCCcore-13.3.0/lib -L/rds/bear-apps/2024a/EL8-ice/software/XZ/5.4.5-GCCcore-13.3.0/lib64 -L/rds/bear-apps/2024a/EL8-ice/software/XZ/5.4.5-GCCcore-13.3.0/lib -L/rds/bear-apps/2024a/EL8-ice/software/bzip2/1.0.8-GCCcore-13.3.0/lib64 -L/rds/bear-apps/2024a/EL8-ice/software/bzip2/1.0.8-GCCcore-13.3.0/lib -L/rds/bear-apps/2024a/EL8-ice/software/ncurses/6.5-GCCcore-13.3.0/lib64 -L/rds/bear-apps/2024a/EL8-ice/software/ncurses/6.5-GCCcore-13.3.0/lib -L/rds/bear-apps/2024a/EL8-ice/software/libreadline/8.2-GCCcore-13.3.0/lib64 -L/rds/bear-apps/2024a/EL8-ice/software/libreadline/8.2-GCCcore-13.3.0/lib -L/rds/bear-apps/2024a/EL8-ice/software/cairo/1.18.0-GCCcore-13.3.0/lib64 -L/rds/bear-apps/2024a/EL8-ice/software/cairo/1.18.0-GCCcore-13.3.0/lib -L/rds/bear-apps/2024a/EL8-ice/software/libGLU/9.0.3-GCCcore-13.3.0/lib64 -L/rds/bear-apps/2024a/EL8-ice/software/libGLU/9.0.3-GCCcore-13.3.0/lib -L/rds/bear-apps/2024a/EL8-ice/software/Mesa/24.1.3-GCCcore-13.3.0/lib64 -L/rds/bear-apps/2024a/EL8-ice/software/Mesa/24.1.3-GCCcore-13.3.0/lib -L/rds/bear-apps/2024a/EL8-ice/software/X11/20240607-GCCcore-13.3.0/lib64 -L/rds/bear-apps/2024a/EL8-ice/software/X11/20240607-GCCcore-13.3.0/lib -L/rds/bear-apps/2024a/EL8-ice/software/pkgconf/2.2.0-GCCcore-13.3.0/lib64 -L/rds/bear-apps/2024a/EL8-ice/software/pkgconf/2.2.0-GCCcore-13.3.0/lib -L/rds/bear-apps/2024a/EL8-ice/software/FFTW/3.3.10-GCC-13.3.0/lib64 -L/rds/bear-apps/2024a/EL8-ice/software/FFTW/3.3.10-GCC-13.3.0/lib -L/rds/bear-apps/2024a/EL8-ice/software/FlexiBLAS/3.4.4-GCC-13.3.0/lib64 -L/rds/bear-apps/2024a/EL8-ice/software/FlexiBLAS/3.4.4-GCC-13.3.0/lib -L/rds/bear-apps/2024a/EL8-ice/software/GCCcore/13.3.0/lib64 -L/rds/bear-apps/2024a/EL8-ice/software/GCCcore/13.3.0/lib -Wall tools/px.c -o tools/px
gcc -std=gnu2x -O2 -ftree-vectorize -march=native -fno-math-errno  -L/rds/bear-apps/2024a/EL8-ice/software/FriBidi/1.0.15-GCCcore-13.3.0/lib64 -L/rds/bear-apps/2024a/EL8-ice/software/FriBidi/1.0.15-GCCcore-13.3.0/lib -L/rds/bear-apps/2024a/EL8-ice/software/HarfBuzz/9.0.0-GCCcore-13.3.0/lib64 -L/rds/bear-apps/2024a/EL8-ice/software/HarfBuzz/9.0.0-GCCcore-13.3.0/lib -L/rds/bear-apps/2024a/EL8-ice/software/Tk/8.6.14-GCCcore-13.3.0/lib64 -L/rds/bear-apps/2024a/EL8-ice/software/Tk/8.6.14-GCCcore-13.3.0/lib -L/rds/bear-apps/2024a/EL8-ice/software/cURL/8.7.1-GCCcore-13.3.0/lib64 -L/rds/bear-apps/2024a/EL8-ice/software/cURL/8.7.1-GCCcore-13.3.0/lib -L/rds/bear-apps/2024a/EL8-ice/software/OpenSSL/3/lib64 -L/rds/bear-apps/2024a/EL8-ice/software/OpenSSL/3/lib -L/rds/bear-apps/2024a/EL8-ice/software/libgit2/1.8.1-GCCcore-13.3.0/lib64 -L/rds/bear-apps/2024a/EL8-ice/software/libgit2/1.8.1-GCCcore-13.3.0/lib -L/rds/bear-apps/2024a/EL8-ice/software/Java/17.0.15/lib64 -L/rds/bear-apps/2024a/EL8-ice/software/Java/17.0.15/lib -L/rds/bear-apps/2024a/EL8-ice/software/LibTIFF/4.6.0-GCCcore-13.3.0/lib64 -L/rds/bear-apps/2024a/EL8-ice/software/LibTIFF/4.6.0-GCCcore-13.3.0/lib -L/rds/bear-apps/2024a/EL8-ice/software/libjpeg-turbo/3.0.1-GCCcore-13.3.0/lib64 -L/rds/bear-apps/2024a/EL8-ice/software/libjpeg-turbo/3.0.1-GCCcore-13.3.0/lib -L/rds/bear-apps/2024a/EL8-ice/software/libpng/1.6.43-GCCcore-13.3.0/lib64 -L/rds/bear-apps/2024a/EL8-ice/software/libpng/1.6.43-GCCcore-13.3.0/lib -L/rds/bear-apps/2024a/EL8-ice/software/PCRE2/10.43-GCCcore-13.3.0/lib64 -L/rds/bear-apps/2024a/EL8-ice/software/PCRE2/10.43-GCCcore-13.3.0/lib -L/rds/bear-apps/2024a/EL8-ice/software/SQLite/3.45.3-GCCcore-13.3.0/lib64 -L/rds/bear-apps/2024a/EL8-ice/software/SQLite/3.45.3-GCCcore-13.3.0/lib -L/rds/bear-apps/2024a/EL8-ice/software/zlib/1.3.1-GCCcore-13.3.0/lib64 -L/rds/bear-apps/2024a/EL8-ice/software/zlib/1.3.1-GCCcore-13.3.0/lib -L/rds/bear-apps/2024a/EL8-ice/software/XZ/5.4.5-GCCcore-13.3.0/lib64 -L/rds/bear-apps/2024a/EL8-ice/software/XZ/5.4.5-GCCcore-13.3.0/lib -L/rds/bear-apps/2024a/EL8-ice/software/bzip2/1.0.8-GCCcore-13.3.0/lib64 -L/rds/bear-apps/2024a/EL8-ice/software/bzip2/1.0.8-GCCcore-13.3.0/lib -L/rds/bear-apps/2024a/EL8-ice/software/ncurses/6.5-GCCcore-13.3.0/lib64 -L/rds/bear-apps/2024a/EL8-ice/software/ncurses/6.5-GCCcore-13.3.0/lib -L/rds/bear-apps/2024a/EL8-ice/software/libreadline/8.2-GCCcore-13.3.0/lib64 -L/rds/bear-apps/2024a/EL8-ice/software/libreadline/8.2-GCCcore-13.3.0/lib -L/rds/bear-apps/2024a/EL8-ice/software/cairo/1.18.0-GCCcore-13.3.0/lib64 -L/rds/bear-apps/2024a/EL8-ice/software/cairo/1.18.0-GCCcore-13.3.0/lib -L/rds/bear-apps/2024a/EL8-ice/software/libGLU/9.0.3-GCCcore-13.3.0/lib64 -L/rds/bear-apps/2024a/EL8-ice/software/libGLU/9.0.3-GCCcore-13.3.0/lib -L/rds/bear-apps/2024a/EL8-ice/software/Mesa/24.1.3-GCCcore-13.3.0/lib64 -L/rds/bear-apps/2024a/EL8-ice/software/Mesa/24.1.3-GCCcore-13.3.0/lib -L/rds/bear-apps/2024a/EL8-ice/software/X11/20240607-GCCcore-13.3.0/lib64 -L/rds/bear-apps/2024a/EL8-ice/software/X11/20240607-GCCcore-13.3.0/lib -L/rds/bear-apps/2024a/EL8-ice/software/pkgconf/2.2.0-GCCcore-13.3.0/lib64 -L/rds/bear-apps/2024a/EL8-ice/software/pkgconf/2.2.0-GCCcore-13.3.0/lib -L/rds/bear-apps/2024a/EL8-ice/software/FFTW/3.3.10-GCC-13.3.0/lib64 -L/rds/bear-apps/2024a/EL8-ice/software/FFTW/3.3.10-GCC-13.3.0/lib -L/rds/bear-apps/2024a/EL8-ice/software/FlexiBLAS/3.4.4-GCC-13.3.0/lib64 -L/rds/bear-apps/2024a/EL8-ice/software/FlexiBLAS/3.4.4-GCC-13.3.0/lib -L/rds/bear-apps/2024a/EL8-ice/software/GCCcore/13.3.0/lib64 -L/rds/bear-apps/2024a/EL8-ice/software/GCCcore/13.3.0/lib -I../inst/include -Wall tools/sock.c -o tools/sock
gcc -std=gnu2x -O2 -ftree-vectorize -march=native -fno-math-errno  -L/rds/bear-apps/2024a/EL8-ice/software/FriBidi/1.0.15-GCCcore-13.3.0/lib64 -L/rds/bear-apps/2024a/EL8-ice/software/FriBidi/1.0.15-GCCcore-13.3.0/lib -L/rds/bear-apps/2024a/EL8-ice/software/HarfBuzz/9.0.0-GCCcore-13.3.0/lib64 -L/rds/bear-apps/2024a/EL8-ice/software/HarfBuzz/9.0.0-GCCcore-13.3.0/lib -L/rds/bear-apps/2024a/EL8-ice/software/Tk/8.6.14-GCCcore-13.3.0/lib64 -L/rds/bear-apps/2024a/EL8-ice/software/Tk/8.6.14-GCCcore-13.3.0/lib -L/rds/bear-apps/2024a/EL8-ice/software/cURL/8.7.1-GCCcore-13.3.0/lib64 -L/rds/bear-apps/2024a/EL8-ice/software/cURL/8.7.1-GCCcore-13.3.0/lib -L/rds/bear-apps/2024a/EL8-ice/software/OpenSSL/3/lib64 -L/rds/bear-apps/2024a/EL8-ice/software/OpenSSL/3/lib -L/rds/bear-apps/2024a/EL8-ice/software/libgit2/1.8.1-GCCcore-13.3.0/lib64 -L/rds/bear-apps/2024a/EL8-ice/software/libgit2/1.8.1-GCCcore-13.3.0/lib -L/rds/bear-apps/2024a/EL8-ice/software/Java/17.0.15/lib64 -L/rds/bear-apps/2024a/EL8-ice/software/Java/17.0.15/lib -L/rds/bear-apps/2024a/EL8-ice/software/LibTIFF/4.6.0-GCCcore-13.3.0/lib64 -L/rds/bear-apps/2024a/EL8-ice/software/LibTIFF/4.6.0-GCCcore-13.3.0/lib -L/rds/bear-apps/2024a/EL8-ice/software/libjpeg-turbo/3.0.1-GCCcore-13.3.0/lib64 -L/rds/bear-apps/2024a/EL8-ice/software/libjpeg-turbo/3.0.1-GCCcore-13.3.0/lib -L/rds/bear-apps/2024a/EL8-ice/software/libpng/1.6.43-GCCcore-13.3.0/lib64 -L/rds/bear-apps/2024a/EL8-ice/software/libpng/1.6.43-GCCcore-13.3.0/lib -L/rds/bear-apps/2024a/EL8-ice/software/PCRE2/10.43-GCCcore-13.3.0/lib64 -L/rds/bear-apps/2024a/EL8-ice/software/PCRE2/10.43-GCCcore-13.3.0/lib -L/rds/bear-apps/2024a/EL8-ice/software/SQLite/3.45.3-GCCcore-13.3.0/lib64 -L/rds/bear-apps/2024a/EL8-ice/software/SQLite/3.45.3-GCCcore-13.3.0/lib -L/rds/bear-apps/2024a/EL8-ice/software/zlib/1.3.1-GCCcore-13.3.0/lib64 -L/rds/bear-apps/2024a/EL8-ice/software/zlib/1.3.1-GCCcore-13.3.0/lib -L/rds/bear-apps/2024a/EL8-ice/software/XZ/5.4.5-GCCcore-13.3.0/lib64 -L/rds/bear-apps/2024a/EL8-ice/software/XZ/5.4.5-GCCcore-13.3.0/lib -L/rds/bear-apps/2024a/EL8-ice/software/bzip2/1.0.8-GCCcore-13.3.0/lib64 -L/rds/bear-apps/2024a/EL8-ice/software/bzip2/1.0.8-GCCcore-13.3.0/lib -L/rds/bear-apps/2024a/EL8-ice/software/ncurses/6.5-GCCcore-13.3.0/lib64 -L/rds/bear-apps/2024a/EL8-ice/software/ncurses/6.5-GCCcore-13.3.0/lib -L/rds/bear-apps/2024a/EL8-ice/software/libreadline/8.2-GCCcore-13.3.0/lib64 -L/rds/bear-apps/2024a/EL8-ice/software/libreadline/8.2-GCCcore-13.3.0/lib -L/rds/bear-apps/2024a/EL8-ice/software/cairo/1.18.0-GCCcore-13.3.0/lib64 -L/rds/bear-apps/2024a/EL8-ice/software/cairo/1.18.0-GCCcore-13.3.0/lib -L/rds/bear-apps/2024a/EL8-ice/software/libGLU/9.0.3-GCCcore-13.3.0/lib64 -L/rds/bear-apps/2024a/EL8-ice/software/libGLU/9.0.3-GCCcore-13.3.0/lib -L/rds/bear-apps/2024a/EL8-ice/software/Mesa/24.1.3-GCCcore-13.3.0/lib64 -L/rds/bear-apps/2024a/EL8-ice/software/Mesa/24.1.3-GCCcore-13.3.0/lib -L/rds/bear-apps/2024a/EL8-ice/software/X11/20240607-GCCcore-13.3.0/lib64 -L/rds/bear-apps/2024a/EL8-ice/software/X11/20240607-GCCcore-13.3.0/lib -L/rds/bear-apps/2024a/EL8-ice/software/pkgconf/2.2.0-GCCcore-13.3.0/lib64 -L/rds/bear-apps/2024a/EL8-ice/software/pkgconf/2.2.0-GCCcore-13.3.0/lib -L/rds/bear-apps/2024a/EL8-ice/software/FFTW/3.3.10-GCC-13.3.0/lib64 -L/rds/bear-apps/2024a/EL8-ice/software/FFTW/3.3.10-GCC-13.3.0/lib -L/rds/bear-apps/2024a/EL8-ice/software/FlexiBLAS/3.4.4-GCC-13.3.0/lib64 -L/rds/bear-apps/2024a/EL8-ice/software/FlexiBLAS/3.4.4-GCC-13.3.0/lib -L/rds/bear-apps/2024a/EL8-ice/software/GCCcore/13.3.0/lib64 -L/rds/bear-apps/2024a/EL8-ice/software/GCCcore/13.3.0/lib supervisor/supervisor.c \
      supervisor/utils.c -o supervisor/supervisor
gcc -std=gnu2x -I"/rds/bear-apps/2024a/EL8-ice/software/R/4.5.0-gfbf-2024a/lib64/R/include" -DNDEBUG   -I/rds/bear-apps/2024a/EL8-ice/software/FriBidi/1.0.15-GCCcore-13.3.0/include -I/rds/bear-apps/2024a/EL8-ice/software/HarfBuzz/9.0.0-GCCcore-13.3.0/include -I/rds/bear-apps/2024a/EL8-ice/software/Tk/8.6.14-GCCcore-13.3.0/include -I/rds/bear-apps/2024a/EL8-ice/software/cURL/8.7.1-GCCcore-13.3.0/include -I/rds/bear-apps/2024a/EL8-ice/software/OpenSSL/3/include -I/rds/bear-apps/2024a/EL8-ice/software/libgit2/1.8.1-GCCcore-13.3.0/include -I/rds/bear-apps/2024a/EL8-ice/software/Java/17.0.15/include -I/rds/bear-apps/2024a/EL8-ice/software/LibTIFF/4.6.0-GCCcore-13.3.0/include -I/rds/bear-apps/2024a/EL8-ice/software/libjpeg-turbo/3.0.1-GCCcore-13.3.0/include -I/rds/bear-apps/2024a/EL8-ice/software/libpng/1.6.43-GCCcore-13.3.0/include -I/rds/bear-apps/2024a/EL8-ice/software/PCRE2/10.43-GCCcore-13.3.0/include -I/rds/bear-apps/2024a/EL8-ice/software/SQLite/3.45.3-GCCcore-13.3.0/include -I/rds/bear-apps/2024a/EL8-ice/software/zlib/1.3.1-GCCcore-13.3.0/include -I/rds/bear-apps/2024a/EL8-ice/software/XZ/5.4.5-GCCcore-13.3.0/include -I/rds/bear-apps/2024a/EL8-ice/software/bzip2/1.0.8-GCCcore-13.3.0/include -I/rds/bear-apps/2024a/EL8-ice/software/ncurses/6.5-GCCcore-13.3.0/include -I/rds/bear-apps/2024a/EL8-ice/software/libreadline/8.2-GCCcore-13.3.0/include -I/rds/bear-apps/2024a/EL8-ice/software/cairo/1.18.0-GCCcore-13.3.0/include -I/rds/bear-apps/2024a/EL8-ice/software/libGLU/9.0.3-GCCcore-13.3.0/include -I/rds/bear-apps/2024a/EL8-ice/software/Mesa/24.1.3-GCCcore-13.3.0/include -I/rds/bear-apps/2024a/EL8-ice/software/X11/20240607-GCCcore-13.3.0/include -I/rds/bear-apps/2024a/EL8-ice/software/pkgconf/2.2.0-GCCcore-13.3.0/include -I/rds/bear-apps/2024a/EL8-ice/software/FFTW/3.3.10-GCC-13.3.0/include -I/rds/bear-apps/2024a/EL8-ice/software/FlexiBLAS/3.4.4-GCC-13.3.0/include -I/rds/bear-apps/2024a/EL8-ice/software/FlexiBLAS/3.4.4-GCC-13.3.0/include/flexiblas    -fpic  -O2 -ftree-vectorize -march=native -fno-math-errno  -c base64.c -o base64.o
gcc -std=gnu2x -I"/rds/bear-apps/2024a/EL8-ice/software/R/4.5.0-gfbf-2024a/lib64/R/include" -DNDEBUG   -I/rds/bear-apps/2024a/EL8-ice/software/FriBidi/1.0.15-GCCcore-13.3.0/include -I/rds/bear-apps/2024a/EL8-ice/software/HarfBuzz/9.0.0-GCCcore-13.3.0/include -I/rds/bear-apps/2024a/EL8-ice/software/Tk/8.6.14-GCCcore-13.3.0/include -I/rds/bear-apps/2024a/EL8-ice/software/cURL/8.7.1-GCCcore-13.3.0/include -I/rds/bear-apps/2024a/EL8-ice/software/OpenSSL/3/include -I/rds/bear-apps/2024a/EL8-ice/software/libgit2/1.8.1-GCCcore-13.3.0/include -I/rds/bear-apps/2024a/EL8-ice/software/Java/17.0.15/include -I/rds/bear-apps/2024a/EL8-ice/software/LibTIFF/4.6.0-GCCcore-13.3.0/include -I/rds/bear-apps/2024a/EL8-ice/software/libjpeg-turbo/3.0.1-GCCcore-13.3.0/include -I/rds/bear-apps/2024a/EL8-ice/software/libpng/1.6.43-GCCcore-13.3.0/include -I/rds/bear-apps/2024a/EL8-ice/software/PCRE2/10.43-GCCcore-13.3.0/include -I/rds/bear-apps/2024a/EL8-ice/software/SQLite/3.45.3-GCCcore-13.3.0/include -I/rds/bear-apps/2024a/EL8-ice/software/zlib/1.3.1-GCCcore-13.3.0/include -I/rds/bear-apps/2024a/EL8-ice/software/XZ/5.4.5-GCCcore-13.3.0/include -I/rds/bear-apps/2024a/EL8-ice/software/bzip2/1.0.8-GCCcore-13.3.0/include -I/rds/bear-apps/2024a/EL8-ice/software/ncurses/6.5-GCCcore-13.3.0/include -I/rds/bear-apps/2024a/EL8-ice/software/libreadline/8.2-GCCcore-13.3.0/include -I/rds/bear-apps/2024a/EL8-ice/software/cairo/1.18.0-GCCcore-13.3.0/include -I/rds/bear-apps/2024a/EL8-ice/software/libGLU/9.0.3-GCCcore-13.3.0/include -I/rds/bear-apps/2024a/EL8-ice/software/Mesa/24.1.3-GCCcore-13.3.0/include -I/rds/bear-apps/2024a/EL8-ice/software/X11/20240607-GCCcore-13.3.0/include -I/rds/bear-apps/2024a/EL8-ice/software/pkgconf/2.2.0-GCCcore-13.3.0/include -I/rds/bear-apps/2024a/EL8-ice/software/FFTW/3.3.10-GCC-13.3.0/include -I/rds/bear-apps/2024a/EL8-ice/software/FlexiBLAS/3.4.4-GCC-13.3.0/include -I/rds/bear-apps/2024a/EL8-ice/software/FlexiBLAS/3.4.4-GCC-13.3.0/include/flexiblas    -fpic  -O2 -ftree-vectorize -march=native -fno-math-errno  -c client.c -o client.o
gcc -std=gnu2x -I"/rds/bear-apps/2024a/EL8-ice/software/R/4.5.0-gfbf-2024a/lib64/R/include" -DNDEBUG   -I/rds/bear-apps/2024a/EL8-ice/software/FriBidi/1.0.15-GCCcore-13.3.0/include -I/rds/bear-apps/2024a/EL8-ice/software/HarfBuzz/9.0.0-GCCcore-13.3.0/include -I/rds/bear-apps/2024a/EL8-ice/software/Tk/8.6.14-GCCcore-13.3.0/include -I/rds/bear-apps/2024a/EL8-ice/software/cURL/8.7.1-GCCcore-13.3.0/include -I/rds/bear-apps/2024a/EL8-ice/software/OpenSSL/3/include -I/rds/bear-apps/2024a/EL8-ice/software/libgit2/1.8.1-GCCcore-13.3.0/include -I/rds/bear-apps/2024a/EL8-ice/software/Java/17.0.15/include -I/rds/bear-apps/2024a/EL8-ice/software/LibTIFF/4.6.0-GCCcore-13.3.0/include -I/rds/bear-apps/2024a/EL8-ice/software/libjpeg-turbo/3.0.1-GCCcore-13.3.0/include -I/rds/bear-apps/2024a/EL8-ice/software/libpng/1.6.43-GCCcore-13.3.0/include -I/rds/bear-apps/2024a/EL8-ice/software/PCRE2/10.43-GCCcore-13.3.0/include -I/rds/bear-apps/2024a/EL8-ice/software/SQLite/3.45.3-GCCcore-13.3.0/include -I/rds/bear-apps/2024a/EL8-ice/software/zlib/1.3.1-GCCcore-13.3.0/include -I/rds/bear-apps/2024a/EL8-ice/software/XZ/5.4.5-GCCcore-13.3.0/include -I/rds/bear-apps/2024a/EL8-ice/software/bzip2/1.0.8-GCCcore-13.3.0/include -I/rds/bear-apps/2024a/EL8-ice/software/ncurses/6.5-GCCcore-13.3.0/include -I/rds/bear-apps/2024a/EL8-ice/software/libreadline/8.2-GCCcore-13.3.0/include -I/rds/bear-apps/2024a/EL8-ice/software/cairo/1.18.0-GCCcore-13.3.0/include -I/rds/bear-apps/2024a/EL8-ice/software/libGLU/9.0.3-GCCcore-13.3.0/include -I/rds/bear-apps/2024a/EL8-ice/software/Mesa/24.1.3-GCCcore-13.3.0/include -I/rds/bear-apps/2024a/EL8-ice/software/X11/20240607-GCCcore-13.3.0/include -I/rds/bear-apps/2024a/EL8-ice/software/pkgconf/2.2.0-GCCcore-13.3.0/include -I/rds/bear-apps/2024a/EL8-ice/software/FFTW/3.3.10-GCC-13.3.0/include -I/rds/bear-apps/2024a/EL8-ice/software/FlexiBLAS/3.4.4-GCC-13.3.0/include -I/rds/bear-apps/2024a/EL8-ice/software/FlexiBLAS/3.4.4-GCC-13.3.0/include/flexiblas    -fpic  -O2 -ftree-vectorize -march=native -fno-math-errno  -c errors.c -o errors.o
gcc -std=gnu2x -shared -L"/rds/bear-apps/2024a/EL8-ice/software/R/4.5.0-gfbf-2024a/lib64/R/lib" -L/rds/bear-apps/2024a/EL8-ice/software/FriBidi/1.0.15-GCCcore-13.3.0/lib64 -L/rds/bear-apps/2024a/EL8-ice/software/FriBidi/1.0.15-GCCcore-13.3.0/lib -L/rds/bear-apps/2024a/EL8-ice/software/HarfBuzz/9.0.0-GCCcore-13.3.0/lib64 -L/rds/bear-apps/2024a/EL8-ice/software/HarfBuzz/9.0.0-GCCcore-13.3.0/lib -L/rds/bear-apps/2024a/EL8-ice/software/Tk/8.6.14-GCCcore-13.3.0/lib64 -L/rds/bear-apps/2024a/EL8-ice/software/Tk/8.6.14-GCCcore-13.3.0/lib -L/rds/bear-apps/2024a/EL8-ice/software/cURL/8.7.1-GCCcore-13.3.0/lib64 -L/rds/bear-apps/2024a/EL8-ice/software/cURL/8.7.1-GCCcore-13.3.0/lib -L/rds/bear-apps/2024a/EL8-ice/software/OpenSSL/3/lib64 -L/rds/bear-apps/2024a/EL8-ice/software/OpenSSL/3/lib -L/rds/bear-apps/2024a/EL8-ice/software/libgit2/1.8.1-GCCcore-13.3.0/lib64 -L/rds/bear-apps/2024a/EL8-ice/software/libgit2/1.8.1-GCCcore-13.3.0/lib -L/rds/bear-apps/2024a/EL8-ice/software/Java/17.0.15/lib64 -L/rds/bear-apps/2024a/EL8-ice/software/Java/17.0.15/lib -L/rds/bear-apps/2024a/EL8-ice/software/LibTIFF/4.6.0-GCCcore-13.3.0/lib64 -L/rds/bear-apps/2024a/EL8-ice/software/LibTIFF/4.6.0-GCCcore-13.3.0/lib -L/rds/bear-apps/2024a/EL8-ice/software/libjpeg-turbo/3.0.1-GCCcore-13.3.0/lib64 -L/rds/bear-apps/2024a/EL8-ice/software/libjpeg-turbo/3.0.1-GCCcore-13.3.0/lib -L/rds/bear-apps/2024a/EL8-ice/software/libpng/1.6.43-GCCcore-13.3.0/lib64 -L/rds/bear-apps/2024a/EL8-ice/software/libpng/1.6.43-GCCcore-13.3.0/lib -L/rds/bear-apps/2024a/EL8-ice/software/PCRE2/10.43-GCCcore-13.3.0/lib64 -L/rds/bear-apps/2024a/EL8-ice/software/PCRE2/10.43-GCCcore-13.3.0/lib -L/rds/bear-apps/2024a/EL8-ice/software/SQLite/3.45.3-GCCcore-13.3.0/lib64 -L/rds/bear-apps/2024a/EL8-ice/software/SQLite/3.45.3-GCCcore-13.3.0/lib -L/rds/bear-apps/2024a/EL8-ice/software/zlib/1.3.1-GCCcore-13.3.0/lib64 -L/rds/bear-apps/2024a/EL8-ice/software/zlib/1.3.1-GCCcore-13.3.0/lib -L/rds/bear-apps/2024a/EL8-ice/software/XZ/5.4.5-GCCcore-13.3.0/lib64 -L/rds/bear-apps/2024a/EL8-ice/software/XZ/5.4.5-GCCcore-13.3.0/lib -L/rds/bear-apps/2024a/EL8-ice/software/bzip2/1.0.8-GCCcore-13.3.0/lib64 -L/rds/bear-apps/2024a/EL8-ice/software/bzip2/1.0.8-GCCcore-13.3.0/lib -L/rds/bear-apps/2024a/EL8-ice/software/ncurses/6.5-GCCcore-13.3.0/lib64 -L/rds/bear-apps/2024a/EL8-ice/software/ncurses/6.5-GCCcore-13.3.0/lib -L/rds/bear-apps/2024a/EL8-ice/software/libreadline/8.2-GCCcore-13.3.0/lib64 -L/rds/bear-apps/2024a/EL8-ice/software/libreadline/8.2-GCCcore-13.3.0/lib -L/rds/bear-apps/2024a/EL8-ice/software/cairo/1.18.0-GCCcore-13.3.0/lib64 -L/rds/bear-apps/2024a/EL8-ice/software/cairo/1.18.0-GCCcore-13.3.0/lib -L/rds/bear-apps/2024a/EL8-ice/software/libGLU/9.0.3-GCCcore-13.3.0/lib64 -L/rds/bear-apps/2024a/EL8-ice/software/libGLU/9.0.3-GCCcore-13.3.0/lib -L/rds/bear-apps/2024a/EL8-ice/software/Mesa/24.1.3-GCCcore-13.3.0/lib64 -L/rds/bear-apps/2024a/EL8-ice/software/Mesa/24.1.3-GCCcore-13.3.0/lib -L/rds/bear-apps/2024a/EL8-ice/software/X11/20240607-GCCcore-13.3.0/lib64 -L/rds/bear-apps/2024a/EL8-ice/software/X11/20240607-GCCcore-13.3.0/lib -L/rds/bear-apps/2024a/EL8-ice/software/pkgconf/2.2.0-GCCcore-13.3.0/lib64 -L/rds/bear-apps/2024a/EL8-ice/software/pkgconf/2.2.0-GCCcore-13.3.0/lib -L/rds/bear-apps/2024a/EL8-ice/software/FFTW/3.3.10-GCC-13.3.0/lib64 -L/rds/bear-apps/2024a/EL8-ice/software/FFTW/3.3.10-GCC-13.3.0/lib -L/rds/bear-apps/2024a/EL8-ice/software/FlexiBLAS/3.4.4-GCC-13.3.0/lib64 -L/rds/bear-apps/2024a/EL8-ice/software/FlexiBLAS/3.4.4-GCC-13.3.0/lib -L/rds/bear-apps/2024a/EL8-ice/software/GCCcore/13.3.0/lib64 -L/rds/bear-apps/2024a/EL8-ice/software/GCCcore/13.3.0/lib -o client.so base64.o client.o errors.o  \
	 -L"/rds/bear-apps/2024a/EL8-ice/software/R/4.5.0-gfbf-2024a/lib64/R/lib" -lR
gcc -std=gnu2x -I"/rds/bear-apps/2024a/EL8-ice/software/R/4.5.0-gfbf-2024a/lib64/R/include" -DNDEBUG   -I/rds/bear-apps/2024a/EL8-ice/software/FriBidi/1.0.15-GCCcore-13.3.0/include -I/rds/bear-apps/2024a/EL8-ice/software/HarfBuzz/9.0.0-GCCcore-13.3.0/include -I/rds/bear-apps/2024a/EL8-ice/software/Tk/8.6.14-GCCcore-13.3.0/include -I/rds/bear-apps/2024a/EL8-ice/software/cURL/8.7.1-GCCcore-13.3.0/include -I/rds/bear-apps/2024a/EL8-ice/software/OpenSSL/3/include -I/rds/bear-apps/2024a/EL8-ice/software/libgit2/1.8.1-GCCcore-13.3.0/include -I/rds/bear-apps/2024a/EL8-ice/software/Java/17.0.15/include -I/rds/bear-apps/2024a/EL8-ice/software/LibTIFF/4.6.0-GCCcore-13.3.0/include -I/rds/bear-apps/2024a/EL8-ice/software/libjpeg-turbo/3.0.1-GCCcore-13.3.0/include -I/rds/bear-apps/2024a/EL8-ice/software/libpng/1.6.43-GCCcore-13.3.0/include -I/rds/bear-apps/2024a/EL8-ice/software/PCRE2/10.43-GCCcore-13.3.0/include -I/rds/bear-apps/2024a/EL8-ice/software/SQLite/3.45.3-GCCcore-13.3.0/include -I/rds/bear-apps/2024a/EL8-ice/software/zlib/1.3.1-GCCcore-13.3.0/include -I/rds/bear-apps/2024a/EL8-ice/software/XZ/5.4.5-GCCcore-13.3.0/include -I/rds/bear-apps/2024a/EL8-ice/software/bzip2/1.0.8-GCCcore-13.3.0/include -I/rds/bear-apps/2024a/EL8-ice/software/ncurses/6.5-GCCcore-13.3.0/include -I/rds/bear-apps/2024a/EL8-ice/software/libreadline/8.2-GCCcore-13.3.0/include -I/rds/bear-apps/2024a/EL8-ice/software/cairo/1.18.0-GCCcore-13.3.0/include -I/rds/bear-apps/2024a/EL8-ice/software/libGLU/9.0.3-GCCcore-13.3.0/include -I/rds/bear-apps/2024a/EL8-ice/software/Mesa/24.1.3-GCCcore-13.3.0/include -I/rds/bear-apps/2024a/EL8-ice/software/X11/20240607-GCCcore-13.3.0/include -I/rds/bear-apps/2024a/EL8-ice/software/pkgconf/2.2.0-GCCcore-13.3.0/include -I/rds/bear-apps/2024a/EL8-ice/software/FFTW/3.3.10-GCC-13.3.0/include -I/rds/bear-apps/2024a/EL8-ice/software/FlexiBLAS/3.4.4-GCC-13.3.0/include -I/rds/bear-apps/2024a/EL8-ice/software/FlexiBLAS/3.4.4-GCC-13.3.0/include/flexiblas    -fpic  -O2 -ftree-vectorize -march=native -fno-math-errno  -c init.c -o init.o
gcc -std=gnu2x -I"/rds/bear-apps/2024a/EL8-ice/software/R/4.5.0-gfbf-2024a/lib64/R/include" -DNDEBUG   -I/rds/bear-apps/2024a/EL8-ice/software/FriBidi/1.0.15-GCCcore-13.3.0/include -I/rds/bear-apps/2024a/EL8-ice/software/HarfBuzz/9.0.0-GCCcore-13.3.0/include -I/rds/bear-apps/2024a/EL8-ice/software/Tk/8.6.14-GCCcore-13.3.0/include -I/rds/bear-apps/2024a/EL8-ice/software/cURL/8.7.1-GCCcore-13.3.0/include -I/rds/bear-apps/2024a/EL8-ice/software/OpenSSL/3/include -I/rds/bear-apps/2024a/EL8-ice/software/libgit2/1.8.1-GCCcore-13.3.0/include -I/rds/bear-apps/2024a/EL8-ice/software/Java/17.0.15/include -I/rds/bear-apps/2024a/EL8-ice/software/LibTIFF/4.6.0-GCCcore-13.3.0/include -I/rds/bear-apps/2024a/EL8-ice/software/libjpeg-turbo/3.0.1-GCCcore-13.3.0/include -I/rds/bear-apps/2024a/EL8-ice/software/libpng/1.6.43-GCCcore-13.3.0/include -I/rds/bear-apps/2024a/EL8-ice/software/PCRE2/10.43-GCCcore-13.3.0/include -I/rds/bear-apps/2024a/EL8-ice/software/SQLite/3.45.3-GCCcore-13.3.0/include -I/rds/bear-apps/2024a/EL8-ice/software/zlib/1.3.1-GCCcore-13.3.0/include -I/rds/bear-apps/2024a/EL8-ice/software/XZ/5.4.5-GCCcore-13.3.0/include -I/rds/bear-apps/2024a/EL8-ice/software/bzip2/1.0.8-GCCcore-13.3.0/include -I/rds/bear-apps/2024a/EL8-ice/software/ncurses/6.5-GCCcore-13.3.0/include -I/rds/bear-apps/2024a/EL8-ice/software/libreadline/8.2-GCCcore-13.3.0/include -I/rds/bear-apps/2024a/EL8-ice/software/cairo/1.18.0-GCCcore-13.3.0/include -I/rds/bear-apps/2024a/EL8-ice/software/libGLU/9.0.3-GCCcore-13.3.0/include -I/rds/bear-apps/2024a/EL8-ice/software/Mesa/24.1.3-GCCcore-13.3.0/include -I/rds/bear-apps/2024a/EL8-ice/software/X11/20240607-GCCcore-13.3.0/include -I/rds/bear-apps/2024a/EL8-ice/software/pkgconf/2.2.0-GCCcore-13.3.0/include -I/rds/bear-apps/2024a/EL8-ice/software/FFTW/3.3.10-GCC-13.3.0/include -I/rds/bear-apps/2024a/EL8-ice/software/FlexiBLAS/3.4.4-GCC-13.3.0/include -I/rds/bear-apps/2024a/EL8-ice/software/FlexiBLAS/3.4.4-GCC-13.3.0/include/flexiblas    -fpic  -O2 -ftree-vectorize -march=native -fno-math-errno  -c poll.c -o poll.o
gcc -std=gnu2x -I"/rds/bear-apps/2024a/EL8-ice/software/R/4.5.0-gfbf-2024a/lib64/R/include" -DNDEBUG   -I/rds/bear-apps/2024a/EL8-ice/software/FriBidi/1.0.15-GCCcore-13.3.0/include -I/rds/bear-apps/2024a/EL8-ice/software/HarfBuzz/9.0.0-GCCcore-13.3.0/include -I/rds/bear-apps/2024a/EL8-ice/software/Tk/8.6.14-GCCcore-13.3.0/include -I/rds/bear-apps/2024a/EL8-ice/software/cURL/8.7.1-GCCcore-13.3.0/include -I/rds/bear-apps/2024a/EL8-ice/software/OpenSSL/3/include -I/rds/bear-apps/2024a/EL8-ice/software/libgit2/1.8.1-GCCcore-13.3.0/include -I/rds/bear-apps/2024a/EL8-ice/software/Java/17.0.15/include -I/rds/bear-apps/2024a/EL8-ice/software/LibTIFF/4.6.0-GCCcore-13.3.0/include -I/rds/bear-apps/2024a/EL8-ice/software/libjpeg-turbo/3.0.1-GCCcore-13.3.0/include -I/rds/bear-apps/2024a/EL8-ice/software/libpng/1.6.43-GCCcore-13.3.0/include -I/rds/bear-apps/2024a/EL8-ice/software/PCRE2/10.43-GCCcore-13.3.0/include -I/rds/bear-apps/2024a/EL8-ice/software/SQLite/3.45.3-GCCcore-13.3.0/include -I/rds/bear-apps/2024a/EL8-ice/software/zlib/1.3.1-GCCcore-13.3.0/include -I/rds/bear-apps/2024a/EL8-ice/software/XZ/5.4.5-GCCcore-13.3.0/include -I/rds/bear-apps/2024a/EL8-ice/software/bzip2/1.0.8-GCCcore-13.3.0/include -I/rds/bear-apps/2024a/EL8-ice/software/ncurses/6.5-GCCcore-13.3.0/include -I/rds/bear-apps/2024a/EL8-ice/software/libreadline/8.2-GCCcore-13.3.0/include -I/rds/bear-apps/2024a/EL8-ice/software/cairo/1.18.0-GCCcore-13.3.0/include -I/rds/bear-apps/2024a/EL8-ice/software/libGLU/9.0.3-GCCcore-13.3.0/include -I/rds/bear-apps/2024a/EL8-ice/software/Mesa/24.1.3-GCCcore-13.3.0/include -I/rds/bear-apps/2024a/EL8-ice/software/X11/20240607-GCCcore-13.3.0/include -I/rds/bear-apps/2024a/EL8-ice/software/pkgconf/2.2.0-GCCcore-13.3.0/include -I/rds/bear-apps/2024a/EL8-ice/software/FFTW/3.3.10-GCC-13.3.0/include -I/rds/bear-apps/2024a/EL8-ice/software/FlexiBLAS/3.4.4-GCC-13.3.0/include -I/rds/bear-apps/2024a/EL8-ice/software/FlexiBLAS/3.4.4-GCC-13.3.0/include/flexiblas    -fpic  -O2 -ftree-vectorize -march=native -fno-math-errno  -c processx-connection.c -o processx-connection.o
gcc -std=gnu2x -I"/rds/bear-apps/2024a/EL8-ice/software/R/4.5.0-gfbf-2024a/lib64/R/include" -DNDEBUG   -I/rds/bear-apps/2024a/EL8-ice/software/FriBidi/1.0.15-GCCcore-13.3.0/include -I/rds/bear-apps/2024a/EL8-ice/software/HarfBuzz/9.0.0-GCCcore-13.3.0/include -I/rds/bear-apps/2024a/EL8-ice/software/Tk/8.6.14-GCCcore-13.3.0/include -I/rds/bear-apps/2024a/EL8-ice/software/cURL/8.7.1-GCCcore-13.3.0/include -I/rds/bear-apps/2024a/EL8-ice/software/OpenSSL/3/include -I/rds/bear-apps/2024a/EL8-ice/software/libgit2/1.8.1-GCCcore-13.3.0/include -I/rds/bear-apps/2024a/EL8-ice/software/Java/17.0.15/include -I/rds/bear-apps/2024a/EL8-ice/software/LibTIFF/4.6.0-GCCcore-13.3.0/include -I/rds/bear-apps/2024a/EL8-ice/software/libjpeg-turbo/3.0.1-GCCcore-13.3.0/include -I/rds/bear-apps/2024a/EL8-ice/software/libpng/1.6.43-GCCcore-13.3.0/include -I/rds/bear-apps/2024a/EL8-ice/software/PCRE2/10.43-GCCcore-13.3.0/include -I/rds/bear-apps/2024a/EL8-ice/software/SQLite/3.45.3-GCCcore-13.3.0/include -I/rds/bear-apps/2024a/EL8-ice/software/zlib/1.3.1-GCCcore-13.3.0/include -I/rds/bear-apps/2024a/EL8-ice/software/XZ/5.4.5-GCCcore-13.3.0/include -I/rds/bear-apps/2024a/EL8-ice/software/bzip2/1.0.8-GCCcore-13.3.0/include -I/rds/bear-apps/2024a/EL8-ice/software/ncurses/6.5-GCCcore-13.3.0/include -I/rds/bear-apps/2024a/EL8-ice/software/libreadline/8.2-GCCcore-13.3.0/include -I/rds/bear-apps/2024a/EL8-ice/software/cairo/1.18.0-GCCcore-13.3.0/include -I/rds/bear-apps/2024a/EL8-ice/software/libGLU/9.0.3-GCCcore-13.3.0/include -I/rds/bear-apps/2024a/EL8-ice/software/Mesa/24.1.3-GCCcore-13.3.0/include -I/rds/bear-apps/2024a/EL8-ice/software/X11/20240607-GCCcore-13.3.0/include -I/rds/bear-apps/2024a/EL8-ice/software/pkgconf/2.2.0-GCCcore-13.3.0/include -I/rds/bear-apps/2024a/EL8-ice/software/FFTW/3.3.10-GCC-13.3.0/include -I/rds/bear-apps/2024a/EL8-ice/software/FlexiBLAS/3.4.4-GCC-13.3.0/include -I/rds/bear-apps/2024a/EL8-ice/software/FlexiBLAS/3.4.4-GCC-13.3.0/include/flexiblas    -fpic  -O2 -ftree-vectorize -march=native -fno-math-errno  -c processx-vector.c -o processx-vector.o
gcc -std=gnu2x -I"/rds/bear-apps/2024a/EL8-ice/software/R/4.5.0-gfbf-2024a/lib64/R/include" -DNDEBUG   -I/rds/bear-apps/2024a/EL8-ice/software/FriBidi/1.0.15-GCCcore-13.3.0/include -I/rds/bear-apps/2024a/EL8-ice/software/HarfBuzz/9.0.0-GCCcore-13.3.0/include -I/rds/bear-apps/2024a/EL8-ice/software/Tk/8.6.14-GCCcore-13.3.0/include -I/rds/bear-apps/2024a/EL8-ice/software/cURL/8.7.1-GCCcore-13.3.0/include -I/rds/bear-apps/2024a/EL8-ice/software/OpenSSL/3/include -I/rds/bear-apps/2024a/EL8-ice/software/libgit2/1.8.1-GCCcore-13.3.0/include -I/rds/bear-apps/2024a/EL8-ice/software/Java/17.0.15/include -I/rds/bear-apps/2024a/EL8-ice/software/LibTIFF/4.6.0-GCCcore-13.3.0/include -I/rds/bear-apps/2024a/EL8-ice/software/libjpeg-turbo/3.0.1-GCCcore-13.3.0/include -I/rds/bear-apps/2024a/EL8-ice/software/libpng/1.6.43-GCCcore-13.3.0/include -I/rds/bear-apps/2024a/EL8-ice/software/PCRE2/10.43-GCCcore-13.3.0/include -I/rds/bear-apps/2024a/EL8-ice/software/SQLite/3.45.3-GCCcore-13.3.0/include -I/rds/bear-apps/2024a/EL8-ice/software/zlib/1.3.1-GCCcore-13.3.0/include -I/rds/bear-apps/2024a/EL8-ice/software/XZ/5.4.5-GCCcore-13.3.0/include -I/rds/bear-apps/2024a/EL8-ice/software/bzip2/1.0.8-GCCcore-13.3.0/include -I/rds/bear-apps/2024a/EL8-ice/software/ncurses/6.5-GCCcore-13.3.0/include -I/rds/bear-apps/2024a/EL8-ice/software/libreadline/8.2-GCCcore-13.3.0/include -I/rds/bear-apps/2024a/EL8-ice/software/cairo/1.18.0-GCCcore-13.3.0/include -I/rds/bear-apps/2024a/EL8-ice/software/libGLU/9.0.3-GCCcore-13.3.0/include -I/rds/bear-apps/2024a/EL8-ice/software/Mesa/24.1.3-GCCcore-13.3.0/include -I/rds/bear-apps/2024a/EL8-ice/software/X11/20240607-GCCcore-13.3.0/include -I/rds/bear-apps/2024a/EL8-ice/software/pkgconf/2.2.0-GCCcore-13.3.0/include -I/rds/bear-apps/2024a/EL8-ice/software/FFTW/3.3.10-GCC-13.3.0/include -I/rds/bear-apps/2024a/EL8-ice/software/FlexiBLAS/3.4.4-GCC-13.3.0/include -I/rds/bear-apps/2024a/EL8-ice/software/FlexiBLAS/3.4.4-GCC-13.3.0/include/flexiblas    -fpic  -O2 -ftree-vectorize -march=native -fno-math-errno  -c create-time.c -o create-time.o
gcc -std=gnu2x -I"/rds/bear-apps/2024a/EL8-ice/software/R/4.5.0-gfbf-2024a/lib64/R/include" -DNDEBUG   -I/rds/bear-apps/2024a/EL8-ice/software/FriBidi/1.0.15-GCCcore-13.3.0/include -I/rds/bear-apps/2024a/EL8-ice/software/HarfBuzz/9.0.0-GCCcore-13.3.0/include -I/rds/bear-apps/2024a/EL8-ice/software/Tk/8.6.14-GCCcore-13.3.0/include -I/rds/bear-apps/2024a/EL8-ice/software/cURL/8.7.1-GCCcore-13.3.0/include -I/rds/bear-apps/2024a/EL8-ice/software/OpenSSL/3/include -I/rds/bear-apps/2024a/EL8-ice/software/libgit2/1.8.1-GCCcore-13.3.0/include -I/rds/bear-apps/2024a/EL8-ice/software/Java/17.0.15/include -I/rds/bear-apps/2024a/EL8-ice/software/LibTIFF/4.6.0-GCCcore-13.3.0/include -I/rds/bear-apps/2024a/EL8-ice/software/libjpeg-turbo/3.0.1-GCCcore-13.3.0/include -I/rds/bear-apps/2024a/EL8-ice/software/libpng/1.6.43-GCCcore-13.3.0/include -I/rds/bear-apps/2024a/EL8-ice/software/PCRE2/10.43-GCCcore-13.3.0/include -I/rds/bear-apps/2024a/EL8-ice/software/SQLite/3.45.3-GCCcore-13.3.0/include -I/rds/bear-apps/2024a/EL8-ice/software/zlib/1.3.1-GCCcore-13.3.0/include -I/rds/bear-apps/2024a/EL8-ice/software/XZ/5.4.5-GCCcore-13.3.0/include -I/rds/bear-apps/2024a/EL8-ice/software/bzip2/1.0.8-GCCcore-13.3.0/include -I/rds/bear-apps/2024a/EL8-ice/software/ncurses/6.5-GCCcore-13.3.0/include -I/rds/bear-apps/2024a/EL8-ice/software/libreadline/8.2-GCCcore-13.3.0/include -I/rds/bear-apps/2024a/EL8-ice/software/cairo/1.18.0-GCCcore-13.3.0/include -I/rds/bear-apps/2024a/EL8-ice/software/libGLU/9.0.3-GCCcore-13.3.0/include -I/rds/bear-apps/2024a/EL8-ice/software/Mesa/24.1.3-GCCcore-13.3.0/include -I/rds/bear-apps/2024a/EL8-ice/software/X11/20240607-GCCcore-13.3.0/include -I/rds/bear-apps/2024a/EL8-ice/software/pkgconf/2.2.0-GCCcore-13.3.0/include -I/rds/bear-apps/2024a/EL8-ice/software/FFTW/3.3.10-GCC-13.3.0/include -I/rds/bear-apps/2024a/EL8-ice/software/FlexiBLAS/3.4.4-GCC-13.3.0/include -I/rds/bear-apps/2024a/EL8-ice/software/FlexiBLAS/3.4.4-GCC-13.3.0/include/flexiblas    -fpic  -O2 -ftree-vectorize -march=native -fno-math-errno  -c unix/childlist.c -o unix/childlist.o
gcc -std=gnu2x -I"/rds/bear-apps/2024a/EL8-ice/software/R/4.5.0-gfbf-2024a/lib64/R/include" -DNDEBUG   -I/rds/bear-apps/2024a/EL8-ice/software/FriBidi/1.0.15-GCCcore-13.3.0/include -I/rds/bear-apps/2024a/EL8-ice/software/HarfBuzz/9.0.0-GCCcore-13.3.0/include -I/rds/bear-apps/2024a/EL8-ice/software/Tk/8.6.14-GCCcore-13.3.0/include -I/rds/bear-apps/2024a/EL8-ice/software/cURL/8.7.1-GCCcore-13.3.0/include -I/rds/bear-apps/2024a/EL8-ice/software/OpenSSL/3/include -I/rds/bear-apps/2024a/EL8-ice/software/libgit2/1.8.1-GCCcore-13.3.0/include -I/rds/bear-apps/2024a/EL8-ice/software/Java/17.0.15/include -I/rds/bear-apps/2024a/EL8-ice/software/LibTIFF/4.6.0-GCCcore-13.3.0/include -I/rds/bear-apps/2024a/EL8-ice/software/libjpeg-turbo/3.0.1-GCCcore-13.3.0/include -I/rds/bear-apps/2024a/EL8-ice/software/libpng/1.6.43-GCCcore-13.3.0/include -I/rds/bear-apps/2024a/EL8-ice/software/PCRE2/10.43-GCCcore-13.3.0/include -I/rds/bear-apps/2024a/EL8-ice/software/SQLite/3.45.3-GCCcore-13.3.0/include -I/rds/bear-apps/2024a/EL8-ice/software/zlib/1.3.1-GCCcore-13.3.0/include -I/rds/bear-apps/2024a/EL8-ice/software/XZ/5.4.5-GCCcore-13.3.0/include -I/rds/bear-apps/2024a/EL8-ice/software/bzip2/1.0.8-GCCcore-13.3.0/include -I/rds/bear-apps/2024a/EL8-ice/software/ncurses/6.5-GCCcore-13.3.0/include -I/rds/bear-apps/2024a/EL8-ice/software/libreadline/8.2-GCCcore-13.3.0/include -I/rds/bear-apps/2024a/EL8-ice/software/cairo/1.18.0-GCCcore-13.3.0/include -I/rds/bear-apps/2024a/EL8-ice/software/libGLU/9.0.3-GCCcore-13.3.0/include -I/rds/bear-apps/2024a/EL8-ice/software/Mesa/24.1.3-GCCcore-13.3.0/include -I/rds/bear-apps/2024a/EL8-ice/software/X11/20240607-GCCcore-13.3.0/include -I/rds/bear-apps/2024a/EL8-ice/software/pkgconf/2.2.0-GCCcore-13.3.0/include -I/rds/bear-apps/2024a/EL8-ice/software/FFTW/3.3.10-GCC-13.3.0/include -I/rds/bear-apps/2024a/EL8-ice/software/FlexiBLAS/3.4.4-GCC-13.3.0/include -I/rds/bear-apps/2024a/EL8-ice/software/FlexiBLAS/3.4.4-GCC-13.3.0/include/flexiblas    -fpic  -O2 -ftree-vectorize -march=native -fno-math-errno  -c unix/connection.c -o unix/connection.o
gcc -std=gnu2x -I"/rds/bear-apps/2024a/EL8-ice/software/R/4.5.0-gfbf-2024a/lib64/R/include" -DNDEBUG   -I/rds/bear-apps/2024a/EL8-ice/software/FriBidi/1.0.15-GCCcore-13.3.0/include -I/rds/bear-apps/2024a/EL8-ice/software/HarfBuzz/9.0.0-GCCcore-13.3.0/include -I/rds/bear-apps/2024a/EL8-ice/software/Tk/8.6.14-GCCcore-13.3.0/include -I/rds/bear-apps/2024a/EL8-ice/software/cURL/8.7.1-GCCcore-13.3.0/include -I/rds/bear-apps/2024a/EL8-ice/software/OpenSSL/3/include -I/rds/bear-apps/2024a/EL8-ice/software/libgit2/1.8.1-GCCcore-13.3.0/include -I/rds/bear-apps/2024a/EL8-ice/software/Java/17.0.15/include -I/rds/bear-apps/2024a/EL8-ice/software/LibTIFF/4.6.0-GCCcore-13.3.0/include -I/rds/bear-apps/2024a/EL8-ice/software/libjpeg-turbo/3.0.1-GCCcore-13.3.0/include -I/rds/bear-apps/2024a/EL8-ice/software/libpng/1.6.43-GCCcore-13.3.0/include -I/rds/bear-apps/2024a/EL8-ice/software/PCRE2/10.43-GCCcore-13.3.0/include -I/rds/bear-apps/2024a/EL8-ice/software/SQLite/3.45.3-GCCcore-13.3.0/include -I/rds/bear-apps/2024a/EL8-ice/software/zlib/1.3.1-GCCcore-13.3.0/include -I/rds/bear-apps/2024a/EL8-ice/software/XZ/5.4.5-GCCcore-13.3.0/include -I/rds/bear-apps/2024a/EL8-ice/software/bzip2/1.0.8-GCCcore-13.3.0/include -I/rds/bear-apps/2024a/EL8-ice/software/ncurses/6.5-GCCcore-13.3.0/include -I/rds/bear-apps/2024a/EL8-ice/software/libreadline/8.2-GCCcore-13.3.0/include -I/rds/bear-apps/2024a/EL8-ice/software/cairo/1.18.0-GCCcore-13.3.0/include -I/rds/bear-apps/2024a/EL8-ice/software/libGLU/9.0.3-GCCcore-13.3.0/include -I/rds/bear-apps/2024a/EL8-ice/software/Mesa/24.1.3-GCCcore-13.3.0/include -I/rds/bear-apps/2024a/EL8-ice/software/X11/20240607-GCCcore-13.3.0/include -I/rds/bear-apps/2024a/EL8-ice/software/pkgconf/2.2.0-GCCcore-13.3.0/include -I/rds/bear-apps/2024a/EL8-ice/software/FFTW/3.3.10-GCC-13.3.0/include -I/rds/bear-apps/2024a/EL8-ice/software/FlexiBLAS/3.4.4-GCC-13.3.0/include -I/rds/bear-apps/2024a/EL8-ice/software/FlexiBLAS/3.4.4-GCC-13.3.0/include/flexiblas    -fpic  -O2 -ftree-vectorize -march=native -fno-math-errno  -c unix/processx.c -o unix/processx.o
gcc -std=gnu2x -I"/rds/bear-apps/2024a/EL8-ice/software/R/4.5.0-gfbf-2024a/lib64/R/include" -DNDEBUG   -I/rds/bear-apps/2024a/EL8-ice/software/FriBidi/1.0.15-GCCcore-13.3.0/include -I/rds/bear-apps/2024a/EL8-ice/software/HarfBuzz/9.0.0-GCCcore-13.3.0/include -I/rds/bear-apps/2024a/EL8-ice/software/Tk/8.6.14-GCCcore-13.3.0/include -I/rds/bear-apps/2024a/EL8-ice/software/cURL/8.7.1-GCCcore-13.3.0/include -I/rds/bear-apps/2024a/EL8-ice/software/OpenSSL/3/include -I/rds/bear-apps/2024a/EL8-ice/software/libgit2/1.8.1-GCCcore-13.3.0/include -I/rds/bear-apps/2024a/EL8-ice/software/Java/17.0.15/include -I/rds/bear-apps/2024a/EL8-ice/software/LibTIFF/4.6.0-GCCcore-13.3.0/include -I/rds/bear-apps/2024a/EL8-ice/software/libjpeg-turbo/3.0.1-GCCcore-13.3.0/include -I/rds/bear-apps/2024a/EL8-ice/software/libpng/1.6.43-GCCcore-13.3.0/include -I/rds/bear-apps/2024a/EL8-ice/software/PCRE2/10.43-GCCcore-13.3.0/include -I/rds/bear-apps/2024a/EL8-ice/software/SQLite/3.45.3-GCCcore-13.3.0/include -I/rds/bear-apps/2024a/EL8-ice/software/zlib/1.3.1-GCCcore-13.3.0/include -I/rds/bear-apps/2024a/EL8-ice/software/XZ/5.4.5-GCCcore-13.3.0/include -I/rds/bear-apps/2024a/EL8-ice/software/bzip2/1.0.8-GCCcore-13.3.0/include -I/rds/bear-apps/2024a/EL8-ice/software/ncurses/6.5-GCCcore-13.3.0/include -I/rds/bear-apps/2024a/EL8-ice/software/libreadline/8.2-GCCcore-13.3.0/include -I/rds/bear-apps/2024a/EL8-ice/software/cairo/1.18.0-GCCcore-13.3.0/include -I/rds/bear-apps/2024a/EL8-ice/software/libGLU/9.0.3-GCCcore-13.3.0/include -I/rds/bear-apps/2024a/EL8-ice/software/Mesa/24.1.3-GCCcore-13.3.0/include -I/rds/bear-apps/2024a/EL8-ice/software/X11/20240607-GCCcore-13.3.0/include -I/rds/bear-apps/2024a/EL8-ice/software/pkgconf/2.2.0-GCCcore-13.3.0/include -I/rds/bear-apps/2024a/EL8-ice/software/FFTW/3.3.10-GCC-13.3.0/include -I/rds/bear-apps/2024a/EL8-ice/software/FlexiBLAS/3.4.4-GCC-13.3.0/include -I/rds/bear-apps/2024a/EL8-ice/software/FlexiBLAS/3.4.4-GCC-13.3.0/include/flexiblas    -fpic  -O2 -ftree-vectorize -march=native -fno-math-errno  -c unix/sigchld.c -o unix/sigchld.o
gcc -std=gnu2x -I"/rds/bear-apps/2024a/EL8-ice/software/R/4.5.0-gfbf-2024a/lib64/R/include" -DNDEBUG   -I/rds/bear-apps/2024a/EL8-ice/software/FriBidi/1.0.15-GCCcore-13.3.0/include -I/rds/bear-apps/2024a/EL8-ice/software/HarfBuzz/9.0.0-GCCcore-13.3.0/include -I/rds/bear-apps/2024a/EL8-ice/software/Tk/8.6.14-GCCcore-13.3.0/include -I/rds/bear-apps/2024a/EL8-ice/software/cURL/8.7.1-GCCcore-13.3.0/include -I/rds/bear-apps/2024a/EL8-ice/software/OpenSSL/3/include -I/rds/bear-apps/2024a/EL8-ice/software/libgit2/1.8.1-GCCcore-13.3.0/include -I/rds/bear-apps/2024a/EL8-ice/software/Java/17.0.15/include -I/rds/bear-apps/2024a/EL8-ice/software/LibTIFF/4.6.0-GCCcore-13.3.0/include -I/rds/bear-apps/2024a/EL8-ice/software/libjpeg-turbo/3.0.1-GCCcore-13.3.0/include -I/rds/bear-apps/2024a/EL8-ice/software/libpng/1.6.43-GCCcore-13.3.0/include -I/rds/bear-apps/2024a/EL8-ice/software/PCRE2/10.43-GCCcore-13.3.0/include -I/rds/bear-apps/2024a/EL8-ice/software/SQLite/3.45.3-GCCcore-13.3.0/include -I/rds/bear-apps/2024a/EL8-ice/software/zlib/1.3.1-GCCcore-13.3.0/include -I/rds/bear-apps/2024a/EL8-ice/software/XZ/5.4.5-GCCcore-13.3.0/include -I/rds/bear-apps/2024a/EL8-ice/software/bzip2/1.0.8-GCCcore-13.3.0/include -I/rds/bear-apps/2024a/EL8-ice/software/ncurses/6.5-GCCcore-13.3.0/include -I/rds/bear-apps/2024a/EL8-ice/software/libreadline/8.2-GCCcore-13.3.0/include -I/rds/bear-apps/2024a/EL8-ice/software/cairo/1.18.0-GCCcore-13.3.0/include -I/rds/bear-apps/2024a/EL8-ice/software/libGLU/9.0.3-GCCcore-13.3.0/include -I/rds/bear-apps/2024a/EL8-ice/software/Mesa/24.1.3-GCCcore-13.3.0/include -I/rds/bear-apps/2024a/EL8-ice/software/X11/20240607-GCCcore-13.3.0/include -I/rds/bear-apps/2024a/EL8-ice/software/pkgconf/2.2.0-GCCcore-13.3.0/include -I/rds/bear-apps/2024a/EL8-ice/software/FFTW/3.3.10-GCC-13.3.0/include -I/rds/bear-apps/2024a/EL8-ice/software/FlexiBLAS/3.4.4-GCC-13.3.0/include -I/rds/bear-apps/2024a/EL8-ice/software/FlexiBLAS/3.4.4-GCC-13.3.0/include/flexiblas    -fpic  -O2 -ftree-vectorize -march=native -fno-math-errno  -c unix/utils.c -o unix/utils.o
gcc -std=gnu2x -I"/rds/bear-apps/2024a/EL8-ice/software/R/4.5.0-gfbf-2024a/lib64/R/include" -DNDEBUG   -I/rds/bear-apps/2024a/EL8-ice/software/FriBidi/1.0.15-GCCcore-13.3.0/include -I/rds/bear-apps/2024a/EL8-ice/software/HarfBuzz/9.0.0-GCCcore-13.3.0/include -I/rds/bear-apps/2024a/EL8-ice/software/Tk/8.6.14-GCCcore-13.3.0/include -I/rds/bear-apps/2024a/EL8-ice/software/cURL/8.7.1-GCCcore-13.3.0/include -I/rds/bear-apps/2024a/EL8-ice/software/OpenSSL/3/include -I/rds/bear-apps/2024a/EL8-ice/software/libgit2/1.8.1-GCCcore-13.3.0/include -I/rds/bear-apps/2024a/EL8-ice/software/Java/17.0.15/include -I/rds/bear-apps/2024a/EL8-ice/software/LibTIFF/4.6.0-GCCcore-13.3.0/include -I/rds/bear-apps/2024a/EL8-ice/software/libjpeg-turbo/3.0.1-GCCcore-13.3.0/include -I/rds/bear-apps/2024a/EL8-ice/software/libpng/1.6.43-GCCcore-13.3.0/include -I/rds/bear-apps/2024a/EL8-ice/software/PCRE2/10.43-GCCcore-13.3.0/include -I/rds/bear-apps/2024a/EL8-ice/software/SQLite/3.45.3-GCCcore-13.3.0/include -I/rds/bear-apps/2024a/EL8-ice/software/zlib/1.3.1-GCCcore-13.3.0/include -I/rds/bear-apps/2024a/EL8-ice/software/XZ/5.4.5-GCCcore-13.3.0/include -I/rds/bear-apps/2024a/EL8-ice/software/bzip2/1.0.8-GCCcore-13.3.0/include -I/rds/bear-apps/2024a/EL8-ice/software/ncurses/6.5-GCCcore-13.3.0/include -I/rds/bear-apps/2024a/EL8-ice/software/libreadline/8.2-GCCcore-13.3.0/include -I/rds/bear-apps/2024a/EL8-ice/software/cairo/1.18.0-GCCcore-13.3.0/include -I/rds/bear-apps/2024a/EL8-ice/software/libGLU/9.0.3-GCCcore-13.3.0/include -I/rds/bear-apps/2024a/EL8-ice/software/Mesa/24.1.3-GCCcore-13.3.0/include -I/rds/bear-apps/2024a/EL8-ice/software/X11/20240607-GCCcore-13.3.0/include -I/rds/bear-apps/2024a/EL8-ice/software/pkgconf/2.2.0-GCCcore-13.3.0/include -I/rds/bear-apps/2024a/EL8-ice/software/FFTW/3.3.10-GCC-13.3.0/include -I/rds/bear-apps/2024a/EL8-ice/software/FlexiBLAS/3.4.4-GCC-13.3.0/include -I/rds/bear-apps/2024a/EL8-ice/software/FlexiBLAS/3.4.4-GCC-13.3.0/include/flexiblas    -fpic  -O2 -ftree-vectorize -march=native -fno-math-errno  -c unix/named_pipe.c -o unix/named_pipe.o
gcc -std=gnu2x -I"/rds/bear-apps/2024a/EL8-ice/software/R/4.5.0-gfbf-2024a/lib64/R/include" -DNDEBUG   -I/rds/bear-apps/2024a/EL8-ice/software/FriBidi/1.0.15-GCCcore-13.3.0/include -I/rds/bear-apps/2024a/EL8-ice/software/HarfBuzz/9.0.0-GCCcore-13.3.0/include -I/rds/bear-apps/2024a/EL8-ice/software/Tk/8.6.14-GCCcore-13.3.0/include -I/rds/bear-apps/2024a/EL8-ice/software/cURL/8.7.1-GCCcore-13.3.0/include -I/rds/bear-apps/2024a/EL8-ice/software/OpenSSL/3/include -I/rds/bear-apps/2024a/EL8-ice/software/libgit2/1.8.1-GCCcore-13.3.0/include -I/rds/bear-apps/2024a/EL8-ice/software/Java/17.0.15/include -I/rds/bear-apps/2024a/EL8-ice/software/LibTIFF/4.6.0-GCCcore-13.3.0/include -I/rds/bear-apps/2024a/EL8-ice/software/libjpeg-turbo/3.0.1-GCCcore-13.3.0/include -I/rds/bear-apps/2024a/EL8-ice/software/libpng/1.6.43-GCCcore-13.3.0/include -I/rds/bear-apps/2024a/EL8-ice/software/PCRE2/10.43-GCCcore-13.3.0/include -I/rds/bear-apps/2024a/EL8-ice/software/SQLite/3.45.3-GCCcore-13.3.0/include -I/rds/bear-apps/2024a/EL8-ice/software/zlib/1.3.1-GCCcore-13.3.0/include -I/rds/bear-apps/2024a/EL8-ice/software/XZ/5.4.5-GCCcore-13.3.0/include -I/rds/bear-apps/2024a/EL8-ice/software/bzip2/1.0.8-GCCcore-13.3.0/include -I/rds/bear-apps/2024a/EL8-ice/software/ncurses/6.5-GCCcore-13.3.0/include -I/rds/bear-apps/2024a/EL8-ice/software/libreadline/8.2-GCCcore-13.3.0/include -I/rds/bear-apps/2024a/EL8-ice/software/cairo/1.18.0-GCCcore-13.3.0/include -I/rds/bear-apps/2024a/EL8-ice/software/libGLU/9.0.3-GCCcore-13.3.0/include -I/rds/bear-apps/2024a/EL8-ice/software/Mesa/24.1.3-GCCcore-13.3.0/include -I/rds/bear-apps/2024a/EL8-ice/software/X11/20240607-GCCcore-13.3.0/include -I/rds/bear-apps/2024a/EL8-ice/software/pkgconf/2.2.0-GCCcore-13.3.0/include -I/rds/bear-apps/2024a/EL8-ice/software/FFTW/3.3.10-GCC-13.3.0/include -I/rds/bear-apps/2024a/EL8-ice/software/FlexiBLAS/3.4.4-GCC-13.3.0/include -I/rds/bear-apps/2024a/EL8-ice/software/FlexiBLAS/3.4.4-GCC-13.3.0/include/flexiblas    -fpic  -O2 -ftree-vectorize -march=native -fno-math-errno  -c cleancall.c -o cleancall.o
gcc -std=gnu2x -shared -L/rds/bear-apps/2024a/EL8-ice/software/R/4.5.0-gfbf-2024a/lib64/R/lib -L/rds/bear-apps/2024a/EL8-ice/software/FriBidi/1.0.15-GCCcore-13.3.0/lib64 -L/rds/bear-apps/2024a/EL8-ice/software/FriBidi/1.0.15-GCCcore-13.3.0/lib -L/rds/bear-apps/2024a/EL8-ice/software/HarfBuzz/9.0.0-GCCcore-13.3.0/lib64 -L/rds/bear-apps/2024a/EL8-ice/software/HarfBuzz/9.0.0-GCCcore-13.3.0/lib -L/rds/bear-apps/2024a/EL8-ice/software/Tk/8.6.14-GCCcore-13.3.0/lib64 -L/rds/bear-apps/2024a/EL8-ice/software/Tk/8.6.14-GCCcore-13.3.0/lib -L/rds/bear-apps/2024a/EL8-ice/software/cURL/8.7.1-GCCcore-13.3.0/lib64 -L/rds/bear-apps/2024a/EL8-ice/software/cURL/8.7.1-GCCcore-13.3.0/lib -L/rds/bear-apps/2024a/EL8-ice/software/OpenSSL/3/lib64 -L/rds/bear-apps/2024a/EL8-ice/software/OpenSSL/3/lib -L/rds/bear-apps/2024a/EL8-ice/software/libgit2/1.8.1-GCCcore-13.3.0/lib64 -L/rds/bear-apps/2024a/EL8-ice/software/libgit2/1.8.1-GCCcore-13.3.0/lib -L/rds/bear-apps/2024a/EL8-ice/software/Java/17.0.15/lib64 -L/rds/bear-apps/2024a/EL8-ice/software/Java/17.0.15/lib -L/rds/bear-apps/2024a/EL8-ice/software/LibTIFF/4.6.0-GCCcore-13.3.0/lib64 -L/rds/bear-apps/2024a/EL8-ice/software/LibTIFF/4.6.0-GCCcore-13.3.0/lib -L/rds/bear-apps/2024a/EL8-ice/software/libjpeg-turbo/3.0.1-GCCcore-13.3.0/lib64 -L/rds/bear-apps/2024a/EL8-ice/software/libjpeg-turbo/3.0.1-GCCcore-13.3.0/lib -L/rds/bear-apps/2024a/EL8-ice/software/libpng/1.6.43-GCCcore-13.3.0/lib64 -L/rds/bear-apps/2024a/EL8-ice/software/libpng/1.6.43-GCCcore-13.3.0/lib -L/rds/bear-apps/2024a/EL8-ice/software/PCRE2/10.43-GCCcore-13.3.0/lib64 -L/rds/bear-apps/2024a/EL8-ice/software/PCRE2/10.43-GCCcore-13.3.0/lib -L/rds/bear-apps/2024a/EL8-ice/software/SQLite/3.45.3-GCCcore-13.3.0/lib64 -L/rds/bear-apps/2024a/EL8-ice/software/SQLite/3.45.3-GCCcore-13.3.0/lib -L/rds/bear-apps/2024a/EL8-ice/software/zlib/1.3.1-GCCcore-13.3.0/lib64 -L/rds/bear-apps/2024a/EL8-ice/software/zlib/1.3.1-GCCcore-13.3.0/lib -L/rds/bear-apps/2024a/EL8-ice/software/XZ/5.4.5-GCCcore-13.3.0/lib64 -L/rds/bear-apps/2024a/EL8-ice/software/XZ/5.4.5-GCCcore-13.3.0/lib -L/rds/bear-apps/2024a/EL8-ice/software/bzip2/1.0.8-GCCcore-13.3.0/lib64 -L/rds/bear-apps/2024a/EL8-ice/software/bzip2/1.0.8-GCCcore-13.3.0/lib -L/rds/bear-apps/2024a/EL8-ice/software/ncurses/6.5-GCCcore-13.3.0/lib64 -L/rds/bear-apps/2024a/EL8-ice/software/ncurses/6.5-GCCcore-13.3.0/lib -L/rds/bear-apps/2024a/EL8-ice/software/libreadline/8.2-GCCcore-13.3.0/lib64 -L/rds/bear-apps/2024a/EL8-ice/software/libreadline/8.2-GCCcore-13.3.0/lib -L/rds/bear-apps/2024a/EL8-ice/software/cairo/1.18.0-GCCcore-13.3.0/lib64 -L/rds/bear-apps/2024a/EL8-ice/software/cairo/1.18.0-GCCcore-13.3.0/lib -L/rds/bear-apps/2024a/EL8-ice/software/libGLU/9.0.3-GCCcore-13.3.0/lib64 -L/rds/bear-apps/2024a/EL8-ice/software/libGLU/9.0.3-GCCcore-13.3.0/lib -L/rds/bear-apps/2024a/EL8-ice/software/Mesa/24.1.3-GCCcore-13.3.0/lib64 -L/rds/bear-apps/2024a/EL8-ice/software/Mesa/24.1.3-GCCcore-13.3.0/lib -L/rds/bear-apps/2024a/EL8-ice/software/X11/20240607-GCCcore-13.3.0/lib64 -L/rds/bear-apps/2024a/EL8-ice/software/X11/20240607-GCCcore-13.3.0/lib -L/rds/bear-apps/2024a/EL8-ice/software/pkgconf/2.2.0-GCCcore-13.3.0/lib64 -L/rds/bear-apps/2024a/EL8-ice/software/pkgconf/2.2.0-GCCcore-13.3.0/lib -L/rds/bear-apps/2024a/EL8-ice/software/FFTW/3.3.10-GCC-13.3.0/lib64 -L/rds/bear-apps/2024a/EL8-ice/software/FFTW/3.3.10-GCC-13.3.0/lib -L/rds/bear-apps/2024a/EL8-ice/software/FlexiBLAS/3.4.4-GCC-13.3.0/lib64 -L/rds/bear-apps/2024a/EL8-ice/software/FlexiBLAS/3.4.4-GCC-13.3.0/lib -L/rds/bear-apps/2024a/EL8-ice/software/GCCcore/13.3.0/lib64 -L/rds/bear-apps/2024a/EL8-ice/software/GCCcore/13.3.0/lib -o processx.so init.o poll.o errors.o processx-connection.o processx-vector.o create-time.o base64.o unix/childlist.o unix/connection.o unix/processx.o unix/sigchld.o unix/utils.o unix/named_pipe.o cleancall.o -L/rds/bear-apps/2024a/EL8-ice/software/R/4.5.0-gfbf-2024a/lib64/R/lib -lR
make[1]: Leaving directory '/tmp/RtmpPnYWwF/R.INSTALLc12a8e00dd85/pak/src/library/processx/src'
installing via 'install.libs.R' to /rds/homes/a/axv209/R/library/4.5.0/EL8-ice/00LOCK-pak/00new/pak/library/processx

Compiling callr 

Compiling desc 

Compiling pkgbuild 

Compiling pkgcache 
using C compiler: ‘gcc (GCC) 13.3.0’
make[1]: Entering directory '/tmp/RtmpPnYWwF/R.INSTALLc12a8e00dd85/pak/src/library/pkgcache/src'
gcc -std=gnu2x -I"/rds/bear-apps/2024a/EL8-ice/software/R/4.5.0-gfbf-2024a/lib64/R/include" -DNDEBUG   -I/rds/bear-apps/2024a/EL8-ice/software/FriBidi/1.0.15-GCCcore-13.3.0/include -I/rds/bear-apps/2024a/EL8-ice/software/HarfBuzz/9.0.0-GCCcore-13.3.0/include -I/rds/bear-apps/2024a/EL8-ice/software/Tk/8.6.14-GCCcore-13.3.0/include -I/rds/bear-apps/2024a/EL8-ice/software/cURL/8.7.1-GCCcore-13.3.0/include -I/rds/bear-apps/2024a/EL8-ice/software/OpenSSL/3/include -I/rds/bear-apps/2024a/EL8-ice/software/libgit2/1.8.1-GCCcore-13.3.0/include -I/rds/bear-apps/2024a/EL8-ice/software/Java/17.0.15/include -I/rds/bear-apps/2024a/EL8-ice/software/LibTIFF/4.6.0-GCCcore-13.3.0/include -I/rds/bear-apps/2024a/EL8-ice/software/libjpeg-turbo/3.0.1-GCCcore-13.3.0/include -I/rds/bear-apps/2024a/EL8-ice/software/libpng/1.6.43-GCCcore-13.3.0/include -I/rds/bear-apps/2024a/EL8-ice/software/PCRE2/10.43-GCCcore-13.3.0/include -I/rds/bear-apps/2024a/EL8-ice/software/SQLite/3.45.3-GCCcore-13.3.0/include -I/rds/bear-apps/2024a/EL8-ice/software/zlib/1.3.1-GCCcore-13.3.0/include -I/rds/bear-apps/2024a/EL8-ice/software/XZ/5.4.5-GCCcore-13.3.0/include -I/rds/bear-apps/2024a/EL8-ice/software/bzip2/1.0.8-GCCcore-13.3.0/include -I/rds/bear-apps/2024a/EL8-ice/software/ncurses/6.5-GCCcore-13.3.0/include -I/rds/bear-apps/2024a/EL8-ice/software/libreadline/8.2-GCCcore-13.3.0/include -I/rds/bear-apps/2024a/EL8-ice/software/cairo/1.18.0-GCCcore-13.3.0/include -I/rds/bear-apps/2024a/EL8-ice/software/libGLU/9.0.3-GCCcore-13.3.0/include -I/rds/bear-apps/2024a/EL8-ice/software/Mesa/24.1.3-GCCcore-13.3.0/include -I/rds/bear-apps/2024a/EL8-ice/software/X11/20240607-GCCcore-13.3.0/include -I/rds/bear-apps/2024a/EL8-ice/software/pkgconf/2.2.0-GCCcore-13.3.0/include -I/rds/bear-apps/2024a/EL8-ice/software/FFTW/3.3.10-GCC-13.3.0/include -I/rds/bear-apps/2024a/EL8-ice/software/FlexiBLAS/3.4.4-GCC-13.3.0/include -I/rds/bear-apps/2024a/EL8-ice/software/FlexiBLAS/3.4.4-GCC-13.3.0/include/flexiblas    -fpic  -O2 -ftree-vectorize -march=native -fno-math-errno  -c errors.c -o errors.o
gcc -std=gnu2x -I"/rds/bear-apps/2024a/EL8-ice/software/R/4.5.0-gfbf-2024a/lib64/R/include" -DNDEBUG   -I/rds/bear-apps/2024a/EL8-ice/software/FriBidi/1.0.15-GCCcore-13.3.0/include -I/rds/bear-apps/2024a/EL8-ice/software/HarfBuzz/9.0.0-GCCcore-13.3.0/include -I/rds/bear-apps/2024a/EL8-ice/software/Tk/8.6.14-GCCcore-13.3.0/include -I/rds/bear-apps/2024a/EL8-ice/software/cURL/8.7.1-GCCcore-13.3.0/include -I/rds/bear-apps/2024a/EL8-ice/software/OpenSSL/3/include -I/rds/bear-apps/2024a/EL8-ice/software/libgit2/1.8.1-GCCcore-13.3.0/include -I/rds/bear-apps/2024a/EL8-ice/software/Java/17.0.15/include -I/rds/bear-apps/2024a/EL8-ice/software/LibTIFF/4.6.0-GCCcore-13.3.0/include -I/rds/bear-apps/2024a/EL8-ice/software/libjpeg-turbo/3.0.1-GCCcore-13.3.0/include -I/rds/bear-apps/2024a/EL8-ice/software/libpng/1.6.43-GCCcore-13.3.0/include -I/rds/bear-apps/2024a/EL8-ice/software/PCRE2/10.43-GCCcore-13.3.0/include -I/rds/bear-apps/2024a/EL8-ice/software/SQLite/3.45.3-GCCcore-13.3.0/include -I/rds/bear-apps/2024a/EL8-ice/software/zlib/1.3.1-GCCcore-13.3.0/include -I/rds/bear-apps/2024a/EL8-ice/software/XZ/5.4.5-GCCcore-13.3.0/include -I/rds/bear-apps/2024a/EL8-ice/software/bzip2/1.0.8-GCCcore-13.3.0/include -I/rds/bear-apps/2024a/EL8-ice/software/ncurses/6.5-GCCcore-13.3.0/include -I/rds/bear-apps/2024a/EL8-ice/software/libreadline/8.2-GCCcore-13.3.0/include -I/rds/bear-apps/2024a/EL8-ice/software/cairo/1.18.0-GCCcore-13.3.0/include -I/rds/bear-apps/2024a/EL8-ice/software/libGLU/9.0.3-GCCcore-13.3.0/include -I/rds/bear-apps/2024a/EL8-ice/software/Mesa/24.1.3-GCCcore-13.3.0/include -I/rds/bear-apps/2024a/EL8-ice/software/X11/20240607-GCCcore-13.3.0/include -I/rds/bear-apps/2024a/EL8-ice/software/pkgconf/2.2.0-GCCcore-13.3.0/include -I/rds/bear-apps/2024a/EL8-ice/software/FFTW/3.3.10-GCC-13.3.0/include -I/rds/bear-apps/2024a/EL8-ice/software/FlexiBLAS/3.4.4-GCC-13.3.0/include -I/rds/bear-apps/2024a/EL8-ice/software/FlexiBLAS/3.4.4-GCC-13.3.0/include/flexiblas    -fpic  -O2 -ftree-vectorize -march=native -fno-math-errno  -c init.c -o init.o
gcc -std=gnu2x -I"/rds/bear-apps/2024a/EL8-ice/software/R/4.5.0-gfbf-2024a/lib64/R/include" -DNDEBUG   -I/rds/bear-apps/2024a/EL8-ice/software/FriBidi/1.0.15-GCCcore-13.3.0/include -I/rds/bear-apps/2024a/EL8-ice/software/HarfBuzz/9.0.0-GCCcore-13.3.0/include -I/rds/bear-apps/2024a/EL8-ice/software/Tk/8.6.14-GCCcore-13.3.0/include -I/rds/bear-apps/2024a/EL8-ice/software/cURL/8.7.1-GCCcore-13.3.0/include -I/rds/bear-apps/2024a/EL8-ice/software/OpenSSL/3/include -I/rds/bear-apps/2024a/EL8-ice/software/libgit2/1.8.1-GCCcore-13.3.0/include -I/rds/bear-apps/2024a/EL8-ice/software/Java/17.0.15/include -I/rds/bear-apps/2024a/EL8-ice/software/LibTIFF/4.6.0-GCCcore-13.3.0/include -I/rds/bear-apps/2024a/EL8-ice/software/libjpeg-turbo/3.0.1-GCCcore-13.3.0/include -I/rds/bear-apps/2024a/EL8-ice/software/libpng/1.6.43-GCCcore-13.3.0/include -I/rds/bear-apps/2024a/EL8-ice/software/PCRE2/10.43-GCCcore-13.3.0/include -I/rds/bear-apps/2024a/EL8-ice/software/SQLite/3.45.3-GCCcore-13.3.0/include -I/rds/bear-apps/2024a/EL8-ice/software/zlib/1.3.1-GCCcore-13.3.0/include -I/rds/bear-apps/2024a/EL8-ice/software/XZ/5.4.5-GCCcore-13.3.0/include -I/rds/bear-apps/2024a/EL8-ice/software/bzip2/1.0.8-GCCcore-13.3.0/include -I/rds/bear-apps/2024a/EL8-ice/software/ncurses/6.5-GCCcore-13.3.0/include -I/rds/bear-apps/2024a/EL8-ice/software/libreadline/8.2-GCCcore-13.3.0/include -I/rds/bear-apps/2024a/EL8-ice/software/cairo/1.18.0-GCCcore-13.3.0/include -I/rds/bear-apps/2024a/EL8-ice/software/libGLU/9.0.3-GCCcore-13.3.0/include -I/rds/bear-apps/2024a/EL8-ice/software/Mesa/24.1.3-GCCcore-13.3.0/include -I/rds/bear-apps/2024a/EL8-ice/software/X11/20240607-GCCcore-13.3.0/include -I/rds/bear-apps/2024a/EL8-ice/software/pkgconf/2.2.0-GCCcore-13.3.0/include -I/rds/bear-apps/2024a/EL8-ice/software/FFTW/3.3.10-GCC-13.3.0/include -I/rds/bear-apps/2024a/EL8-ice/software/FlexiBLAS/3.4.4-GCC-13.3.0/include -I/rds/bear-apps/2024a/EL8-ice/software/FlexiBLAS/3.4.4-GCC-13.3.0/include/flexiblas    -fpic  -O2 -ftree-vectorize -march=native -fno-math-errno  -c lib.c -o lib.o
gcc -std=gnu2x -I"/rds/bear-apps/2024a/EL8-ice/software/R/4.5.0-gfbf-2024a/lib64/R/include" -DNDEBUG   -I/rds/bear-apps/2024a/EL8-ice/software/FriBidi/1.0.15-GCCcore-13.3.0/include -I/rds/bear-apps/2024a/EL8-ice/software/HarfBuzz/9.0.0-GCCcore-13.3.0/include -I/rds/bear-apps/2024a/EL8-ice/software/Tk/8.6.14-GCCcore-13.3.0/include -I/rds/bear-apps/2024a/EL8-ice/software/cURL/8.7.1-GCCcore-13.3.0/include -I/rds/bear-apps/2024a/EL8-ice/software/OpenSSL/3/include -I/rds/bear-apps/2024a/EL8-ice/software/libgit2/1.8.1-GCCcore-13.3.0/include -I/rds/bear-apps/2024a/EL8-ice/software/Java/17.0.15/include -I/rds/bear-apps/2024a/EL8-ice/software/LibTIFF/4.6.0-GCCcore-13.3.0/include -I/rds/bear-apps/2024a/EL8-ice/software/libjpeg-turbo/3.0.1-GCCcore-13.3.0/include -I/rds/bear-apps/2024a/EL8-ice/software/libpng/1.6.43-GCCcore-13.3.0/include -I/rds/bear-apps/2024a/EL8-ice/software/PCRE2/10.43-GCCcore-13.3.0/include -I/rds/bear-apps/2024a/EL8-ice/software/SQLite/3.45.3-GCCcore-13.3.0/include -I/rds/bear-apps/2024a/EL8-ice/software/zlib/1.3.1-GCCcore-13.3.0/include -I/rds/bear-apps/2024a/EL8-ice/software/XZ/5.4.5-GCCcore-13.3.0/include -I/rds/bear-apps/2024a/EL8-ice/software/bzip2/1.0.8-GCCcore-13.3.0/include -I/rds/bear-apps/2024a/EL8-ice/software/ncurses/6.5-GCCcore-13.3.0/include -I/rds/bear-apps/2024a/EL8-ice/software/libreadline/8.2-GCCcore-13.3.0/include -I/rds/bear-apps/2024a/EL8-ice/software/cairo/1.18.0-GCCcore-13.3.0/include -I/rds/bear-apps/2024a/EL8-ice/software/libGLU/9.0.3-GCCcore-13.3.0/include -I/rds/bear-apps/2024a/EL8-ice/software/Mesa/24.1.3-GCCcore-13.3.0/include -I/rds/bear-apps/2024a/EL8-ice/software/X11/20240607-GCCcore-13.3.0/include -I/rds/bear-apps/2024a/EL8-ice/software/pkgconf/2.2.0-GCCcore-13.3.0/include -I/rds/bear-apps/2024a/EL8-ice/software/FFTW/3.3.10-GCC-13.3.0/include -I/rds/bear-apps/2024a/EL8-ice/software/FlexiBLAS/3.4.4-GCC-13.3.0/include -I/rds/bear-apps/2024a/EL8-ice/software/FlexiBLAS/3.4.4-GCC-13.3.0/include/flexiblas    -fpic  -O2 -ftree-vectorize -march=native -fno-math-errno  -c rand.c -o rand.o
gcc -std=gnu2x -I"/rds/bear-apps/2024a/EL8-ice/software/R/4.5.0-gfbf-2024a/lib64/R/include" -DNDEBUG   -I/rds/bear-apps/2024a/EL8-ice/software/FriBidi/1.0.15-GCCcore-13.3.0/include -I/rds/bear-apps/2024a/EL8-ice/software/HarfBuzz/9.0.0-GCCcore-13.3.0/include -I/rds/bear-apps/2024a/EL8-ice/software/Tk/8.6.14-GCCcore-13.3.0/include -I/rds/bear-apps/2024a/EL8-ice/software/cURL/8.7.1-GCCcore-13.3.0/include -I/rds/bear-apps/2024a/EL8-ice/software/OpenSSL/3/include -I/rds/bear-apps/2024a/EL8-ice/software/libgit2/1.8.1-GCCcore-13.3.0/include -I/rds/bear-apps/2024a/EL8-ice/software/Java/17.0.15/include -I/rds/bear-apps/2024a/EL8-ice/software/LibTIFF/4.6.0-GCCcore-13.3.0/include -I/rds/bear-apps/2024a/EL8-ice/software/libjpeg-turbo/3.0.1-GCCcore-13.3.0/include -I/rds/bear-apps/2024a/EL8-ice/software/libpng/1.6.43-GCCcore-13.3.0/include -I/rds/bear-apps/2024a/EL8-ice/software/PCRE2/10.43-GCCcore-13.3.0/include -I/rds/bear-apps/2024a/EL8-ice/software/SQLite/3.45.3-GCCcore-13.3.0/include -I/rds/bear-apps/2024a/EL8-ice/software/zlib/1.3.1-GCCcore-13.3.0/include -I/rds/bear-apps/2024a/EL8-ice/software/XZ/5.4.5-GCCcore-13.3.0/include -I/rds/bear-apps/2024a/EL8-ice/software/bzip2/1.0.8-GCCcore-13.3.0/include -I/rds/bear-apps/2024a/EL8-ice/software/ncurses/6.5-GCCcore-13.3.0/include -I/rds/bear-apps/2024a/EL8-ice/software/libreadline/8.2-GCCcore-13.3.0/include -I/rds/bear-apps/2024a/EL8-ice/software/cairo/1.18.0-GCCcore-13.3.0/include -I/rds/bear-apps/2024a/EL8-ice/software/libGLU/9.0.3-GCCcore-13.3.0/include -I/rds/bear-apps/2024a/EL8-ice/software/Mesa/24.1.3-GCCcore-13.3.0/include -I/rds/bear-apps/2024a/EL8-ice/software/X11/20240607-GCCcore-13.3.0/include -I/rds/bear-apps/2024a/EL8-ice/software/pkgconf/2.2.0-GCCcore-13.3.0/include -I/rds/bear-apps/2024a/EL8-ice/software/FFTW/3.3.10-GCC-13.3.0/include -I/rds/bear-apps/2024a/EL8-ice/software/FlexiBLAS/3.4.4-GCC-13.3.0/include -I/rds/bear-apps/2024a/EL8-ice/software/FlexiBLAS/3.4.4-GCC-13.3.0/include/flexiblas    -fpic  -O2 -ftree-vectorize -march=native -fno-math-errno  -c winfiles.c -o winfiles.o
gcc -std=gnu2x -shared -L/rds/bear-apps/2024a/EL8-ice/software/R/4.5.0-gfbf-2024a/lib64/R/lib -L/rds/bear-apps/2024a/EL8-ice/software/FriBidi/1.0.15-GCCcore-13.3.0/lib64 -L/rds/bear-apps/2024a/EL8-ice/software/FriBidi/1.0.15-GCCcore-13.3.0/lib -L/rds/bear-apps/2024a/EL8-ice/software/HarfBuzz/9.0.0-GCCcore-13.3.0/lib64 -L/rds/bear-apps/2024a/EL8-ice/software/HarfBuzz/9.0.0-GCCcore-13.3.0/lib -L/rds/bear-apps/2024a/EL8-ice/software/Tk/8.6.14-GCCcore-13.3.0/lib64 -L/rds/bear-apps/2024a/EL8-ice/software/Tk/8.6.14-GCCcore-13.3.0/lib -L/rds/bear-apps/2024a/EL8-ice/software/cURL/8.7.1-GCCcore-13.3.0/lib64 -L/rds/bear-apps/2024a/EL8-ice/software/cURL/8.7.1-GCCcore-13.3.0/lib -L/rds/bear-apps/2024a/EL8-ice/software/OpenSSL/3/lib64 -L/rds/bear-apps/2024a/EL8-ice/software/OpenSSL/3/lib -L/rds/bear-apps/2024a/EL8-ice/software/libgit2/1.8.1-GCCcore-13.3.0/lib64 -L/rds/bear-apps/2024a/EL8-ice/software/libgit2/1.8.1-GCCcore-13.3.0/lib -L/rds/bear-apps/2024a/EL8-ice/software/Java/17.0.15/lib64 -L/rds/bear-apps/2024a/EL8-ice/software/Java/17.0.15/lib -L/rds/bear-apps/2024a/EL8-ice/software/LibTIFF/4.6.0-GCCcore-13.3.0/lib64 -L/rds/bear-apps/2024a/EL8-ice/software/LibTIFF/4.6.0-GCCcore-13.3.0/lib -L/rds/bear-apps/2024a/EL8-ice/software/libjpeg-turbo/3.0.1-GCCcore-13.3.0/lib64 -L/rds/bear-apps/2024a/EL8-ice/software/libjpeg-turbo/3.0.1-GCCcore-13.3.0/lib -L/rds/bear-apps/2024a/EL8-ice/software/libpng/1.6.43-GCCcore-13.3.0/lib64 -L/rds/bear-apps/2024a/EL8-ice/software/libpng/1.6.43-GCCcore-13.3.0/lib -L/rds/bear-apps/2024a/EL8-ice/software/PCRE2/10.43-GCCcore-13.3.0/lib64 -L/rds/bear-apps/2024a/EL8-ice/software/PCRE2/10.43-GCCcore-13.3.0/lib -L/rds/bear-apps/2024a/EL8-ice/software/SQLite/3.45.3-GCCcore-13.3.0/lib64 -L/rds/bear-apps/2024a/EL8-ice/software/SQLite/3.45.3-GCCcore-13.3.0/lib -L/rds/bear-apps/2024a/EL8-ice/software/zlib/1.3.1-GCCcore-13.3.0/lib64 -L/rds/bear-apps/2024a/EL8-ice/software/zlib/1.3.1-GCCcore-13.3.0/lib -L/rds/bear-apps/2024a/EL8-ice/software/XZ/5.4.5-GCCcore-13.3.0/lib64 -L/rds/bear-apps/2024a/EL8-ice/software/XZ/5.4.5-GCCcore-13.3.0/lib -L/rds/bear-apps/2024a/EL8-ice/software/bzip2/1.0.8-GCCcore-13.3.0/lib64 -L/rds/bear-apps/2024a/EL8-ice/software/bzip2/1.0.8-GCCcore-13.3.0/lib -L/rds/bear-apps/2024a/EL8-ice/software/ncurses/6.5-GCCcore-13.3.0/lib64 -L/rds/bear-apps/2024a/EL8-ice/software/ncurses/6.5-GCCcore-13.3.0/lib -L/rds/bear-apps/2024a/EL8-ice/software/libreadline/8.2-GCCcore-13.3.0/lib64 -L/rds/bear-apps/2024a/EL8-ice/software/libreadline/8.2-GCCcore-13.3.0/lib -L/rds/bear-apps/2024a/EL8-ice/software/cairo/1.18.0-GCCcore-13.3.0/lib64 -L/rds/bear-apps/2024a/EL8-ice/software/cairo/1.18.0-GCCcore-13.3.0/lib -L/rds/bear-apps/2024a/EL8-ice/software/libGLU/9.0.3-GCCcore-13.3.0/lib64 -L/rds/bear-apps/2024a/EL8-ice/software/libGLU/9.0.3-GCCcore-13.3.0/lib -L/rds/bear-apps/2024a/EL8-ice/software/Mesa/24.1.3-GCCcore-13.3.0/lib64 -L/rds/bear-apps/2024a/EL8-ice/software/Mesa/24.1.3-GCCcore-13.3.0/lib -L/rds/bear-apps/2024a/EL8-ice/software/X11/20240607-GCCcore-13.3.0/lib64 -L/rds/bear-apps/2024a/EL8-ice/software/X11/20240607-GCCcore-13.3.0/lib -L/rds/bear-apps/2024a/EL8-ice/software/pkgconf/2.2.0-GCCcore-13.3.0/lib64 -L/rds/bear-apps/2024a/EL8-ice/software/pkgconf/2.2.0-GCCcore-13.3.0/lib -L/rds/bear-apps/2024a/EL8-ice/software/FFTW/3.3.10-GCC-13.3.0/lib64 -L/rds/bear-apps/2024a/EL8-ice/software/FFTW/3.3.10-GCC-13.3.0/lib -L/rds/bear-apps/2024a/EL8-ice/software/FlexiBLAS/3.4.4-GCC-13.3.0/lib64 -L/rds/bear-apps/2024a/EL8-ice/software/FlexiBLAS/3.4.4-GCC-13.3.0/lib -L/rds/bear-apps/2024a/EL8-ice/software/GCCcore/13.3.0/lib64 -L/rds/bear-apps/2024a/EL8-ice/software/GCCcore/13.3.0/lib -o pkgcache.so errors.o init.o lib.o rand.o winfiles.o -L/rds/bear-apps/2024a/EL8-ice/software/R/4.5.0-gfbf-2024a/lib64/R/lib -lR
make[1]: Leaving directory '/tmp/RtmpPnYWwF/R.INSTALLc12a8e00dd85/pak/src/library/pkgcache/src'
installing to /rds/homes/a/axv209/R/library/4.5.0/EL8-ice/00LOCK-pak/00new/pak/library/pkgcache/libs

Compiling pkgsearch 

Compiling yaml 
using C compiler: ‘gcc (GCC) 13.3.0’
make[1]: Entering directory '/tmp/RtmpPnYWwF/R.INSTALLc12a8e00dd85/pak/src/library/yaml/src'
gcc -std=gnu2x -I"/rds/bear-apps/2024a/EL8-ice/software/R/4.5.0-gfbf-2024a/lib64/R/include" -DNDEBUG -I. -DNDEBUG  -I/rds/bear-apps/2024a/EL8-ice/software/FriBidi/1.0.15-GCCcore-13.3.0/include -I/rds/bear-apps/2024a/EL8-ice/software/HarfBuzz/9.0.0-GCCcore-13.3.0/include -I/rds/bear-apps/2024a/EL8-ice/software/Tk/8.6.14-GCCcore-13.3.0/include -I/rds/bear-apps/2024a/EL8-ice/software/cURL/8.7.1-GCCcore-13.3.0/include -I/rds/bear-apps/2024a/EL8-ice/software/OpenSSL/3/include -I/rds/bear-apps/2024a/EL8-ice/software/libgit2/1.8.1-GCCcore-13.3.0/include -I/rds/bear-apps/2024a/EL8-ice/software/Java/17.0.15/include -I/rds/bear-apps/2024a/EL8-ice/software/LibTIFF/4.6.0-GCCcore-13.3.0/include -I/rds/bear-apps/2024a/EL8-ice/software/libjpeg-turbo/3.0.1-GCCcore-13.3.0/include -I/rds/bear-apps/2024a/EL8-ice/software/libpng/1.6.43-GCCcore-13.3.0/include -I/rds/bear-apps/2024a/EL8-ice/software/PCRE2/10.43-GCCcore-13.3.0/include -I/rds/bear-apps/2024a/EL8-ice/software/SQLite/3.45.3-GCCcore-13.3.0/include -I/rds/bear-apps/2024a/EL8-ice/software/zlib/1.3.1-GCCcore-13.3.0/include -I/rds/bear-apps/2024a/EL8-ice/software/XZ/5.4.5-GCCcore-13.3.0/include -I/rds/bear-apps/2024a/EL8-ice/software/bzip2/1.0.8-GCCcore-13.3.0/include -I/rds/bear-apps/2024a/EL8-ice/software/ncurses/6.5-GCCcore-13.3.0/include -I/rds/bear-apps/2024a/EL8-ice/software/libreadline/8.2-GCCcore-13.3.0/include -I/rds/bear-apps/2024a/EL8-ice/software/cairo/1.18.0-GCCcore-13.3.0/include -I/rds/bear-apps/2024a/EL8-ice/software/libGLU/9.0.3-GCCcore-13.3.0/include -I/rds/bear-apps/2024a/EL8-ice/software/Mesa/24.1.3-GCCcore-13.3.0/include -I/rds/bear-apps/2024a/EL8-ice/software/X11/20240607-GCCcore-13.3.0/include -I/rds/bear-apps/2024a/EL8-ice/software/pkgconf/2.2.0-GCCcore-13.3.0/include -I/rds/bear-apps/2024a/EL8-ice/software/FFTW/3.3.10-GCC-13.3.0/include -I/rds/bear-apps/2024a/EL8-ice/software/FlexiBLAS/3.4.4-GCC-13.3.0/include -I/rds/bear-apps/2024a/EL8-ice/software/FlexiBLAS/3.4.4-GCC-13.3.0/include/flexiblas    -fpic  -O2 -ftree-vectorize -march=native -fno-math-errno  -c api.c -o api.o
gcc -std=gnu2x -I"/rds/bear-apps/2024a/EL8-ice/software/R/4.5.0-gfbf-2024a/lib64/R/include" -DNDEBUG -I. -DNDEBUG  -I/rds/bear-apps/2024a/EL8-ice/software/FriBidi/1.0.15-GCCcore-13.3.0/include -I/rds/bear-apps/2024a/EL8-ice/software/HarfBuzz/9.0.0-GCCcore-13.3.0/include -I/rds/bear-apps/2024a/EL8-ice/software/Tk/8.6.14-GCCcore-13.3.0/include -I/rds/bear-apps/2024a/EL8-ice/software/cURL/8.7.1-GCCcore-13.3.0/include -I/rds/bear-apps/2024a/EL8-ice/software/OpenSSL/3/include -I/rds/bear-apps/2024a/EL8-ice/software/libgit2/1.8.1-GCCcore-13.3.0/include -I/rds/bear-apps/2024a/EL8-ice/software/Java/17.0.15/include -I/rds/bear-apps/2024a/EL8-ice/software/LibTIFF/4.6.0-GCCcore-13.3.0/include -I/rds/bear-apps/2024a/EL8-ice/software/libjpeg-turbo/3.0.1-GCCcore-13.3.0/include -I/rds/bear-apps/2024a/EL8-ice/software/libpng/1.6.43-GCCcore-13.3.0/include -I/rds/bear-apps/2024a/EL8-ice/software/PCRE2/10.43-GCCcore-13.3.0/include -I/rds/bear-apps/2024a/EL8-ice/software/SQLite/3.45.3-GCCcore-13.3.0/include -I/rds/bear-apps/2024a/EL8-ice/software/zlib/1.3.1-GCCcore-13.3.0/include -I/rds/bear-apps/2024a/EL8-ice/software/XZ/5.4.5-GCCcore-13.3.0/include -I/rds/bear-apps/2024a/EL8-ice/software/bzip2/1.0.8-GCCcore-13.3.0/include -I/rds/bear-apps/2024a/EL8-ice/software/ncurses/6.5-GCCcore-13.3.0/include -I/rds/bear-apps/2024a/EL8-ice/software/libreadline/8.2-GCCcore-13.3.0/include -I/rds/bear-apps/2024a/EL8-ice/software/cairo/1.18.0-GCCcore-13.3.0/include -I/rds/bear-apps/2024a/EL8-ice/software/libGLU/9.0.3-GCCcore-13.3.0/include -I/rds/bear-apps/2024a/EL8-ice/software/Mesa/24.1.3-GCCcore-13.3.0/include -I/rds/bear-apps/2024a/EL8-ice/software/X11/20240607-GCCcore-13.3.0/include -I/rds/bear-apps/2024a/EL8-ice/software/pkgconf/2.2.0-GCCcore-13.3.0/include -I/rds/bear-apps/2024a/EL8-ice/software/FFTW/3.3.10-GCC-13.3.0/include -I/rds/bear-apps/2024a/EL8-ice/software/FlexiBLAS/3.4.4-GCC-13.3.0/include -I/rds/bear-apps/2024a/EL8-ice/software/FlexiBLAS/3.4.4-GCC-13.3.0/include/flexiblas    -fpic  -O2 -ftree-vectorize -march=native -fno-math-errno  -c dumper.c -o dumper.o
gcc -std=gnu2x -I"/rds/bear-apps/2024a/EL8-ice/software/R/4.5.0-gfbf-2024a/lib64/R/include" -DNDEBUG -I. -DNDEBUG  -I/rds/bear-apps/2024a/EL8-ice/software/FriBidi/1.0.15-GCCcore-13.3.0/include -I/rds/bear-apps/2024a/EL8-ice/software/HarfBuzz/9.0.0-GCCcore-13.3.0/include -I/rds/bear-apps/2024a/EL8-ice/software/Tk/8.6.14-GCCcore-13.3.0/include -I/rds/bear-apps/2024a/EL8-ice/software/cURL/8.7.1-GCCcore-13.3.0/include -I/rds/bear-apps/2024a/EL8-ice/software/OpenSSL/3/include -I/rds/bear-apps/2024a/EL8-ice/software/libgit2/1.8.1-GCCcore-13.3.0/include -I/rds/bear-apps/2024a/EL8-ice/software/Java/17.0.15/include -I/rds/bear-apps/2024a/EL8-ice/software/LibTIFF/4.6.0-GCCcore-13.3.0/include -I/rds/bear-apps/2024a/EL8-ice/software/libjpeg-turbo/3.0.1-GCCcore-13.3.0/include -I/rds/bear-apps/2024a/EL8-ice/software/libpng/1.6.43-GCCcore-13.3.0/include -I/rds/bear-apps/2024a/EL8-ice/software/PCRE2/10.43-GCCcore-13.3.0/include -I/rds/bear-apps/2024a/EL8-ice/software/SQLite/3.45.3-GCCcore-13.3.0/include -I/rds/bear-apps/2024a/EL8-ice/software/zlib/1.3.1-GCCcore-13.3.0/include -I/rds/bear-apps/2024a/EL8-ice/software/XZ/5.4.5-GCCcore-13.3.0/include -I/rds/bear-apps/2024a/EL8-ice/software/bzip2/1.0.8-GCCcore-13.3.0/include -I/rds/bear-apps/2024a/EL8-ice/software/ncurses/6.5-GCCcore-13.3.0/include -I/rds/bear-apps/2024a/EL8-ice/software/libreadline/8.2-GCCcore-13.3.0/include -I/rds/bear-apps/2024a/EL8-ice/software/cairo/1.18.0-GCCcore-13.3.0/include -I/rds/bear-apps/2024a/EL8-ice/software/libGLU/9.0.3-GCCcore-13.3.0/include -I/rds/bear-apps/2024a/EL8-ice/software/Mesa/24.1.3-GCCcore-13.3.0/include -I/rds/bear-apps/2024a/EL8-ice/software/X11/20240607-GCCcore-13.3.0/include -I/rds/bear-apps/2024a/EL8-ice/software/pkgconf/2.2.0-GCCcore-13.3.0/include -I/rds/bear-apps/2024a/EL8-ice/software/FFTW/3.3.10-GCC-13.3.0/include -I/rds/bear-apps/2024a/EL8-ice/software/FlexiBLAS/3.4.4-GCC-13.3.0/include -I/rds/bear-apps/2024a/EL8-ice/software/FlexiBLAS/3.4.4-GCC-13.3.0/include/flexiblas    -fpic  -O2 -ftree-vectorize -march=native -fno-math-errno  -c emitter.c -o emitter.o
gcc -std=gnu2x -I"/rds/bear-apps/2024a/EL8-ice/software/R/4.5.0-gfbf-2024a/lib64/R/include" -DNDEBUG -I. -DNDEBUG  -I/rds/bear-apps/2024a/EL8-ice/software/FriBidi/1.0.15-GCCcore-13.3.0/include -I/rds/bear-apps/2024a/EL8-ice/software/HarfBuzz/9.0.0-GCCcore-13.3.0/include -I/rds/bear-apps/2024a/EL8-ice/software/Tk/8.6.14-GCCcore-13.3.0/include -I/rds/bear-apps/2024a/EL8-ice/software/cURL/8.7.1-GCCcore-13.3.0/include -I/rds/bear-apps/2024a/EL8-ice/software/OpenSSL/3/include -I/rds/bear-apps/2024a/EL8-ice/software/libgit2/1.8.1-GCCcore-13.3.0/include -I/rds/bear-apps/2024a/EL8-ice/software/Java/17.0.15/include -I/rds/bear-apps/2024a/EL8-ice/software/LibTIFF/4.6.0-GCCcore-13.3.0/include -I/rds/bear-apps/2024a/EL8-ice/software/libjpeg-turbo/3.0.1-GCCcore-13.3.0/include -I/rds/bear-apps/2024a/EL8-ice/software/libpng/1.6.43-GCCcore-13.3.0/include -I/rds/bear-apps/2024a/EL8-ice/software/PCRE2/10.43-GCCcore-13.3.0/include -I/rds/bear-apps/2024a/EL8-ice/software/SQLite/3.45.3-GCCcore-13.3.0/include -I/rds/bear-apps/2024a/EL8-ice/software/zlib/1.3.1-GCCcore-13.3.0/include -I/rds/bear-apps/2024a/EL8-ice/software/XZ/5.4.5-GCCcore-13.3.0/include -I/rds/bear-apps/2024a/EL8-ice/software/bzip2/1.0.8-GCCcore-13.3.0/include -I/rds/bear-apps/2024a/EL8-ice/software/ncurses/6.5-GCCcore-13.3.0/include -I/rds/bear-apps/2024a/EL8-ice/software/libreadline/8.2-GCCcore-13.3.0/include -I/rds/bear-apps/2024a/EL8-ice/software/cairo/1.18.0-GCCcore-13.3.0/include -I/rds/bear-apps/2024a/EL8-ice/software/libGLU/9.0.3-GCCcore-13.3.0/include -I/rds/bear-apps/2024a/EL8-ice/software/Mesa/24.1.3-GCCcore-13.3.0/include -I/rds/bear-apps/2024a/EL8-ice/software/X11/20240607-GCCcore-13.3.0/include -I/rds/bear-apps/2024a/EL8-ice/software/pkgconf/2.2.0-GCCcore-13.3.0/include -I/rds/bear-apps/2024a/EL8-ice/software/FFTW/3.3.10-GCC-13.3.0/include -I/rds/bear-apps/2024a/EL8-ice/software/FlexiBLAS/3.4.4-GCC-13.3.0/include -I/rds/bear-apps/2024a/EL8-ice/software/FlexiBLAS/3.4.4-GCC-13.3.0/include/flexiblas    -fpic  -O2 -ftree-vectorize -march=native -fno-math-errno  -c implicit.c -o implicit.o
gcc -std=gnu2x -I"/rds/bear-apps/2024a/EL8-ice/software/R/4.5.0-gfbf-2024a/lib64/R/include" -DNDEBUG -I. -DNDEBUG  -I/rds/bear-apps/2024a/EL8-ice/software/FriBidi/1.0.15-GCCcore-13.3.0/include -I/rds/bear-apps/2024a/EL8-ice/software/HarfBuzz/9.0.0-GCCcore-13.3.0/include -I/rds/bear-apps/2024a/EL8-ice/software/Tk/8.6.14-GCCcore-13.3.0/include -I/rds/bear-apps/2024a/EL8-ice/software/cURL/8.7.1-GCCcore-13.3.0/include -I/rds/bear-apps/2024a/EL8-ice/software/OpenSSL/3/include -I/rds/bear-apps/2024a/EL8-ice/software/libgit2/1.8.1-GCCcore-13.3.0/include -I/rds/bear-apps/2024a/EL8-ice/software/Java/17.0.15/include -I/rds/bear-apps/2024a/EL8-ice/software/LibTIFF/4.6.0-GCCcore-13.3.0/include -I/rds/bear-apps/2024a/EL8-ice/software/libjpeg-turbo/3.0.1-GCCcore-13.3.0/include -I/rds/bear-apps/2024a/EL8-ice/software/libpng/1.6.43-GCCcore-13.3.0/include -I/rds/bear-apps/2024a/EL8-ice/software/PCRE2/10.43-GCCcore-13.3.0/include -I/rds/bear-apps/2024a/EL8-ice/software/SQLite/3.45.3-GCCcore-13.3.0/include -I/rds/bear-apps/2024a/EL8-ice/software/zlib/1.3.1-GCCcore-13.3.0/include -I/rds/bear-apps/2024a/EL8-ice/software/XZ/5.4.5-GCCcore-13.3.0/include -I/rds/bear-apps/2024a/EL8-ice/software/bzip2/1.0.8-GCCcore-13.3.0/include -I/rds/bear-apps/2024a/EL8-ice/software/ncurses/6.5-GCCcore-13.3.0/include -I/rds/bear-apps/2024a/EL8-ice/software/libreadline/8.2-GCCcore-13.3.0/include -I/rds/bear-apps/2024a/EL8-ice/software/cairo/1.18.0-GCCcore-13.3.0/include -I/rds/bear-apps/2024a/EL8-ice/software/libGLU/9.0.3-GCCcore-13.3.0/include -I/rds/bear-apps/2024a/EL8-ice/software/Mesa/24.1.3-GCCcore-13.3.0/include -I/rds/bear-apps/2024a/EL8-ice/software/X11/20240607-GCCcore-13.3.0/include -I/rds/bear-apps/2024a/EL8-ice/software/pkgconf/2.2.0-GCCcore-13.3.0/include -I/rds/bear-apps/2024a/EL8-ice/software/FFTW/3.3.10-GCC-13.3.0/include -I/rds/bear-apps/2024a/EL8-ice/software/FlexiBLAS/3.4.4-GCC-13.3.0/include -I/rds/bear-apps/2024a/EL8-ice/software/FlexiBLAS/3.4.4-GCC-13.3.0/include/flexiblas    -fpic  -O2 -ftree-vectorize -march=native -fno-math-errno  -c loader.c -o loader.o
gcc -std=gnu2x -I"/rds/bear-apps/2024a/EL8-ice/software/R/4.5.0-gfbf-2024a/lib64/R/include" -DNDEBUG -I. -DNDEBUG  -I/rds/bear-apps/2024a/EL8-ice/software/FriBidi/1.0.15-GCCcore-13.3.0/include -I/rds/bear-apps/2024a/EL8-ice/software/HarfBuzz/9.0.0-GCCcore-13.3.0/include -I/rds/bear-apps/2024a/EL8-ice/software/Tk/8.6.14-GCCcore-13.3.0/include -I/rds/bear-apps/2024a/EL8-ice/software/cURL/8.7.1-GCCcore-13.3.0/include -I/rds/bear-apps/2024a/EL8-ice/software/OpenSSL/3/include -I/rds/bear-apps/2024a/EL8-ice/software/libgit2/1.8.1-GCCcore-13.3.0/include -I/rds/bear-apps/2024a/EL8-ice/software/Java/17.0.15/include -I/rds/bear-apps/2024a/EL8-ice/software/LibTIFF/4.6.0-GCCcore-13.3.0/include -I/rds/bear-apps/2024a/EL8-ice/software/libjpeg-turbo/3.0.1-GCCcore-13.3.0/include -I/rds/bear-apps/2024a/EL8-ice/software/libpng/1.6.43-GCCcore-13.3.0/include -I/rds/bear-apps/2024a/EL8-ice/software/PCRE2/10.43-GCCcore-13.3.0/include -I/rds/bear-apps/2024a/EL8-ice/software/SQLite/3.45.3-GCCcore-13.3.0/include -I/rds/bear-apps/2024a/EL8-ice/software/zlib/1.3.1-GCCcore-13.3.0/include -I/rds/bear-apps/2024a/EL8-ice/software/XZ/5.4.5-GCCcore-13.3.0/include -I/rds/bear-apps/2024a/EL8-ice/software/bzip2/1.0.8-GCCcore-13.3.0/include -I/rds/bear-apps/2024a/EL8-ice/software/ncurses/6.5-GCCcore-13.3.0/include -I/rds/bear-apps/2024a/EL8-ice/software/libreadline/8.2-GCCcore-13.3.0/include -I/rds/bear-apps/2024a/EL8-ice/software/cairo/1.18.0-GCCcore-13.3.0/include -I/rds/bear-apps/2024a/EL8-ice/software/libGLU/9.0.3-GCCcore-13.3.0/include -I/rds/bear-apps/2024a/EL8-ice/software/Mesa/24.1.3-GCCcore-13.3.0/include -I/rds/bear-apps/2024a/EL8-ice/software/X11/20240607-GCCcore-13.3.0/include -I/rds/bear-apps/2024a/EL8-ice/software/pkgconf/2.2.0-GCCcore-13.3.0/include -I/rds/bear-apps/2024a/EL8-ice/software/FFTW/3.3.10-GCC-13.3.0/include -I/rds/bear-apps/2024a/EL8-ice/software/FlexiBLAS/3.4.4-GCC-13.3.0/include -I/rds/bear-apps/2024a/EL8-ice/software/FlexiBLAS/3.4.4-GCC-13.3.0/include/flexiblas    -fpic  -O2 -ftree-vectorize -march=native -fno-math-errno  -c parser.c -o parser.o
gcc -std=gnu2x -I"/rds/bear-apps/2024a/EL8-ice/software/R/4.5.0-gfbf-2024a/lib64/R/include" -DNDEBUG -I. -DNDEBUG  -I/rds/bear-apps/2024a/EL8-ice/software/FriBidi/1.0.15-GCCcore-13.3.0/include -I/rds/bear-apps/2024a/EL8-ice/software/HarfBuzz/9.0.0-GCCcore-13.3.0/include -I/rds/bear-apps/2024a/EL8-ice/software/Tk/8.6.14-GCCcore-13.3.0/include -I/rds/bear-apps/2024a/EL8-ice/software/cURL/8.7.1-GCCcore-13.3.0/include -I/rds/bear-apps/2024a/EL8-ice/software/OpenSSL/3/include -I/rds/bear-apps/2024a/EL8-ice/software/libgit2/1.8.1-GCCcore-13.3.0/include -I/rds/bear-apps/2024a/EL8-ice/software/Java/17.0.15/include -I/rds/bear-apps/2024a/EL8-ice/software/LibTIFF/4.6.0-GCCcore-13.3.0/include -I/rds/bear-apps/2024a/EL8-ice/software/libjpeg-turbo/3.0.1-GCCcore-13.3.0/include -I/rds/bear-apps/2024a/EL8-ice/software/libpng/1.6.43-GCCcore-13.3.0/include -I/rds/bear-apps/2024a/EL8-ice/software/PCRE2/10.43-GCCcore-13.3.0/include -I/rds/bear-apps/2024a/EL8-ice/software/SQLite/3.45.3-GCCcore-13.3.0/include -I/rds/bear-apps/2024a/EL8-ice/software/zlib/1.3.1-GCCcore-13.3.0/include -I/rds/bear-apps/2024a/EL8-ice/software/XZ/5.4.5-GCCcore-13.3.0/include -I/rds/bear-apps/2024a/EL8-ice/software/bzip2/1.0.8-GCCcore-13.3.0/include -I/rds/bear-apps/2024a/EL8-ice/software/ncurses/6.5-GCCcore-13.3.0/include -I/rds/bear-apps/2024a/EL8-ice/software/libreadline/8.2-GCCcore-13.3.0/include -I/rds/bear-apps/2024a/EL8-ice/software/cairo/1.18.0-GCCcore-13.3.0/include -I/rds/bear-apps/2024a/EL8-ice/software/libGLU/9.0.3-GCCcore-13.3.0/include -I/rds/bear-apps/2024a/EL8-ice/software/Mesa/24.1.3-GCCcore-13.3.0/include -I/rds/bear-apps/2024a/EL8-ice/software/X11/20240607-GCCcore-13.3.0/include -I/rds/bear-apps/2024a/EL8-ice/software/pkgconf/2.2.0-GCCcore-13.3.0/include -I/rds/bear-apps/2024a/EL8-ice/software/FFTW/3.3.10-GCC-13.3.0/include -I/rds/bear-apps/2024a/EL8-ice/software/FlexiBLAS/3.4.4-GCC-13.3.0/include -I/rds/bear-apps/2024a/EL8-ice/software/FlexiBLAS/3.4.4-GCC-13.3.0/include/flexiblas    -fpic  -O2 -ftree-vectorize -march=native -fno-math-errno  -c r_emit.c -o r_emit.o
gcc -std=gnu2x -I"/rds/bear-apps/2024a/EL8-ice/software/R/4.5.0-gfbf-2024a/lib64/R/include" -DNDEBUG -I. -DNDEBUG  -I/rds/bear-apps/2024a/EL8-ice/software/FriBidi/1.0.15-GCCcore-13.3.0/include -I/rds/bear-apps/2024a/EL8-ice/software/HarfBuzz/9.0.0-GCCcore-13.3.0/include -I/rds/bear-apps/2024a/EL8-ice/software/Tk/8.6.14-GCCcore-13.3.0/include -I/rds/bear-apps/2024a/EL8-ice/software/cURL/8.7.1-GCCcore-13.3.0/include -I/rds/bear-apps/2024a/EL8-ice/software/OpenSSL/3/include -I/rds/bear-apps/2024a/EL8-ice/software/libgit2/1.8.1-GCCcore-13.3.0/include -I/rds/bear-apps/2024a/EL8-ice/software/Java/17.0.15/include -I/rds/bear-apps/2024a/EL8-ice/software/LibTIFF/4.6.0-GCCcore-13.3.0/include -I/rds/bear-apps/2024a/EL8-ice/software/libjpeg-turbo/3.0.1-GCCcore-13.3.0/include -I/rds/bear-apps/2024a/EL8-ice/software/libpng/1.6.43-GCCcore-13.3.0/include -I/rds/bear-apps/2024a/EL8-ice/software/PCRE2/10.43-GCCcore-13.3.0/include -I/rds/bear-apps/2024a/EL8-ice/software/SQLite/3.45.3-GCCcore-13.3.0/include -I/rds/bear-apps/2024a/EL8-ice/software/zlib/1.3.1-GCCcore-13.3.0/include -I/rds/bear-apps/2024a/EL8-ice/software/XZ/5.4.5-GCCcore-13.3.0/include -I/rds/bear-apps/2024a/EL8-ice/software/bzip2/1.0.8-GCCcore-13.3.0/include -I/rds/bear-apps/2024a/EL8-ice/software/ncurses/6.5-GCCcore-13.3.0/include -I/rds/bear-apps/2024a/EL8-ice/software/libreadline/8.2-GCCcore-13.3.0/include -I/rds/bear-apps/2024a/EL8-ice/software/cairo/1.18.0-GCCcore-13.3.0/include -I/rds/bear-apps/2024a/EL8-ice/software/libGLU/9.0.3-GCCcore-13.3.0/include -I/rds/bear-apps/2024a/EL8-ice/software/Mesa/24.1.3-GCCcore-13.3.0/include -I/rds/bear-apps/2024a/EL8-ice/software/X11/20240607-GCCcore-13.3.0/include -I/rds/bear-apps/2024a/EL8-ice/software/pkgconf/2.2.0-GCCcore-13.3.0/include -I/rds/bear-apps/2024a/EL8-ice/software/FFTW/3.3.10-GCC-13.3.0/include -I/rds/bear-apps/2024a/EL8-ice/software/FlexiBLAS/3.4.4-GCC-13.3.0/include -I/rds/bear-apps/2024a/EL8-ice/software/FlexiBLAS/3.4.4-GCC-13.3.0/include/flexiblas    -fpic  -O2 -ftree-vectorize -march=native -fno-math-errno  -c r_ext.c -o r_ext.o
gcc -std=gnu2x -I"/rds/bear-apps/2024a/EL8-ice/software/R/4.5.0-gfbf-2024a/lib64/R/include" -DNDEBUG -I. -DNDEBUG  -I/rds/bear-apps/2024a/EL8-ice/software/FriBidi/1.0.15-GCCcore-13.3.0/include -I/rds/bear-apps/2024a/EL8-ice/software/HarfBuzz/9.0.0-GCCcore-13.3.0/include -I/rds/bear-apps/2024a/EL8-ice/software/Tk/8.6.14-GCCcore-13.3.0/include -I/rds/bear-apps/2024a/EL8-ice/software/cURL/8.7.1-GCCcore-13.3.0/include -I/rds/bear-apps/2024a/EL8-ice/software/OpenSSL/3/include -I/rds/bear-apps/2024a/EL8-ice/software/libgit2/1.8.1-GCCcore-13.3.0/include -I/rds/bear-apps/2024a/EL8-ice/software/Java/17.0.15/include -I/rds/bear-apps/2024a/EL8-ice/software/LibTIFF/4.6.0-GCCcore-13.3.0/include -I/rds/bear-apps/2024a/EL8-ice/software/libjpeg-turbo/3.0.1-GCCcore-13.3.0/include -I/rds/bear-apps/2024a/EL8-ice/software/libpng/1.6.43-GCCcore-13.3.0/include -I/rds/bear-apps/2024a/EL8-ice/software/PCRE2/10.43-GCCcore-13.3.0/include -I/rds/bear-apps/2024a/EL8-ice/software/SQLite/3.45.3-GCCcore-13.3.0/include -I/rds/bear-apps/2024a/EL8-ice/software/zlib/1.3.1-GCCcore-13.3.0/include -I/rds/bear-apps/2024a/EL8-ice/software/XZ/5.4.5-GCCcore-13.3.0/include -I/rds/bear-apps/2024a/EL8-ice/software/bzip2/1.0.8-GCCcore-13.3.0/include -I/rds/bear-apps/2024a/EL8-ice/software/ncurses/6.5-GCCcore-13.3.0/include -I/rds/bear-apps/2024a/EL8-ice/software/libreadline/8.2-GCCcore-13.3.0/include -I/rds/bear-apps/2024a/EL8-ice/software/cairo/1.18.0-GCCcore-13.3.0/include -I/rds/bear-apps/2024a/EL8-ice/software/libGLU/9.0.3-GCCcore-13.3.0/include -I/rds/bear-apps/2024a/EL8-ice/software/Mesa/24.1.3-GCCcore-13.3.0/include -I/rds/bear-apps/2024a/EL8-ice/software/X11/20240607-GCCcore-13.3.0/include -I/rds/bear-apps/2024a/EL8-ice/software/pkgconf/2.2.0-GCCcore-13.3.0/include -I/rds/bear-apps/2024a/EL8-ice/software/FFTW/3.3.10-GCC-13.3.0/include -I/rds/bear-apps/2024a/EL8-ice/software/FlexiBLAS/3.4.4-GCC-13.3.0/include -I/rds/bear-apps/2024a/EL8-ice/software/FlexiBLAS/3.4.4-GCC-13.3.0/include/flexiblas    -fpic  -O2 -ftree-vectorize -march=native -fno-math-errno  -c r_parse.c -o r_parse.o
gcc -std=gnu2x -I"/rds/bear-apps/2024a/EL8-ice/software/R/4.5.0-gfbf-2024a/lib64/R/include" -DNDEBUG -I. -DNDEBUG  -I/rds/bear-apps/2024a/EL8-ice/software/FriBidi/1.0.15-GCCcore-13.3.0/include -I/rds/bear-apps/2024a/EL8-ice/software/HarfBuzz/9.0.0-GCCcore-13.3.0/include -I/rds/bear-apps/2024a/EL8-ice/software/Tk/8.6.14-GCCcore-13.3.0/include -I/rds/bear-apps/2024a/EL8-ice/software/cURL/8.7.1-GCCcore-13.3.0/include -I/rds/bear-apps/2024a/EL8-ice/software/OpenSSL/3/include -I/rds/bear-apps/2024a/EL8-ice/software/libgit2/1.8.1-GCCcore-13.3.0/include -I/rds/bear-apps/2024a/EL8-ice/software/Java/17.0.15/include -I/rds/bear-apps/2024a/EL8-ice/software/LibTIFF/4.6.0-GCCcore-13.3.0/include -I/rds/bear-apps/2024a/EL8-ice/software/libjpeg-turbo/3.0.1-GCCcore-13.3.0/include -I/rds/bear-apps/2024a/EL8-ice/software/libpng/1.6.43-GCCcore-13.3.0/include -I/rds/bear-apps/2024a/EL8-ice/software/PCRE2/10.43-GCCcore-13.3.0/include -I/rds/bear-apps/2024a/EL8-ice/software/SQLite/3.45.3-GCCcore-13.3.0/include -I/rds/bear-apps/2024a/EL8-ice/software/zlib/1.3.1-GCCcore-13.3.0/include -I/rds/bear-apps/2024a/EL8-ice/software/XZ/5.4.5-GCCcore-13.3.0/include -I/rds/bear-apps/2024a/EL8-ice/software/bzip2/1.0.8-GCCcore-13.3.0/include -I/rds/bear-apps/2024a/EL8-ice/software/ncurses/6.5-GCCcore-13.3.0/include -I/rds/bear-apps/2024a/EL8-ice/software/libreadline/8.2-GCCcore-13.3.0/include -I/rds/bear-apps/2024a/EL8-ice/software/cairo/1.18.0-GCCcore-13.3.0/include -I/rds/bear-apps/2024a/EL8-ice/software/libGLU/9.0.3-GCCcore-13.3.0/include -I/rds/bear-apps/2024a/EL8-ice/software/Mesa/24.1.3-GCCcore-13.3.0/include -I/rds/bear-apps/2024a/EL8-ice/software/X11/20240607-GCCcore-13.3.0/include -I/rds/bear-apps/2024a/EL8-ice/software/pkgconf/2.2.0-GCCcore-13.3.0/include -I/rds/bear-apps/2024a/EL8-ice/software/FFTW/3.3.10-GCC-13.3.0/include -I/rds/bear-apps/2024a/EL8-ice/software/FlexiBLAS/3.4.4-GCC-13.3.0/include -I/rds/bear-apps/2024a/EL8-ice/software/FlexiBLAS/3.4.4-GCC-13.3.0/include/flexiblas    -fpic  -O2 -ftree-vectorize -march=native -fno-math-errno  -c reader.c -o reader.o
gcc -std=gnu2x -I"/rds/bear-apps/2024a/EL8-ice/software/R/4.5.0-gfbf-2024a/lib64/R/include" -DNDEBUG -I. -DNDEBUG  -I/rds/bear-apps/2024a/EL8-ice/software/FriBidi/1.0.15-GCCcore-13.3.0/include -I/rds/bear-apps/2024a/EL8-ice/software/HarfBuzz/9.0.0-GCCcore-13.3.0/include -I/rds/bear-apps/2024a/EL8-ice/software/Tk/8.6.14-GCCcore-13.3.0/include -I/rds/bear-apps/2024a/EL8-ice/software/cURL/8.7.1-GCCcore-13.3.0/include -I/rds/bear-apps/2024a/EL8-ice/software/OpenSSL/3/include -I/rds/bear-apps/2024a/EL8-ice/software/libgit2/1.8.1-GCCcore-13.3.0/include -I/rds/bear-apps/2024a/EL8-ice/software/Java/17.0.15/include -I/rds/bear-apps/2024a/EL8-ice/software/LibTIFF/4.6.0-GCCcore-13.3.0/include -I/rds/bear-apps/2024a/EL8-ice/software/libjpeg-turbo/3.0.1-GCCcore-13.3.0/include -I/rds/bear-apps/2024a/EL8-ice/software/libpng/1.6.43-GCCcore-13.3.0/include -I/rds/bear-apps/2024a/EL8-ice/software/PCRE2/10.43-GCCcore-13.3.0/include -I/rds/bear-apps/2024a/EL8-ice/software/SQLite/3.45.3-GCCcore-13.3.0/include -I/rds/bear-apps/2024a/EL8-ice/software/zlib/1.3.1-GCCcore-13.3.0/include -I/rds/bear-apps/2024a/EL8-ice/software/XZ/5.4.5-GCCcore-13.3.0/include -I/rds/bear-apps/2024a/EL8-ice/software/bzip2/1.0.8-GCCcore-13.3.0/include -I/rds/bear-apps/2024a/EL8-ice/software/ncurses/6.5-GCCcore-13.3.0/include -I/rds/bear-apps/2024a/EL8-ice/software/libreadline/8.2-GCCcore-13.3.0/include -I/rds/bear-apps/2024a/EL8-ice/software/cairo/1.18.0-GCCcore-13.3.0/include -I/rds/bear-apps/2024a/EL8-ice/software/libGLU/9.0.3-GCCcore-13.3.0/include -I/rds/bear-apps/2024a/EL8-ice/software/Mesa/24.1.3-GCCcore-13.3.0/include -I/rds/bear-apps/2024a/EL8-ice/software/X11/20240607-GCCcore-13.3.0/include -I/rds/bear-apps/2024a/EL8-ice/software/pkgconf/2.2.0-GCCcore-13.3.0/include -I/rds/bear-apps/2024a/EL8-ice/software/FFTW/3.3.10-GCC-13.3.0/include -I/rds/bear-apps/2024a/EL8-ice/software/FlexiBLAS/3.4.4-GCC-13.3.0/include -I/rds/bear-apps/2024a/EL8-ice/software/FlexiBLAS/3.4.4-GCC-13.3.0/include/flexiblas    -fpic  -O2 -ftree-vectorize -march=native -fno-math-errno  -c scanner.c -o scanner.o
gcc -std=gnu2x -I"/rds/bear-apps/2024a/EL8-ice/software/R/4.5.0-gfbf-2024a/lib64/R/include" -DNDEBUG -I. -DNDEBUG  -I/rds/bear-apps/2024a/EL8-ice/software/FriBidi/1.0.15-GCCcore-13.3.0/include -I/rds/bear-apps/2024a/EL8-ice/software/HarfBuzz/9.0.0-GCCcore-13.3.0/include -I/rds/bear-apps/2024a/EL8-ice/software/Tk/8.6.14-GCCcore-13.3.0/include -I/rds/bear-apps/2024a/EL8-ice/software/cURL/8.7.1-GCCcore-13.3.0/include -I/rds/bear-apps/2024a/EL8-ice/software/OpenSSL/3/include -I/rds/bear-apps/2024a/EL8-ice/software/libgit2/1.8.1-GCCcore-13.3.0/include -I/rds/bear-apps/2024a/EL8-ice/software/Java/17.0.15/include -I/rds/bear-apps/2024a/EL8-ice/software/LibTIFF/4.6.0-GCCcore-13.3.0/include -I/rds/bear-apps/2024a/EL8-ice/software/libjpeg-turbo/3.0.1-GCCcore-13.3.0/include -I/rds/bear-apps/2024a/EL8-ice/software/libpng/1.6.43-GCCcore-13.3.0/include -I/rds/bear-apps/2024a/EL8-ice/software/PCRE2/10.43-GCCcore-13.3.0/include -I/rds/bear-apps/2024a/EL8-ice/software/SQLite/3.45.3-GCCcore-13.3.0/include -I/rds/bear-apps/2024a/EL8-ice/software/zlib/1.3.1-GCCcore-13.3.0/include -I/rds/bear-apps/2024a/EL8-ice/software/XZ/5.4.5-GCCcore-13.3.0/include -I/rds/bear-apps/2024a/EL8-ice/software/bzip2/1.0.8-GCCcore-13.3.0/include -I/rds/bear-apps/2024a/EL8-ice/software/ncurses/6.5-GCCcore-13.3.0/include -I/rds/bear-apps/2024a/EL8-ice/software/libreadline/8.2-GCCcore-13.3.0/include -I/rds/bear-apps/2024a/EL8-ice/software/cairo/1.18.0-GCCcore-13.3.0/include -I/rds/bear-apps/2024a/EL8-ice/software/libGLU/9.0.3-GCCcore-13.3.0/include -I/rds/bear-apps/2024a/EL8-ice/software/Mesa/24.1.3-GCCcore-13.3.0/include -I/rds/bear-apps/2024a/EL8-ice/software/X11/20240607-GCCcore-13.3.0/include -I/rds/bear-apps/2024a/EL8-ice/software/pkgconf/2.2.0-GCCcore-13.3.0/include -I/rds/bear-apps/2024a/EL8-ice/software/FFTW/3.3.10-GCC-13.3.0/include -I/rds/bear-apps/2024a/EL8-ice/software/FlexiBLAS/3.4.4-GCC-13.3.0/include -I/rds/bear-apps/2024a/EL8-ice/software/FlexiBLAS/3.4.4-GCC-13.3.0/include/flexiblas    -fpic  -O2 -ftree-vectorize -march=native -fno-math-errno  -c writer.c -o writer.o
gcc -std=gnu2x -shared -L/rds/bear-apps/2024a/EL8-ice/software/R/4.5.0-gfbf-2024a/lib64/R/lib -L/rds/bear-apps/2024a/EL8-ice/software/FriBidi/1.0.15-GCCcore-13.3.0/lib64 -L/rds/bear-apps/2024a/EL8-ice/software/FriBidi/1.0.15-GCCcore-13.3.0/lib -L/rds/bear-apps/2024a/EL8-ice/software/HarfBuzz/9.0.0-GCCcore-13.3.0/lib64 -L/rds/bear-apps/2024a/EL8-ice/software/HarfBuzz/9.0.0-GCCcore-13.3.0/lib -L/rds/bear-apps/2024a/EL8-ice/software/Tk/8.6.14-GCCcore-13.3.0/lib64 -L/rds/bear-apps/2024a/EL8-ice/software/Tk/8.6.14-GCCcore-13.3.0/lib -L/rds/bear-apps/2024a/EL8-ice/software/cURL/8.7.1-GCCcore-13.3.0/lib64 -L/rds/bear-apps/2024a/EL8-ice/software/cURL/8.7.1-GCCcore-13.3.0/lib -L/rds/bear-apps/2024a/EL8-ice/software/OpenSSL/3/lib64 -L/rds/bear-apps/2024a/EL8-ice/software/OpenSSL/3/lib -L/rds/bear-apps/2024a/EL8-ice/software/libgit2/1.8.1-GCCcore-13.3.0/lib64 -L/rds/bear-apps/2024a/EL8-ice/software/libgit2/1.8.1-GCCcore-13.3.0/lib -L/rds/bear-apps/2024a/EL8-ice/software/Java/17.0.15/lib64 -L/rds/bear-apps/2024a/EL8-ice/software/Java/17.0.15/lib -L/rds/bear-apps/2024a/EL8-ice/software/LibTIFF/4.6.0-GCCcore-13.3.0/lib64 -L/rds/bear-apps/2024a/EL8-ice/software/LibTIFF/4.6.0-GCCcore-13.3.0/lib -L/rds/bear-apps/2024a/EL8-ice/software/libjpeg-turbo/3.0.1-GCCcore-13.3.0/lib64 -L/rds/bear-apps/2024a/EL8-ice/software/libjpeg-turbo/3.0.1-GCCcore-13.3.0/lib -L/rds/bear-apps/2024a/EL8-ice/software/libpng/1.6.43-GCCcore-13.3.0/lib64 -L/rds/bear-apps/2024a/EL8-ice/software/libpng/1.6.43-GCCcore-13.3.0/lib -L/rds/bear-apps/2024a/EL8-ice/software/PCRE2/10.43-GCCcore-13.3.0/lib64 -L/rds/bear-apps/2024a/EL8-ice/software/PCRE2/10.43-GCCcore-13.3.0/lib -L/rds/bear-apps/2024a/EL8-ice/software/SQLite/3.45.3-GCCcore-13.3.0/lib64 -L/rds/bear-apps/2024a/EL8-ice/software/SQLite/3.45.3-GCCcore-13.3.0/lib -L/rds/bear-apps/2024a/EL8-ice/software/zlib/1.3.1-GCCcore-13.3.0/lib64 -L/rds/bear-apps/2024a/EL8-ice/software/zlib/1.3.1-GCCcore-13.3.0/lib -L/rds/bear-apps/2024a/EL8-ice/software/XZ/5.4.5-GCCcore-13.3.0/lib64 -L/rds/bear-apps/2024a/EL8-ice/software/XZ/5.4.5-GCCcore-13.3.0/lib -L/rds/bear-apps/2024a/EL8-ice/software/bzip2/1.0.8-GCCcore-13.3.0/lib64 -L/rds/bear-apps/2024a/EL8-ice/software/bzip2/1.0.8-GCCcore-13.3.0/lib -L/rds/bear-apps/2024a/EL8-ice/software/ncurses/6.5-GCCcore-13.3.0/lib64 -L/rds/bear-apps/2024a/EL8-ice/software/ncurses/6.5-GCCcore-13.3.0/lib -L/rds/bear-apps/2024a/EL8-ice/software/libreadline/8.2-GCCcore-13.3.0/lib64 -L/rds/bear-apps/2024a/EL8-ice/software/libreadline/8.2-GCCcore-13.3.0/lib -L/rds/bear-apps/2024a/EL8-ice/software/cairo/1.18.0-GCCcore-13.3.0/lib64 -L/rds/bear-apps/2024a/EL8-ice/software/cairo/1.18.0-GCCcore-13.3.0/lib -L/rds/bear-apps/2024a/EL8-ice/software/libGLU/9.0.3-GCCcore-13.3.0/lib64 -L/rds/bear-apps/2024a/EL8-ice/software/libGLU/9.0.3-GCCcore-13.3.0/lib -L/rds/bear-apps/2024a/EL8-ice/software/Mesa/24.1.3-GCCcore-13.3.0/lib64 -L/rds/bear-apps/2024a/EL8-ice/software/Mesa/24.1.3-GCCcore-13.3.0/lib -L/rds/bear-apps/2024a/EL8-ice/software/X11/20240607-GCCcore-13.3.0/lib64 -L/rds/bear-apps/2024a/EL8-ice/software/X11/20240607-GCCcore-13.3.0/lib -L/rds/bear-apps/2024a/EL8-ice/software/pkgconf/2.2.0-GCCcore-13.3.0/lib64 -L/rds/bear-apps/2024a/EL8-ice/software/pkgconf/2.2.0-GCCcore-13.3.0/lib -L/rds/bear-apps/2024a/EL8-ice/software/FFTW/3.3.10-GCC-13.3.0/lib64 -L/rds/bear-apps/2024a/EL8-ice/software/FFTW/3.3.10-GCC-13.3.0/lib -L/rds/bear-apps/2024a/EL8-ice/software/FlexiBLAS/3.4.4-GCC-13.3.0/lib64 -L/rds/bear-apps/2024a/EL8-ice/software/FlexiBLAS/3.4.4-GCC-13.3.0/lib -L/rds/bear-apps/2024a/EL8-ice/software/GCCcore/13.3.0/lib64 -L/rds/bear-apps/2024a/EL8-ice/software/GCCcore/13.3.0/lib -o yaml.so api.o dumper.o emitter.o implicit.o loader.o parser.o r_emit.o r_ext.o r_parse.o reader.o scanner.o writer.o -L/rds/bear-apps/2024a/EL8-ice/software/R/4.5.0-gfbf-2024a/lib64/R/lib -lR
make[1]: Leaving directory '/tmp/RtmpPnYWwF/R.INSTALLc12a8e00dd85/pak/src/library/yaml/src'
installing to /rds/homes/a/axv209/R/library/4.5.0/EL8-ice/00LOCK-pak/00new/pak/library/yaml/libs

Compiling pkgdepends 
using C compiler: ‘gcc (GCC) 13.3.0’
make[1]: Entering directory '/tmp/RtmpPnYWwF/R.INSTALLc12a8e00dd85/pak/src/library/pkgdepends/src'
gcc -std=gnu2x -I"/rds/bear-apps/2024a/EL8-ice/software/R/4.5.0-gfbf-2024a/lib64/R/include" -DNDEBUG -I./tree-sitter/lib/include -I./tree-sitter/lib/src -I./yaml  -I/rds/bear-apps/2024a/EL8-ice/software/FriBidi/1.0.15-GCCcore-13.3.0/include -I/rds/bear-apps/2024a/EL8-ice/software/HarfBuzz/9.0.0-GCCcore-13.3.0/include -I/rds/bear-apps/2024a/EL8-ice/software/Tk/8.6.14-GCCcore-13.3.0/include -I/rds/bear-apps/2024a/EL8-ice/software/cURL/8.7.1-GCCcore-13.3.0/include -I/rds/bear-apps/2024a/EL8-ice/software/OpenSSL/3/include -I/rds/bear-apps/2024a/EL8-ice/software/libgit2/1.8.1-GCCcore-13.3.0/include -I/rds/bear-apps/2024a/EL8-ice/software/Java/17.0.15/include -I/rds/bear-apps/2024a/EL8-ice/software/LibTIFF/4.6.0-GCCcore-13.3.0/include -I/rds/bear-apps/2024a/EL8-ice/software/libjpeg-turbo/3.0.1-GCCcore-13.3.0/include -I/rds/bear-apps/2024a/EL8-ice/software/libpng/1.6.43-GCCcore-13.3.0/include -I/rds/bear-apps/2024a/EL8-ice/software/PCRE2/10.43-GCCcore-13.3.0/include -I/rds/bear-apps/2024a/EL8-ice/software/SQLite/3.45.3-GCCcore-13.3.0/include -I/rds/bear-apps/2024a/EL8-ice/software/zlib/1.3.1-GCCcore-13.3.0/include -I/rds/bear-apps/2024a/EL8-ice/software/XZ/5.4.5-GCCcore-13.3.0/include -I/rds/bear-apps/2024a/EL8-ice/software/bzip2/1.0.8-GCCcore-13.3.0/include -I/rds/bear-apps/2024a/EL8-ice/software/ncurses/6.5-GCCcore-13.3.0/include -I/rds/bear-apps/2024a/EL8-ice/software/libreadline/8.2-GCCcore-13.3.0/include -I/rds/bear-apps/2024a/EL8-ice/software/cairo/1.18.0-GCCcore-13.3.0/include -I/rds/bear-apps/2024a/EL8-ice/software/libGLU/9.0.3-GCCcore-13.3.0/include -I/rds/bear-apps/2024a/EL8-ice/software/Mesa/24.1.3-GCCcore-13.3.0/include -I/rds/bear-apps/2024a/EL8-ice/software/X11/20240607-GCCcore-13.3.0/include -I/rds/bear-apps/2024a/EL8-ice/software/pkgconf/2.2.0-GCCcore-13.3.0/include -I/rds/bear-apps/2024a/EL8-ice/software/FFTW/3.3.10-GCC-13.3.0/include -I/rds/bear-apps/2024a/EL8-ice/software/FlexiBLAS/3.4.4-GCC-13.3.0/include -I/rds/bear-apps/2024a/EL8-ice/software/FlexiBLAS/3.4.4-GCC-13.3.0/include/flexiblas    -fpic  -O2 -ftree-vectorize -march=native -fno-math-errno  -c tree-sitter/lib/src/lib.c -o tree-sitter/lib/src/lib.o
gcc -std=gnu2x -I"/rds/bear-apps/2024a/EL8-ice/software/R/4.5.0-gfbf-2024a/lib64/R/include" -DNDEBUG -I./tree-sitter/lib/include -I./tree-sitter/lib/src -I./yaml  -I/rds/bear-apps/2024a/EL8-ice/software/FriBidi/1.0.15-GCCcore-13.3.0/include -I/rds/bear-apps/2024a/EL8-ice/software/HarfBuzz/9.0.0-GCCcore-13.3.0/include -I/rds/bear-apps/2024a/EL8-ice/software/Tk/8.6.14-GCCcore-13.3.0/include -I/rds/bear-apps/2024a/EL8-ice/software/cURL/8.7.1-GCCcore-13.3.0/include -I/rds/bear-apps/2024a/EL8-ice/software/OpenSSL/3/include -I/rds/bear-apps/2024a/EL8-ice/software/libgit2/1.8.1-GCCcore-13.3.0/include -I/rds/bear-apps/2024a/EL8-ice/software/Java/17.0.15/include -I/rds/bear-apps/2024a/EL8-ice/software/LibTIFF/4.6.0-GCCcore-13.3.0/include -I/rds/bear-apps/2024a/EL8-ice/software/libjpeg-turbo/3.0.1-GCCcore-13.3.0/include -I/rds/bear-apps/2024a/EL8-ice/software/libpng/1.6.43-GCCcore-13.3.0/include -I/rds/bear-apps/2024a/EL8-ice/software/PCRE2/10.43-GCCcore-13.3.0/include -I/rds/bear-apps/2024a/EL8-ice/software/SQLite/3.45.3-GCCcore-13.3.0/include -I/rds/bear-apps/2024a/EL8-ice/software/zlib/1.3.1-GCCcore-13.3.0/include -I/rds/bear-apps/2024a/EL8-ice/software/XZ/5.4.5-GCCcore-13.3.0/include -I/rds/bear-apps/2024a/EL8-ice/software/bzip2/1.0.8-GCCcore-13.3.0/include -I/rds/bear-apps/2024a/EL8-ice/software/ncurses/6.5-GCCcore-13.3.0/include -I/rds/bear-apps/2024a/EL8-ice/software/libreadline/8.2-GCCcore-13.3.0/include -I/rds/bear-apps/2024a/EL8-ice/software/cairo/1.18.0-GCCcore-13.3.0/include -I/rds/bear-apps/2024a/EL8-ice/software/libGLU/9.0.3-GCCcore-13.3.0/include -I/rds/bear-apps/2024a/EL8-ice/software/Mesa/24.1.3-GCCcore-13.3.0/include -I/rds/bear-apps/2024a/EL8-ice/software/X11/20240607-GCCcore-13.3.0/include -I/rds/bear-apps/2024a/EL8-ice/software/pkgconf/2.2.0-GCCcore-13.3.0/include -I/rds/bear-apps/2024a/EL8-ice/software/FFTW/3.3.10-GCC-13.3.0/include -I/rds/bear-apps/2024a/EL8-ice/software/FlexiBLAS/3.4.4-GCC-13.3.0/include -I/rds/bear-apps/2024a/EL8-ice/software/FlexiBLAS/3.4.4-GCC-13.3.0/include/flexiblas    -fpic  -O2 -ftree-vectorize -march=native -fno-math-errno  -c tree-sitter/r/parser.c -o tree-sitter/r/parser.o
gcc -std=gnu2x -I"/rds/bear-apps/2024a/EL8-ice/software/R/4.5.0-gfbf-2024a/lib64/R/include" -DNDEBUG -I./tree-sitter/lib/include -I./tree-sitter/lib/src -I./yaml  -I/rds/bear-apps/2024a/EL8-ice/software/FriBidi/1.0.15-GCCcore-13.3.0/include -I/rds/bear-apps/2024a/EL8-ice/software/HarfBuzz/9.0.0-GCCcore-13.3.0/include -I/rds/bear-apps/2024a/EL8-ice/software/Tk/8.6.14-GCCcore-13.3.0/include -I/rds/bear-apps/2024a/EL8-ice/software/cURL/8.7.1-GCCcore-13.3.0/include -I/rds/bear-apps/2024a/EL8-ice/software/OpenSSL/3/include -I/rds/bear-apps/2024a/EL8-ice/software/libgit2/1.8.1-GCCcore-13.3.0/include -I/rds/bear-apps/2024a/EL8-ice/software/Java/17.0.15/include -I/rds/bear-apps/2024a/EL8-ice/software/LibTIFF/4.6.0-GCCcore-13.3.0/include -I/rds/bear-apps/2024a/EL8-ice/software/libjpeg-turbo/3.0.1-GCCcore-13.3.0/include -I/rds/bear-apps/2024a/EL8-ice/software/libpng/1.6.43-GCCcore-13.3.0/include -I/rds/bear-apps/2024a/EL8-ice/software/PCRE2/10.43-GCCcore-13.3.0/include -I/rds/bear-apps/2024a/EL8-ice/software/SQLite/3.45.3-GCCcore-13.3.0/include -I/rds/bear-apps/2024a/EL8-ice/software/zlib/1.3.1-GCCcore-13.3.0/include -I/rds/bear-apps/2024a/EL8-ice/software/XZ/5.4.5-GCCcore-13.3.0/include -I/rds/bear-apps/2024a/EL8-ice/software/bzip2/1.0.8-GCCcore-13.3.0/include -I/rds/bear-apps/2024a/EL8-ice/software/ncurses/6.5-GCCcore-13.3.0/include -I/rds/bear-apps/2024a/EL8-ice/software/libreadline/8.2-GCCcore-13.3.0/include -I/rds/bear-apps/2024a/EL8-ice/software/cairo/1.18.0-GCCcore-13.3.0/include -I/rds/bear-apps/2024a/EL8-ice/software/libGLU/9.0.3-GCCcore-13.3.0/include -I/rds/bear-apps/2024a/EL8-ice/software/Mesa/24.1.3-GCCcore-13.3.0/include -I/rds/bear-apps/2024a/EL8-ice/software/X11/20240607-GCCcore-13.3.0/include -I/rds/bear-apps/2024a/EL8-ice/software/pkgconf/2.2.0-GCCcore-13.3.0/include -I/rds/bear-apps/2024a/EL8-ice/software/FFTW/3.3.10-GCC-13.3.0/include -I/rds/bear-apps/2024a/EL8-ice/software/FlexiBLAS/3.4.4-GCC-13.3.0/include -I/rds/bear-apps/2024a/EL8-ice/software/FlexiBLAS/3.4.4-GCC-13.3.0/include/flexiblas    -fpic  -O2 -ftree-vectorize -march=native -fno-math-errno  -c tree-sitter/r/scanner.c -o tree-sitter/r/scanner.o
gcc -std=gnu2x -I"/rds/bear-apps/2024a/EL8-ice/software/R/4.5.0-gfbf-2024a/lib64/R/include" -DNDEBUG -I./tree-sitter/lib/include -I./tree-sitter/lib/src -I./yaml  -I/rds/bear-apps/2024a/EL8-ice/software/FriBidi/1.0.15-GCCcore-13.3.0/include -I/rds/bear-apps/2024a/EL8-ice/software/HarfBuzz/9.0.0-GCCcore-13.3.0/include -I/rds/bear-apps/2024a/EL8-ice/software/Tk/8.6.14-GCCcore-13.3.0/include -I/rds/bear-apps/2024a/EL8-ice/software/cURL/8.7.1-GCCcore-13.3.0/include -I/rds/bear-apps/2024a/EL8-ice/software/OpenSSL/3/include -I/rds/bear-apps/2024a/EL8-ice/software/libgit2/1.8.1-GCCcore-13.3.0/include -I/rds/bear-apps/2024a/EL8-ice/software/Java/17.0.15/include -I/rds/bear-apps/2024a/EL8-ice/software/LibTIFF/4.6.0-GCCcore-13.3.0/include -I/rds/bear-apps/2024a/EL8-ice/software/libjpeg-turbo/3.0.1-GCCcore-13.3.0/include -I/rds/bear-apps/2024a/EL8-ice/software/libpng/1.6.43-GCCcore-13.3.0/include -I/rds/bear-apps/2024a/EL8-ice/software/PCRE2/10.43-GCCcore-13.3.0/include -I/rds/bear-apps/2024a/EL8-ice/software/SQLite/3.45.3-GCCcore-13.3.0/include -I/rds/bear-apps/2024a/EL8-ice/software/zlib/1.3.1-GCCcore-13.3.0/include -I/rds/bear-apps/2024a/EL8-ice/software/XZ/5.4.5-GCCcore-13.3.0/include -I/rds/bear-apps/2024a/EL8-ice/software/bzip2/1.0.8-GCCcore-13.3.0/include -I/rds/bear-apps/2024a/EL8-ice/software/ncurses/6.5-GCCcore-13.3.0/include -I/rds/bear-apps/2024a/EL8-ice/software/libreadline/8.2-GCCcore-13.3.0/include -I/rds/bear-apps/2024a/EL8-ice/software/cairo/1.18.0-GCCcore-13.3.0/include -I/rds/bear-apps/2024a/EL8-ice/software/libGLU/9.0.3-GCCcore-13.3.0/include -I/rds/bear-apps/2024a/EL8-ice/software/Mesa/24.1.3-GCCcore-13.3.0/include -I/rds/bear-apps/2024a/EL8-ice/software/X11/20240607-GCCcore-13.3.0/include -I/rds/bear-apps/2024a/EL8-ice/software/pkgconf/2.2.0-GCCcore-13.3.0/include -I/rds/bear-apps/2024a/EL8-ice/software/FFTW/3.3.10-GCC-13.3.0/include -I/rds/bear-apps/2024a/EL8-ice/software/FlexiBLAS/3.4.4-GCC-13.3.0/include -I/rds/bear-apps/2024a/EL8-ice/software/FlexiBLAS/3.4.4-GCC-13.3.0/include/flexiblas    -fpic  -O2 -ftree-vectorize -march=native -fno-math-errno  -c tree-sitter/markdown/parser.c -o tree-sitter/markdown/parser.o
gcc -std=gnu2x -I"/rds/bear-apps/2024a/EL8-ice/software/R/4.5.0-gfbf-2024a/lib64/R/include" -DNDEBUG -I./tree-sitter/lib/include -I./tree-sitter/lib/src -I./yaml  -I/rds/bear-apps/2024a/EL8-ice/software/FriBidi/1.0.15-GCCcore-13.3.0/include -I/rds/bear-apps/2024a/EL8-ice/software/HarfBuzz/9.0.0-GCCcore-13.3.0/include -I/rds/bear-apps/2024a/EL8-ice/software/Tk/8.6.14-GCCcore-13.3.0/include -I/rds/bear-apps/2024a/EL8-ice/software/cURL/8.7.1-GCCcore-13.3.0/include -I/rds/bear-apps/2024a/EL8-ice/software/OpenSSL/3/include -I/rds/bear-apps/2024a/EL8-ice/software/libgit2/1.8.1-GCCcore-13.3.0/include -I/rds/bear-apps/2024a/EL8-ice/software/Java/17.0.15/include -I/rds/bear-apps/2024a/EL8-ice/software/LibTIFF/4.6.0-GCCcore-13.3.0/include -I/rds/bear-apps/2024a/EL8-ice/software/libjpeg-turbo/3.0.1-GCCcore-13.3.0/include -I/rds/bear-apps/2024a/EL8-ice/software/libpng/1.6.43-GCCcore-13.3.0/include -I/rds/bear-apps/2024a/EL8-ice/software/PCRE2/10.43-GCCcore-13.3.0/include -I/rds/bear-apps/2024a/EL8-ice/software/SQLite/3.45.3-GCCcore-13.3.0/include -I/rds/bear-apps/2024a/EL8-ice/software/zlib/1.3.1-GCCcore-13.3.0/include -I/rds/bear-apps/2024a/EL8-ice/software/XZ/5.4.5-GCCcore-13.3.0/include -I/rds/bear-apps/2024a/EL8-ice/software/bzip2/1.0.8-GCCcore-13.3.0/include -I/rds/bear-apps/2024a/EL8-ice/software/ncurses/6.5-GCCcore-13.3.0/include -I/rds/bear-apps/2024a/EL8-ice/software/libreadline/8.2-GCCcore-13.3.0/include -I/rds/bear-apps/2024a/EL8-ice/software/cairo/1.18.0-GCCcore-13.3.0/include -I/rds/bear-apps/2024a/EL8-ice/software/libGLU/9.0.3-GCCcore-13.3.0/include -I/rds/bear-apps/2024a/EL8-ice/software/Mesa/24.1.3-GCCcore-13.3.0/include -I/rds/bear-apps/2024a/EL8-ice/software/X11/20240607-GCCcore-13.3.0/include -I/rds/bear-apps/2024a/EL8-ice/software/pkgconf/2.2.0-GCCcore-13.3.0/include -I/rds/bear-apps/2024a/EL8-ice/software/FFTW/3.3.10-GCC-13.3.0/include -I/rds/bear-apps/2024a/EL8-ice/software/FlexiBLAS/3.4.4-GCC-13.3.0/include -I/rds/bear-apps/2024a/EL8-ice/software/FlexiBLAS/3.4.4-GCC-13.3.0/include/flexiblas    -fpic  -O2 -ftree-vectorize -march=native -fno-math-errno  -c tree-sitter/markdown/scanner.c -o tree-sitter/markdown/scanner.o
gcc -std=gnu2x -I"/rds/bear-apps/2024a/EL8-ice/software/R/4.5.0-gfbf-2024a/lib64/R/include" -DNDEBUG -I./tree-sitter/lib/include -I./tree-sitter/lib/src -I./yaml  -I/rds/bear-apps/2024a/EL8-ice/software/FriBidi/1.0.15-GCCcore-13.3.0/include -I/rds/bear-apps/2024a/EL8-ice/software/HarfBuzz/9.0.0-GCCcore-13.3.0/include -I/rds/bear-apps/2024a/EL8-ice/software/Tk/8.6.14-GCCcore-13.3.0/include -I/rds/bear-apps/2024a/EL8-ice/software/cURL/8.7.1-GCCcore-13.3.0/include -I/rds/bear-apps/2024a/EL8-ice/software/OpenSSL/3/include -I/rds/bear-apps/2024a/EL8-ice/software/libgit2/1.8.1-GCCcore-13.3.0/include -I/rds/bear-apps/2024a/EL8-ice/software/Java/17.0.15/include -I/rds/bear-apps/2024a/EL8-ice/software/LibTIFF/4.6.0-GCCcore-13.3.0/include -I/rds/bear-apps/2024a/EL8-ice/software/libjpeg-turbo/3.0.1-GCCcore-13.3.0/include -I/rds/bear-apps/2024a/EL8-ice/software/libpng/1.6.43-GCCcore-13.3.0/include -I/rds/bear-apps/2024a/EL8-ice/software/PCRE2/10.43-GCCcore-13.3.0/include -I/rds/bear-apps/2024a/EL8-ice/software/SQLite/3.45.3-GCCcore-13.3.0/include -I/rds/bear-apps/2024a/EL8-ice/software/zlib/1.3.1-GCCcore-13.3.0/include -I/rds/bear-apps/2024a/EL8-ice/software/XZ/5.4.5-GCCcore-13.3.0/include -I/rds/bear-apps/2024a/EL8-ice/software/bzip2/1.0.8-GCCcore-13.3.0/include -I/rds/bear-apps/2024a/EL8-ice/software/ncurses/6.5-GCCcore-13.3.0/include -I/rds/bear-apps/2024a/EL8-ice/software/libreadline/8.2-GCCcore-13.3.0/include -I/rds/bear-apps/2024a/EL8-ice/software/cairo/1.18.0-GCCcore-13.3.0/include -I/rds/bear-apps/2024a/EL8-ice/software/libGLU/9.0.3-GCCcore-13.3.0/include -I/rds/bear-apps/2024a/EL8-ice/software/Mesa/24.1.3-GCCcore-13.3.0/include -I/rds/bear-apps/2024a/EL8-ice/software/X11/20240607-GCCcore-13.3.0/include -I/rds/bear-apps/2024a/EL8-ice/software/pkgconf/2.2.0-GCCcore-13.3.0/include -I/rds/bear-apps/2024a/EL8-ice/software/FFTW/3.3.10-GCC-13.3.0/include -I/rds/bear-apps/2024a/EL8-ice/software/FlexiBLAS/3.4.4-GCC-13.3.0/include -I/rds/bear-apps/2024a/EL8-ice/software/FlexiBLAS/3.4.4-GCC-13.3.0/include/flexiblas    -fpic  -O2 -ftree-vectorize -march=native -fno-math-errno  -c tree-sitter/markdown-inline/parser.c -o tree-sitter/markdown-inline/parser.o
gcc -std=gnu2x -I"/rds/bear-apps/2024a/EL8-ice/software/R/4.5.0-gfbf-2024a/lib64/R/include" -DNDEBUG -I./tree-sitter/lib/include -I./tree-sitter/lib/src -I./yaml  -I/rds/bear-apps/2024a/EL8-ice/software/FriBidi/1.0.15-GCCcore-13.3.0/include -I/rds/bear-apps/2024a/EL8-ice/software/HarfBuzz/9.0.0-GCCcore-13.3.0/include -I/rds/bear-apps/2024a/EL8-ice/software/Tk/8.6.14-GCCcore-13.3.0/include -I/rds/bear-apps/2024a/EL8-ice/software/cURL/8.7.1-GCCcore-13.3.0/include -I/rds/bear-apps/2024a/EL8-ice/software/OpenSSL/3/include -I/rds/bear-apps/2024a/EL8-ice/software/libgit2/1.8.1-GCCcore-13.3.0/include -I/rds/bear-apps/2024a/EL8-ice/software/Java/17.0.15/include -I/rds/bear-apps/2024a/EL8-ice/software/LibTIFF/4.6.0-GCCcore-13.3.0/include -I/rds/bear-apps/2024a/EL8-ice/software/libjpeg-turbo/3.0.1-GCCcore-13.3.0/include -I/rds/bear-apps/2024a/EL8-ice/software/libpng/1.6.43-GCCcore-13.3.0/include -I/rds/bear-apps/2024a/EL8-ice/software/PCRE2/10.43-GCCcore-13.3.0/include -I/rds/bear-apps/2024a/EL8-ice/software/SQLite/3.45.3-GCCcore-13.3.0/include -I/rds/bear-apps/2024a/EL8-ice/software/zlib/1.3.1-GCCcore-13.3.0/include -I/rds/bear-apps/2024a/EL8-ice/software/XZ/5.4.5-GCCcore-13.3.0/include -I/rds/bear-apps/2024a/EL8-ice/software/bzip2/1.0.8-GCCcore-13.3.0/include -I/rds/bear-apps/2024a/EL8-ice/software/ncurses/6.5-GCCcore-13.3.0/include -I/rds/bear-apps/2024a/EL8-ice/software/libreadline/8.2-GCCcore-13.3.0/include -I/rds/bear-apps/2024a/EL8-ice/software/cairo/1.18.0-GCCcore-13.3.0/include -I/rds/bear-apps/2024a/EL8-ice/software/libGLU/9.0.3-GCCcore-13.3.0/include -I/rds/bear-apps/2024a/EL8-ice/software/Mesa/24.1.3-GCCcore-13.3.0/include -I/rds/bear-apps/2024a/EL8-ice/software/X11/20240607-GCCcore-13.3.0/include -I/rds/bear-apps/2024a/EL8-ice/software/pkgconf/2.2.0-GCCcore-13.3.0/include -I/rds/bear-apps/2024a/EL8-ice/software/FFTW/3.3.10-GCC-13.3.0/include -I/rds/bear-apps/2024a/EL8-ice/software/FlexiBLAS/3.4.4-GCC-13.3.0/include -I/rds/bear-apps/2024a/EL8-ice/software/FlexiBLAS/3.4.4-GCC-13.3.0/include/flexiblas    -fpic  -O2 -ftree-vectorize -march=native -fno-math-errno  -c tree-sitter/markdown-inline/scanner.c -o tree-sitter/markdown-inline/scanner.o
gcc -std=gnu2x -I"/rds/bear-apps/2024a/EL8-ice/software/R/4.5.0-gfbf-2024a/lib64/R/include" -DNDEBUG -I./tree-sitter/lib/include -I./tree-sitter/lib/src -I./yaml  -I/rds/bear-apps/2024a/EL8-ice/software/FriBidi/1.0.15-GCCcore-13.3.0/include -I/rds/bear-apps/2024a/EL8-ice/software/HarfBuzz/9.0.0-GCCcore-13.3.0/include -I/rds/bear-apps/2024a/EL8-ice/software/Tk/8.6.14-GCCcore-13.3.0/include -I/rds/bear-apps/2024a/EL8-ice/software/cURL/8.7.1-GCCcore-13.3.0/include -I/rds/bear-apps/2024a/EL8-ice/software/OpenSSL/3/include -I/rds/bear-apps/2024a/EL8-ice/software/libgit2/1.8.1-GCCcore-13.3.0/include -I/rds/bear-apps/2024a/EL8-ice/software/Java/17.0.15/include -I/rds/bear-apps/2024a/EL8-ice/software/LibTIFF/4.6.0-GCCcore-13.3.0/include -I/rds/bear-apps/2024a/EL8-ice/software/libjpeg-turbo/3.0.1-GCCcore-13.3.0/include -I/rds/bear-apps/2024a/EL8-ice/software/libpng/1.6.43-GCCcore-13.3.0/include -I/rds/bear-apps/2024a/EL8-ice/software/PCRE2/10.43-GCCcore-13.3.0/include -I/rds/bear-apps/2024a/EL8-ice/software/SQLite/3.45.3-GCCcore-13.3.0/include -I/rds/bear-apps/2024a/EL8-ice/software/zlib/1.3.1-GCCcore-13.3.0/include -I/rds/bear-apps/2024a/EL8-ice/software/XZ/5.4.5-GCCcore-13.3.0/include -I/rds/bear-apps/2024a/EL8-ice/software/bzip2/1.0.8-GCCcore-13.3.0/include -I/rds/bear-apps/2024a/EL8-ice/software/ncurses/6.5-GCCcore-13.3.0/include -I/rds/bear-apps/2024a/EL8-ice/software/libreadline/8.2-GCCcore-13.3.0/include -I/rds/bear-apps/2024a/EL8-ice/software/cairo/1.18.0-GCCcore-13.3.0/include -I/rds/bear-apps/2024a/EL8-ice/software/libGLU/9.0.3-GCCcore-13.3.0/include -I/rds/bear-apps/2024a/EL8-ice/software/Mesa/24.1.3-GCCcore-13.3.0/include -I/rds/bear-apps/2024a/EL8-ice/software/X11/20240607-GCCcore-13.3.0/include -I/rds/bear-apps/2024a/EL8-ice/software/pkgconf/2.2.0-GCCcore-13.3.0/include -I/rds/bear-apps/2024a/EL8-ice/software/FFTW/3.3.10-GCC-13.3.0/include -I/rds/bear-apps/2024a/EL8-ice/software/FlexiBLAS/3.4.4-GCC-13.3.0/include -I/rds/bear-apps/2024a/EL8-ice/software/FlexiBLAS/3.4.4-GCC-13.3.0/include/flexiblas    -fpic  -O2 -ftree-vectorize -march=native -fno-math-errno  -c tree-sitter/yaml/parser.c -o tree-sitter/yaml/parser.o
gcc -std=gnu2x -I"/rds/bear-apps/2024a/EL8-ice/software/R/4.5.0-gfbf-2024a/lib64/R/include" -DNDEBUG -I./tree-sitter/lib/include -I./tree-sitter/lib/src -I./yaml  -I/rds/bear-apps/2024a/EL8-ice/software/FriBidi/1.0.15-GCCcore-13.3.0/include -I/rds/bear-apps/2024a/EL8-ice/software/HarfBuzz/9.0.0-GCCcore-13.3.0/include -I/rds/bear-apps/2024a/EL8-ice/software/Tk/8.6.14-GCCcore-13.3.0/include -I/rds/bear-apps/2024a/EL8-ice/software/cURL/8.7.1-GCCcore-13.3.0/include -I/rds/bear-apps/2024a/EL8-ice/software/OpenSSL/3/include -I/rds/bear-apps/2024a/EL8-ice/software/libgit2/1.8.1-GCCcore-13.3.0/include -I/rds/bear-apps/2024a/EL8-ice/software/Java/17.0.15/include -I/rds/bear-apps/2024a/EL8-ice/software/LibTIFF/4.6.0-GCCcore-13.3.0/include -I/rds/bear-apps/2024a/EL8-ice/software/libjpeg-turbo/3.0.1-GCCcore-13.3.0/include -I/rds/bear-apps/2024a/EL8-ice/software/libpng/1.6.43-GCCcore-13.3.0/include -I/rds/bear-apps/2024a/EL8-ice/software/PCRE2/10.43-GCCcore-13.3.0/include -I/rds/bear-apps/2024a/EL8-ice/software/SQLite/3.45.3-GCCcore-13.3.0/include -I/rds/bear-apps/2024a/EL8-ice/software/zlib/1.3.1-GCCcore-13.3.0/include -I/rds/bear-apps/2024a/EL8-ice/software/XZ/5.4.5-GCCcore-13.3.0/include -I/rds/bear-apps/2024a/EL8-ice/software/bzip2/1.0.8-GCCcore-13.3.0/include -I/rds/bear-apps/2024a/EL8-ice/software/ncurses/6.5-GCCcore-13.3.0/include -I/rds/bear-apps/2024a/EL8-ice/software/libreadline/8.2-GCCcore-13.3.0/include -I/rds/bear-apps/2024a/EL8-ice/software/cairo/1.18.0-GCCcore-13.3.0/include -I/rds/bear-apps/2024a/EL8-ice/software/libGLU/9.0.3-GCCcore-13.3.0/include -I/rds/bear-apps/2024a/EL8-ice/software/Mesa/24.1.3-GCCcore-13.3.0/include -I/rds/bear-apps/2024a/EL8-ice/software/X11/20240607-GCCcore-13.3.0/include -I/rds/bear-apps/2024a/EL8-ice/software/pkgconf/2.2.0-GCCcore-13.3.0/include -I/rds/bear-apps/2024a/EL8-ice/software/FFTW/3.3.10-GCC-13.3.0/include -I/rds/bear-apps/2024a/EL8-ice/software/FlexiBLAS/3.4.4-GCC-13.3.0/include -I/rds/bear-apps/2024a/EL8-ice/software/FlexiBLAS/3.4.4-GCC-13.3.0/include/flexiblas    -fpic  -O2 -ftree-vectorize -march=native -fno-math-errno  -c tree-sitter/yaml/scanner.c -o tree-sitter/yaml/scanner.o
gcc -std=gnu2x -I"/rds/bear-apps/2024a/EL8-ice/software/R/4.5.0-gfbf-2024a/lib64/R/include" -DNDEBUG -I./tree-sitter/lib/include -I./tree-sitter/lib/src -I./yaml  -I/rds/bear-apps/2024a/EL8-ice/software/FriBidi/1.0.15-GCCcore-13.3.0/include -I/rds/bear-apps/2024a/EL8-ice/software/HarfBuzz/9.0.0-GCCcore-13.3.0/include -I/rds/bear-apps/2024a/EL8-ice/software/Tk/8.6.14-GCCcore-13.3.0/include -I/rds/bear-apps/2024a/EL8-ice/software/cURL/8.7.1-GCCcore-13.3.0/include -I/rds/bear-apps/2024a/EL8-ice/software/OpenSSL/3/include -I/rds/bear-apps/2024a/EL8-ice/software/libgit2/1.8.1-GCCcore-13.3.0/include -I/rds/bear-apps/2024a/EL8-ice/software/Java/17.0.15/include -I/rds/bear-apps/2024a/EL8-ice/software/LibTIFF/4.6.0-GCCcore-13.3.0/include -I/rds/bear-apps/2024a/EL8-ice/software/libjpeg-turbo/3.0.1-GCCcore-13.3.0/include -I/rds/bear-apps/2024a/EL8-ice/software/libpng/1.6.43-GCCcore-13.3.0/include -I/rds/bear-apps/2024a/EL8-ice/software/PCRE2/10.43-GCCcore-13.3.0/include -I/rds/bear-apps/2024a/EL8-ice/software/SQLite/3.45.3-GCCcore-13.3.0/include -I/rds/bear-apps/2024a/EL8-ice/software/zlib/1.3.1-GCCcore-13.3.0/include -I/rds/bear-apps/2024a/EL8-ice/software/XZ/5.4.5-GCCcore-13.3.0/include -I/rds/bear-apps/2024a/EL8-ice/software/bzip2/1.0.8-GCCcore-13.3.0/include -I/rds/bear-apps/2024a/EL8-ice/software/ncurses/6.5-GCCcore-13.3.0/include -I/rds/bear-apps/2024a/EL8-ice/software/libreadline/8.2-GCCcore-13.3.0/include -I/rds/bear-apps/2024a/EL8-ice/software/cairo/1.18.0-GCCcore-13.3.0/include -I/rds/bear-apps/2024a/EL8-ice/software/libGLU/9.0.3-GCCcore-13.3.0/include -I/rds/bear-apps/2024a/EL8-ice/software/Mesa/24.1.3-GCCcore-13.3.0/include -I/rds/bear-apps/2024a/EL8-ice/software/X11/20240607-GCCcore-13.3.0/include -I/rds/bear-apps/2024a/EL8-ice/software/pkgconf/2.2.0-GCCcore-13.3.0/include -I/rds/bear-apps/2024a/EL8-ice/software/FFTW/3.3.10-GCC-13.3.0/include -I/rds/bear-apps/2024a/EL8-ice/software/FlexiBLAS/3.4.4-GCC-13.3.0/include -I/rds/bear-apps/2024a/EL8-ice/software/FlexiBLAS/3.4.4-GCC-13.3.0/include/flexiblas    -fpic  -O2 -ftree-vectorize -march=native -fno-math-errno  -c yaml/api.c -o yaml/api.o
gcc -std=gnu2x -I"/rds/bear-apps/2024a/EL8-ice/software/R/4.5.0-gfbf-2024a/lib64/R/include" -DNDEBUG -I./tree-sitter/lib/include -I./tree-sitter/lib/src -I./yaml  -I/rds/bear-apps/2024a/EL8-ice/software/FriBidi/1.0.15-GCCcore-13.3.0/include -I/rds/bear-apps/2024a/EL8-ice/software/HarfBuzz/9.0.0-GCCcore-13.3.0/include -I/rds/bear-apps/2024a/EL8-ice/software/Tk/8.6.14-GCCcore-13.3.0/include -I/rds/bear-apps/2024a/EL8-ice/software/cURL/8.7.1-GCCcore-13.3.0/include -I/rds/bear-apps/2024a/EL8-ice/software/OpenSSL/3/include -I/rds/bear-apps/2024a/EL8-ice/software/libgit2/1.8.1-GCCcore-13.3.0/include -I/rds/bear-apps/2024a/EL8-ice/software/Java/17.0.15/include -I/rds/bear-apps/2024a/EL8-ice/software/LibTIFF/4.6.0-GCCcore-13.3.0/include -I/rds/bear-apps/2024a/EL8-ice/software/libjpeg-turbo/3.0.1-GCCcore-13.3.0/include -I/rds/bear-apps/2024a/EL8-ice/software/libpng/1.6.43-GCCcore-13.3.0/include -I/rds/bear-apps/2024a/EL8-ice/software/PCRE2/10.43-GCCcore-13.3.0/include -I/rds/bear-apps/2024a/EL8-ice/software/SQLite/3.45.3-GCCcore-13.3.0/include -I/rds/bear-apps/2024a/EL8-ice/software/zlib/1.3.1-GCCcore-13.3.0/include -I/rds/bear-apps/2024a/EL8-ice/software/XZ/5.4.5-GCCcore-13.3.0/include -I/rds/bear-apps/2024a/EL8-ice/software/bzip2/1.0.8-GCCcore-13.3.0/include -I/rds/bear-apps/2024a/EL8-ice/software/ncurses/6.5-GCCcore-13.3.0/include -I/rds/bear-apps/2024a/EL8-ice/software/libreadline/8.2-GCCcore-13.3.0/include -I/rds/bear-apps/2024a/EL8-ice/software/cairo/1.18.0-GCCcore-13.3.0/include -I/rds/bear-apps/2024a/EL8-ice/software/libGLU/9.0.3-GCCcore-13.3.0/include -I/rds/bear-apps/2024a/EL8-ice/software/Mesa/24.1.3-GCCcore-13.3.0/include -I/rds/bear-apps/2024a/EL8-ice/software/X11/20240607-GCCcore-13.3.0/include -I/rds/bear-apps/2024a/EL8-ice/software/pkgconf/2.2.0-GCCcore-13.3.0/include -I/rds/bear-apps/2024a/EL8-ice/software/FFTW/3.3.10-GCC-13.3.0/include -I/rds/bear-apps/2024a/EL8-ice/software/FlexiBLAS/3.4.4-GCC-13.3.0/include -I/rds/bear-apps/2024a/EL8-ice/software/FlexiBLAS/3.4.4-GCC-13.3.0/include/flexiblas    -fpic  -O2 -ftree-vectorize -march=native -fno-math-errno  -c yaml/dumper.c -o yaml/dumper.o
gcc -std=gnu2x -I"/rds/bear-apps/2024a/EL8-ice/software/R/4.5.0-gfbf-2024a/lib64/R/include" -DNDEBUG -I./tree-sitter/lib/include -I./tree-sitter/lib/src -I./yaml  -I/rds/bear-apps/2024a/EL8-ice/software/FriBidi/1.0.15-GCCcore-13.3.0/include -I/rds/bear-apps/2024a/EL8-ice/software/HarfBuzz/9.0.0-GCCcore-13.3.0/include -I/rds/bear-apps/2024a/EL8-ice/software/Tk/8.6.14-GCCcore-13.3.0/include -I/rds/bear-apps/2024a/EL8-ice/software/cURL/8.7.1-GCCcore-13.3.0/include -I/rds/bear-apps/2024a/EL8-ice/software/OpenSSL/3/include -I/rds/bear-apps/2024a/EL8-ice/software/libgit2/1.8.1-GCCcore-13.3.0/include -I/rds/bear-apps/2024a/EL8-ice/software/Java/17.0.15/include -I/rds/bear-apps/2024a/EL8-ice/software/LibTIFF/4.6.0-GCCcore-13.3.0/include -I/rds/bear-apps/2024a/EL8-ice/software/libjpeg-turbo/3.0.1-GCCcore-13.3.0/include -I/rds/bear-apps/2024a/EL8-ice/software/libpng/1.6.43-GCCcore-13.3.0/include -I/rds/bear-apps/2024a/EL8-ice/software/PCRE2/10.43-GCCcore-13.3.0/include -I/rds/bear-apps/2024a/EL8-ice/software/SQLite/3.45.3-GCCcore-13.3.0/include -I/rds/bear-apps/2024a/EL8-ice/software/zlib/1.3.1-GCCcore-13.3.0/include -I/rds/bear-apps/2024a/EL8-ice/software/XZ/5.4.5-GCCcore-13.3.0/include -I/rds/bear-apps/2024a/EL8-ice/software/bzip2/1.0.8-GCCcore-13.3.0/include -I/rds/bear-apps/2024a/EL8-ice/software/ncurses/6.5-GCCcore-13.3.0/include -I/rds/bear-apps/2024a/EL8-ice/software/libreadline/8.2-GCCcore-13.3.0/include -I/rds/bear-apps/2024a/EL8-ice/software/cairo/1.18.0-GCCcore-13.3.0/include -I/rds/bear-apps/2024a/EL8-ice/software/libGLU/9.0.3-GCCcore-13.3.0/include -I/rds/bear-apps/2024a/EL8-ice/software/Mesa/24.1.3-GCCcore-13.3.0/include -I/rds/bear-apps/2024a/EL8-ice/software/X11/20240607-GCCcore-13.3.0/include -I/rds/bear-apps/2024a/EL8-ice/software/pkgconf/2.2.0-GCCcore-13.3.0/include -I/rds/bear-apps/2024a/EL8-ice/software/FFTW/3.3.10-GCC-13.3.0/include -I/rds/bear-apps/2024a/EL8-ice/software/FlexiBLAS/3.4.4-GCC-13.3.0/include -I/rds/bear-apps/2024a/EL8-ice/software/FlexiBLAS/3.4.4-GCC-13.3.0/include/flexiblas    -fpic  -O2 -ftree-vectorize -march=native -fno-math-errno  -c yaml/emitter.c -o yaml/emitter.o
gcc -std=gnu2x -I"/rds/bear-apps/2024a/EL8-ice/software/R/4.5.0-gfbf-2024a/lib64/R/include" -DNDEBUG -I./tree-sitter/lib/include -I./tree-sitter/lib/src -I./yaml  -I/rds/bear-apps/2024a/EL8-ice/software/FriBidi/1.0.15-GCCcore-13.3.0/include -I/rds/bear-apps/2024a/EL8-ice/software/HarfBuzz/9.0.0-GCCcore-13.3.0/include -I/rds/bear-apps/2024a/EL8-ice/software/Tk/8.6.14-GCCcore-13.3.0/include -I/rds/bear-apps/2024a/EL8-ice/software/cURL/8.7.1-GCCcore-13.3.0/include -I/rds/bear-apps/2024a/EL8-ice/software/OpenSSL/3/include -I/rds/bear-apps/2024a/EL8-ice/software/libgit2/1.8.1-GCCcore-13.3.0/include -I/rds/bear-apps/2024a/EL8-ice/software/Java/17.0.15/include -I/rds/bear-apps/2024a/EL8-ice/software/LibTIFF/4.6.0-GCCcore-13.3.0/include -I/rds/bear-apps/2024a/EL8-ice/software/libjpeg-turbo/3.0.1-GCCcore-13.3.0/include -I/rds/bear-apps/2024a/EL8-ice/software/libpng/1.6.43-GCCcore-13.3.0/include -I/rds/bear-apps/2024a/EL8-ice/software/PCRE2/10.43-GCCcore-13.3.0/include -I/rds/bear-apps/2024a/EL8-ice/software/SQLite/3.45.3-GCCcore-13.3.0/include -I/rds/bear-apps/2024a/EL8-ice/software/zlib/1.3.1-GCCcore-13.3.0/include -I/rds/bear-apps/2024a/EL8-ice/software/XZ/5.4.5-GCCcore-13.3.0/include -I/rds/bear-apps/2024a/EL8-ice/software/bzip2/1.0.8-GCCcore-13.3.0/include -I/rds/bear-apps/2024a/EL8-ice/software/ncurses/6.5-GCCcore-13.3.0/include -I/rds/bear-apps/2024a/EL8-ice/software/libreadline/8.2-GCCcore-13.3.0/include -I/rds/bear-apps/2024a/EL8-ice/software/cairo/1.18.0-GCCcore-13.3.0/include -I/rds/bear-apps/2024a/EL8-ice/software/libGLU/9.0.3-GCCcore-13.3.0/include -I/rds/bear-apps/2024a/EL8-ice/software/Mesa/24.1.3-GCCcore-13.3.0/include -I/rds/bear-apps/2024a/EL8-ice/software/X11/20240607-GCCcore-13.3.0/include -I/rds/bear-apps/2024a/EL8-ice/software/pkgconf/2.2.0-GCCcore-13.3.0/include -I/rds/bear-apps/2024a/EL8-ice/software/FFTW/3.3.10-GCC-13.3.0/include -I/rds/bear-apps/2024a/EL8-ice/software/FlexiBLAS/3.4.4-GCC-13.3.0/include -I/rds/bear-apps/2024a/EL8-ice/software/FlexiBLAS/3.4.4-GCC-13.3.0/include/flexiblas    -fpic  -O2 -ftree-vectorize -march=native -fno-math-errno  -c yaml/loader.c -o yaml/loader.o
gcc -std=gnu2x -I"/rds/bear-apps/2024a/EL8-ice/software/R/4.5.0-gfbf-2024a/lib64/R/include" -DNDEBUG -I./tree-sitter/lib/include -I./tree-sitter/lib/src -I./yaml  -I/rds/bear-apps/2024a/EL8-ice/software/FriBidi/1.0.15-GCCcore-13.3.0/include -I/rds/bear-apps/2024a/EL8-ice/software/HarfBuzz/9.0.0-GCCcore-13.3.0/include -I/rds/bear-apps/2024a/EL8-ice/software/Tk/8.6.14-GCCcore-13.3.0/include -I/rds/bear-apps/2024a/EL8-ice/software/cURL/8.7.1-GCCcore-13.3.0/include -I/rds/bear-apps/2024a/EL8-ice/software/OpenSSL/3/include -I/rds/bear-apps/2024a/EL8-ice/software/libgit2/1.8.1-GCCcore-13.3.0/include -I/rds/bear-apps/2024a/EL8-ice/software/Java/17.0.15/include -I/rds/bear-apps/2024a/EL8-ice/software/LibTIFF/4.6.0-GCCcore-13.3.0/include -I/rds/bear-apps/2024a/EL8-ice/software/libjpeg-turbo/3.0.1-GCCcore-13.3.0/include -I/rds/bear-apps/2024a/EL8-ice/software/libpng/1.6.43-GCCcore-13.3.0/include -I/rds/bear-apps/2024a/EL8-ice/software/PCRE2/10.43-GCCcore-13.3.0/include -I/rds/bear-apps/2024a/EL8-ice/software/SQLite/3.45.3-GCCcore-13.3.0/include -I/rds/bear-apps/2024a/EL8-ice/software/zlib/1.3.1-GCCcore-13.3.0/include -I/rds/bear-apps/2024a/EL8-ice/software/XZ/5.4.5-GCCcore-13.3.0/include -I/rds/bear-apps/2024a/EL8-ice/software/bzip2/1.0.8-GCCcore-13.3.0/include -I/rds/bear-apps/2024a/EL8-ice/software/ncurses/6.5-GCCcore-13.3.0/include -I/rds/bear-apps/2024a/EL8-ice/software/libreadline/8.2-GCCcore-13.3.0/include -I/rds/bear-apps/2024a/EL8-ice/software/cairo/1.18.0-GCCcore-13.3.0/include -I/rds/bear-apps/2024a/EL8-ice/software/libGLU/9.0.3-GCCcore-13.3.0/include -I/rds/bear-apps/2024a/EL8-ice/software/Mesa/24.1.3-GCCcore-13.3.0/include -I/rds/bear-apps/2024a/EL8-ice/software/X11/20240607-GCCcore-13.3.0/include -I/rds/bear-apps/2024a/EL8-ice/software/pkgconf/2.2.0-GCCcore-13.3.0/include -I/rds/bear-apps/2024a/EL8-ice/software/FFTW/3.3.10-GCC-13.3.0/include -I/rds/bear-apps/2024a/EL8-ice/software/FlexiBLAS/3.4.4-GCC-13.3.0/include -I/rds/bear-apps/2024a/EL8-ice/software/FlexiBLAS/3.4.4-GCC-13.3.0/include/flexiblas    -fpic  -O2 -ftree-vectorize -march=native -fno-math-errno  -c yaml/parser.c -o yaml/parser.o
gcc -std=gnu2x -I"/rds/bear-apps/2024a/EL8-ice/software/R/4.5.0-gfbf-2024a/lib64/R/include" -DNDEBUG -I./tree-sitter/lib/include -I./tree-sitter/lib/src -I./yaml  -I/rds/bear-apps/2024a/EL8-ice/software/FriBidi/1.0.15-GCCcore-13.3.0/include -I/rds/bear-apps/2024a/EL8-ice/software/HarfBuzz/9.0.0-GCCcore-13.3.0/include -I/rds/bear-apps/2024a/EL8-ice/software/Tk/8.6.14-GCCcore-13.3.0/include -I/rds/bear-apps/2024a/EL8-ice/software/cURL/8.7.1-GCCcore-13.3.0/include -I/rds/bear-apps/2024a/EL8-ice/software/OpenSSL/3/include -I/rds/bear-apps/2024a/EL8-ice/software/libgit2/1.8.1-GCCcore-13.3.0/include -I/rds/bear-apps/2024a/EL8-ice/software/Java/17.0.15/include -I/rds/bear-apps/2024a/EL8-ice/software/LibTIFF/4.6.0-GCCcore-13.3.0/include -I/rds/bear-apps/2024a/EL8-ice/software/libjpeg-turbo/3.0.1-GCCcore-13.3.0/include -I/rds/bear-apps/2024a/EL8-ice/software/libpng/1.6.43-GCCcore-13.3.0/include -I/rds/bear-apps/2024a/EL8-ice/software/PCRE2/10.43-GCCcore-13.3.0/include -I/rds/bear-apps/2024a/EL8-ice/software/SQLite/3.45.3-GCCcore-13.3.0/include -I/rds/bear-apps/2024a/EL8-ice/software/zlib/1.3.1-GCCcore-13.3.0/include -I/rds/bear-apps/2024a/EL8-ice/software/XZ/5.4.5-GCCcore-13.3.0/include -I/rds/bear-apps/2024a/EL8-ice/software/bzip2/1.0.8-GCCcore-13.3.0/include -I/rds/bear-apps/2024a/EL8-ice/software/ncurses/6.5-GCCcore-13.3.0/include -I/rds/bear-apps/2024a/EL8-ice/software/libreadline/8.2-GCCcore-13.3.0/include -I/rds/bear-apps/2024a/EL8-ice/software/cairo/1.18.0-GCCcore-13.3.0/include -I/rds/bear-apps/2024a/EL8-ice/software/libGLU/9.0.3-GCCcore-13.3.0/include -I/rds/bear-apps/2024a/EL8-ice/software/Mesa/24.1.3-GCCcore-13.3.0/include -I/rds/bear-apps/2024a/EL8-ice/software/X11/20240607-GCCcore-13.3.0/include -I/rds/bear-apps/2024a/EL8-ice/software/pkgconf/2.2.0-GCCcore-13.3.0/include -I/rds/bear-apps/2024a/EL8-ice/software/FFTW/3.3.10-GCC-13.3.0/include -I/rds/bear-apps/2024a/EL8-ice/software/FlexiBLAS/3.4.4-GCC-13.3.0/include -I/rds/bear-apps/2024a/EL8-ice/software/FlexiBLAS/3.4.4-GCC-13.3.0/include/flexiblas    -fpic  -O2 -ftree-vectorize -march=native -fno-math-errno  -c yaml/reader.c -o yaml/reader.o
gcc -std=gnu2x -I"/rds/bear-apps/2024a/EL8-ice/software/R/4.5.0-gfbf-2024a/lib64/R/include" -DNDEBUG -I./tree-sitter/lib/include -I./tree-sitter/lib/src -I./yaml  -I/rds/bear-apps/2024a/EL8-ice/software/FriBidi/1.0.15-GCCcore-13.3.0/include -I/rds/bear-apps/2024a/EL8-ice/software/HarfBuzz/9.0.0-GCCcore-13.3.0/include -I/rds/bear-apps/2024a/EL8-ice/software/Tk/8.6.14-GCCcore-13.3.0/include -I/rds/bear-apps/2024a/EL8-ice/software/cURL/8.7.1-GCCcore-13.3.0/include -I/rds/bear-apps/2024a/EL8-ice/software/OpenSSL/3/include -I/rds/bear-apps/2024a/EL8-ice/software/libgit2/1.8.1-GCCcore-13.3.0/include -I/rds/bear-apps/2024a/EL8-ice/software/Java/17.0.15/include -I/rds/bear-apps/2024a/EL8-ice/software/LibTIFF/4.6.0-GCCcore-13.3.0/include -I/rds/bear-apps/2024a/EL8-ice/software/libjpeg-turbo/3.0.1-GCCcore-13.3.0/include -I/rds/bear-apps/2024a/EL8-ice/software/libpng/1.6.43-GCCcore-13.3.0/include -I/rds/bear-apps/2024a/EL8-ice/software/PCRE2/10.43-GCCcore-13.3.0/include -I/rds/bear-apps/2024a/EL8-ice/software/SQLite/3.45.3-GCCcore-13.3.0/include -I/rds/bear-apps/2024a/EL8-ice/software/zlib/1.3.1-GCCcore-13.3.0/include -I/rds/bear-apps/2024a/EL8-ice/software/XZ/5.4.5-GCCcore-13.3.0/include -I/rds/bear-apps/2024a/EL8-ice/software/bzip2/1.0.8-GCCcore-13.3.0/include -I/rds/bear-apps/2024a/EL8-ice/software/ncurses/6.5-GCCcore-13.3.0/include -I/rds/bear-apps/2024a/EL8-ice/software/libreadline/8.2-GCCcore-13.3.0/include -I/rds/bear-apps/2024a/EL8-ice/software/cairo/1.18.0-GCCcore-13.3.0/include -I/rds/bear-apps/2024a/EL8-ice/software/libGLU/9.0.3-GCCcore-13.3.0/include -I/rds/bear-apps/2024a/EL8-ice/software/Mesa/24.1.3-GCCcore-13.3.0/include -I/rds/bear-apps/2024a/EL8-ice/software/X11/20240607-GCCcore-13.3.0/include -I/rds/bear-apps/2024a/EL8-ice/software/pkgconf/2.2.0-GCCcore-13.3.0/include -I/rds/bear-apps/2024a/EL8-ice/software/FFTW/3.3.10-GCC-13.3.0/include -I/rds/bear-apps/2024a/EL8-ice/software/FlexiBLAS/3.4.4-GCC-13.3.0/include -I/rds/bear-apps/2024a/EL8-ice/software/FlexiBLAS/3.4.4-GCC-13.3.0/include/flexiblas    -fpic  -O2 -ftree-vectorize -march=native -fno-math-errno  -c yaml/scanner.c -o yaml/scanner.o
gcc -std=gnu2x -I"/rds/bear-apps/2024a/EL8-ice/software/R/4.5.0-gfbf-2024a/lib64/R/include" -DNDEBUG -I./tree-sitter/lib/include -I./tree-sitter/lib/src -I./yaml  -I/rds/bear-apps/2024a/EL8-ice/software/FriBidi/1.0.15-GCCcore-13.3.0/include -I/rds/bear-apps/2024a/EL8-ice/software/HarfBuzz/9.0.0-GCCcore-13.3.0/include -I/rds/bear-apps/2024a/EL8-ice/software/Tk/8.6.14-GCCcore-13.3.0/include -I/rds/bear-apps/2024a/EL8-ice/software/cURL/8.7.1-GCCcore-13.3.0/include -I/rds/bear-apps/2024a/EL8-ice/software/OpenSSL/3/include -I/rds/bear-apps/2024a/EL8-ice/software/libgit2/1.8.1-GCCcore-13.3.0/include -I/rds/bear-apps/2024a/EL8-ice/software/Java/17.0.15/include -I/rds/bear-apps/2024a/EL8-ice/software/LibTIFF/4.6.0-GCCcore-13.3.0/include -I/rds/bear-apps/2024a/EL8-ice/software/libjpeg-turbo/3.0.1-GCCcore-13.3.0/include -I/rds/bear-apps/2024a/EL8-ice/software/libpng/1.6.43-GCCcore-13.3.0/include -I/rds/bear-apps/2024a/EL8-ice/software/PCRE2/10.43-GCCcore-13.3.0/include -I/rds/bear-apps/2024a/EL8-ice/software/SQLite/3.45.3-GCCcore-13.3.0/include -I/rds/bear-apps/2024a/EL8-ice/software/zlib/1.3.1-GCCcore-13.3.0/include -I/rds/bear-apps/2024a/EL8-ice/software/XZ/5.4.5-GCCcore-13.3.0/include -I/rds/bear-apps/2024a/EL8-ice/software/bzip2/1.0.8-GCCcore-13.3.0/include -I/rds/bear-apps/2024a/EL8-ice/software/ncurses/6.5-GCCcore-13.3.0/include -I/rds/bear-apps/2024a/EL8-ice/software/libreadline/8.2-GCCcore-13.3.0/include -I/rds/bear-apps/2024a/EL8-ice/software/cairo/1.18.0-GCCcore-13.3.0/include -I/rds/bear-apps/2024a/EL8-ice/software/libGLU/9.0.3-GCCcore-13.3.0/include -I/rds/bear-apps/2024a/EL8-ice/software/Mesa/24.1.3-GCCcore-13.3.0/include -I/rds/bear-apps/2024a/EL8-ice/software/X11/20240607-GCCcore-13.3.0/include -I/rds/bear-apps/2024a/EL8-ice/software/pkgconf/2.2.0-GCCcore-13.3.0/include -I/rds/bear-apps/2024a/EL8-ice/software/FFTW/3.3.10-GCC-13.3.0/include -I/rds/bear-apps/2024a/EL8-ice/software/FlexiBLAS/3.4.4-GCC-13.3.0/include -I/rds/bear-apps/2024a/EL8-ice/software/FlexiBLAS/3.4.4-GCC-13.3.0/include/flexiblas    -fpic  -O2 -ftree-vectorize -march=native -fno-math-errno  -c yaml/writer.c -o yaml/writer.o
gcc -std=gnu2x -I"/rds/bear-apps/2024a/EL8-ice/software/R/4.5.0-gfbf-2024a/lib64/R/include" -DNDEBUG -I./tree-sitter/lib/include -I./tree-sitter/lib/src -I./yaml  -I/rds/bear-apps/2024a/EL8-ice/software/FriBidi/1.0.15-GCCcore-13.3.0/include -I/rds/bear-apps/2024a/EL8-ice/software/HarfBuzz/9.0.0-GCCcore-13.3.0/include -I/rds/bear-apps/2024a/EL8-ice/software/Tk/8.6.14-GCCcore-13.3.0/include -I/rds/bear-apps/2024a/EL8-ice/software/cURL/8.7.1-GCCcore-13.3.0/include -I/rds/bear-apps/2024a/EL8-ice/software/OpenSSL/3/include -I/rds/bear-apps/2024a/EL8-ice/software/libgit2/1.8.1-GCCcore-13.3.0/include -I/rds/bear-apps/2024a/EL8-ice/software/Java/17.0.15/include -I/rds/bear-apps/2024a/EL8-ice/software/LibTIFF/4.6.0-GCCcore-13.3.0/include -I/rds/bear-apps/2024a/EL8-ice/software/libjpeg-turbo/3.0.1-GCCcore-13.3.0/include -I/rds/bear-apps/2024a/EL8-ice/software/libpng/1.6.43-GCCcore-13.3.0/include -I/rds/bear-apps/2024a/EL8-ice/software/PCRE2/10.43-GCCcore-13.3.0/include -I/rds/bear-apps/2024a/EL8-ice/software/SQLite/3.45.3-GCCcore-13.3.0/include -I/rds/bear-apps/2024a/EL8-ice/software/zlib/1.3.1-GCCcore-13.3.0/include -I/rds/bear-apps/2024a/EL8-ice/software/XZ/5.4.5-GCCcore-13.3.0/include -I/rds/bear-apps/2024a/EL8-ice/software/bzip2/1.0.8-GCCcore-13.3.0/include -I/rds/bear-apps/2024a/EL8-ice/software/ncurses/6.5-GCCcore-13.3.0/include -I/rds/bear-apps/2024a/EL8-ice/software/libreadline/8.2-GCCcore-13.3.0/include -I/rds/bear-apps/2024a/EL8-ice/software/cairo/1.18.0-GCCcore-13.3.0/include -I/rds/bear-apps/2024a/EL8-ice/software/libGLU/9.0.3-GCCcore-13.3.0/include -I/rds/bear-apps/2024a/EL8-ice/software/Mesa/24.1.3-GCCcore-13.3.0/include -I/rds/bear-apps/2024a/EL8-ice/software/X11/20240607-GCCcore-13.3.0/include -I/rds/bear-apps/2024a/EL8-ice/software/pkgconf/2.2.0-GCCcore-13.3.0/include -I/rds/bear-apps/2024a/EL8-ice/software/FFTW/3.3.10-GCC-13.3.0/include -I/rds/bear-apps/2024a/EL8-ice/software/FlexiBLAS/3.4.4-GCC-13.3.0/include -I/rds/bear-apps/2024a/EL8-ice/software/FlexiBLAS/3.4.4-GCC-13.3.0/include/flexiblas    -fpic  -O2 -ftree-vectorize -march=native -fno-math-errno  -c init.c -o init.o
gcc -std=gnu2x -I"/rds/bear-apps/2024a/EL8-ice/software/R/4.5.0-gfbf-2024a/lib64/R/include" -DNDEBUG -I./tree-sitter/lib/include -I./tree-sitter/lib/src -I./yaml  -I/rds/bear-apps/2024a/EL8-ice/software/FriBidi/1.0.15-GCCcore-13.3.0/include -I/rds/bear-apps/2024a/EL8-ice/software/HarfBuzz/9.0.0-GCCcore-13.3.0/include -I/rds/bear-apps/2024a/EL8-ice/software/Tk/8.6.14-GCCcore-13.3.0/include -I/rds/bear-apps/2024a/EL8-ice/software/cURL/8.7.1-GCCcore-13.3.0/include -I/rds/bear-apps/2024a/EL8-ice/software/OpenSSL/3/include -I/rds/bear-apps/2024a/EL8-ice/software/libgit2/1.8.1-GCCcore-13.3.0/include -I/rds/bear-apps/2024a/EL8-ice/software/Java/17.0.15/include -I/rds/bear-apps/2024a/EL8-ice/software/LibTIFF/4.6.0-GCCcore-13.3.0/include -I/rds/bear-apps/2024a/EL8-ice/software/libjpeg-turbo/3.0.1-GCCcore-13.3.0/include -I/rds/bear-apps/2024a/EL8-ice/software/libpng/1.6.43-GCCcore-13.3.0/include -I/rds/bear-apps/2024a/EL8-ice/software/PCRE2/10.43-GCCcore-13.3.0/include -I/rds/bear-apps/2024a/EL8-ice/software/SQLite/3.45.3-GCCcore-13.3.0/include -I/rds/bear-apps/2024a/EL8-ice/software/zlib/1.3.1-GCCcore-13.3.0/include -I/rds/bear-apps/2024a/EL8-ice/software/XZ/5.4.5-GCCcore-13.3.0/include -I/rds/bear-apps/2024a/EL8-ice/software/bzip2/1.0.8-GCCcore-13.3.0/include -I/rds/bear-apps/2024a/EL8-ice/software/ncurses/6.5-GCCcore-13.3.0/include -I/rds/bear-apps/2024a/EL8-ice/software/libreadline/8.2-GCCcore-13.3.0/include -I/rds/bear-apps/2024a/EL8-ice/software/cairo/1.18.0-GCCcore-13.3.0/include -I/rds/bear-apps/2024a/EL8-ice/software/libGLU/9.0.3-GCCcore-13.3.0/include -I/rds/bear-apps/2024a/EL8-ice/software/Mesa/24.1.3-GCCcore-13.3.0/include -I/rds/bear-apps/2024a/EL8-ice/software/X11/20240607-GCCcore-13.3.0/include -I/rds/bear-apps/2024a/EL8-ice/software/pkgconf/2.2.0-GCCcore-13.3.0/include -I/rds/bear-apps/2024a/EL8-ice/software/FFTW/3.3.10-GCC-13.3.0/include -I/rds/bear-apps/2024a/EL8-ice/software/FlexiBLAS/3.4.4-GCC-13.3.0/include -I/rds/bear-apps/2024a/EL8-ice/software/FlexiBLAS/3.4.4-GCC-13.3.0/include/flexiblas    -fpic  -O2 -ftree-vectorize -march=native -fno-math-errno  -c cleancall.c -o cleancall.o
gcc -std=gnu2x -I"/rds/bear-apps/2024a/EL8-ice/software/R/4.5.0-gfbf-2024a/lib64/R/include" -DNDEBUG -I./tree-sitter/lib/include -I./tree-sitter/lib/src -I./yaml  -I/rds/bear-apps/2024a/EL8-ice/software/FriBidi/1.0.15-GCCcore-13.3.0/include -I/rds/bear-apps/2024a/EL8-ice/software/HarfBuzz/9.0.0-GCCcore-13.3.0/include -I/rds/bear-apps/2024a/EL8-ice/software/Tk/8.6.14-GCCcore-13.3.0/include -I/rds/bear-apps/2024a/EL8-ice/software/cURL/8.7.1-GCCcore-13.3.0/include -I/rds/bear-apps/2024a/EL8-ice/software/OpenSSL/3/include -I/rds/bear-apps/2024a/EL8-ice/software/libgit2/1.8.1-GCCcore-13.3.0/include -I/rds/bear-apps/2024a/EL8-ice/software/Java/17.0.15/include -I/rds/bear-apps/2024a/EL8-ice/software/LibTIFF/4.6.0-GCCcore-13.3.0/include -I/rds/bear-apps/2024a/EL8-ice/software/libjpeg-turbo/3.0.1-GCCcore-13.3.0/include -I/rds/bear-apps/2024a/EL8-ice/software/libpng/1.6.43-GCCcore-13.3.0/include -I/rds/bear-apps/2024a/EL8-ice/software/PCRE2/10.43-GCCcore-13.3.0/include -I/rds/bear-apps/2024a/EL8-ice/software/SQLite/3.45.3-GCCcore-13.3.0/include -I/rds/bear-apps/2024a/EL8-ice/software/zlib/1.3.1-GCCcore-13.3.0/include -I/rds/bear-apps/2024a/EL8-ice/software/XZ/5.4.5-GCCcore-13.3.0/include -I/rds/bear-apps/2024a/EL8-ice/software/bzip2/1.0.8-GCCcore-13.3.0/include -I/rds/bear-apps/2024a/EL8-ice/software/ncurses/6.5-GCCcore-13.3.0/include -I/rds/bear-apps/2024a/EL8-ice/software/libreadline/8.2-GCCcore-13.3.0/include -I/rds/bear-apps/2024a/EL8-ice/software/cairo/1.18.0-GCCcore-13.3.0/include -I/rds/bear-apps/2024a/EL8-ice/software/libGLU/9.0.3-GCCcore-13.3.0/include -I/rds/bear-apps/2024a/EL8-ice/software/Mesa/24.1.3-GCCcore-13.3.0/include -I/rds/bear-apps/2024a/EL8-ice/software/X11/20240607-GCCcore-13.3.0/include -I/rds/bear-apps/2024a/EL8-ice/software/pkgconf/2.2.0-GCCcore-13.3.0/include -I/rds/bear-apps/2024a/EL8-ice/software/FFTW/3.3.10-GCC-13.3.0/include -I/rds/bear-apps/2024a/EL8-ice/software/FlexiBLAS/3.4.4-GCC-13.3.0/include -I/rds/bear-apps/2024a/EL8-ice/software/FlexiBLAS/3.4.4-GCC-13.3.0/include/flexiblas    -fpic  -O2 -ftree-vectorize -march=native -fno-math-errno  -c tree-sitter.c -o tree-sitter.o
gcc -std=gnu2x -I"/rds/bear-apps/2024a/EL8-ice/software/R/4.5.0-gfbf-2024a/lib64/R/include" -DNDEBUG -I./tree-sitter/lib/include -I./tree-sitter/lib/src -I./yaml  -I/rds/bear-apps/2024a/EL8-ice/software/FriBidi/1.0.15-GCCcore-13.3.0/include -I/rds/bear-apps/2024a/EL8-ice/software/HarfBuzz/9.0.0-GCCcore-13.3.0/include -I/rds/bear-apps/2024a/EL8-ice/software/Tk/8.6.14-GCCcore-13.3.0/include -I/rds/bear-apps/2024a/EL8-ice/software/cURL/8.7.1-GCCcore-13.3.0/include -I/rds/bear-apps/2024a/EL8-ice/software/OpenSSL/3/include -I/rds/bear-apps/2024a/EL8-ice/software/libgit2/1.8.1-GCCcore-13.3.0/include -I/rds/bear-apps/2024a/EL8-ice/software/Java/17.0.15/include -I/rds/bear-apps/2024a/EL8-ice/software/LibTIFF/4.6.0-GCCcore-13.3.0/include -I/rds/bear-apps/2024a/EL8-ice/software/libjpeg-turbo/3.0.1-GCCcore-13.3.0/include -I/rds/bear-apps/2024a/EL8-ice/software/libpng/1.6.43-GCCcore-13.3.0/include -I/rds/bear-apps/2024a/EL8-ice/software/PCRE2/10.43-GCCcore-13.3.0/include -I/rds/bear-apps/2024a/EL8-ice/software/SQLite/3.45.3-GCCcore-13.3.0/include -I/rds/bear-apps/2024a/EL8-ice/software/zlib/1.3.1-GCCcore-13.3.0/include -I/rds/bear-apps/2024a/EL8-ice/software/XZ/5.4.5-GCCcore-13.3.0/include -I/rds/bear-apps/2024a/EL8-ice/software/bzip2/1.0.8-GCCcore-13.3.0/include -I/rds/bear-apps/2024a/EL8-ice/software/ncurses/6.5-GCCcore-13.3.0/include -I/rds/bear-apps/2024a/EL8-ice/software/libreadline/8.2-GCCcore-13.3.0/include -I/rds/bear-apps/2024a/EL8-ice/software/cairo/1.18.0-GCCcore-13.3.0/include -I/rds/bear-apps/2024a/EL8-ice/software/libGLU/9.0.3-GCCcore-13.3.0/include -I/rds/bear-apps/2024a/EL8-ice/software/Mesa/24.1.3-GCCcore-13.3.0/include -I/rds/bear-apps/2024a/EL8-ice/software/X11/20240607-GCCcore-13.3.0/include -I/rds/bear-apps/2024a/EL8-ice/software/pkgconf/2.2.0-GCCcore-13.3.0/include -I/rds/bear-apps/2024a/EL8-ice/software/FFTW/3.3.10-GCC-13.3.0/include -I/rds/bear-apps/2024a/EL8-ice/software/FlexiBLAS/3.4.4-GCC-13.3.0/include -I/rds/bear-apps/2024a/EL8-ice/software/FlexiBLAS/3.4.4-GCC-13.3.0/include/flexiblas    -fpic  -O2 -ftree-vectorize -march=native -fno-math-errno  -c yaml.c -o yaml.o
gcc -std=gnu2x -shared -L/rds/bear-apps/2024a/EL8-ice/software/R/4.5.0-gfbf-2024a/lib64/R/lib -L/rds/bear-apps/2024a/EL8-ice/software/FriBidi/1.0.15-GCCcore-13.3.0/lib64 -L/rds/bear-apps/2024a/EL8-ice/software/FriBidi/1.0.15-GCCcore-13.3.0/lib -L/rds/bear-apps/2024a/EL8-ice/software/HarfBuzz/9.0.0-GCCcore-13.3.0/lib64 -L/rds/bear-apps/2024a/EL8-ice/software/HarfBuzz/9.0.0-GCCcore-13.3.0/lib -L/rds/bear-apps/2024a/EL8-ice/software/Tk/8.6.14-GCCcore-13.3.0/lib64 -L/rds/bear-apps/2024a/EL8-ice/software/Tk/8.6.14-GCCcore-13.3.0/lib -L/rds/bear-apps/2024a/EL8-ice/software/cURL/8.7.1-GCCcore-13.3.0/lib64 -L/rds/bear-apps/2024a/EL8-ice/software/cURL/8.7.1-GCCcore-13.3.0/lib -L/rds/bear-apps/2024a/EL8-ice/software/OpenSSL/3/lib64 -L/rds/bear-apps/2024a/EL8-ice/software/OpenSSL/3/lib -L/rds/bear-apps/2024a/EL8-ice/software/libgit2/1.8.1-GCCcore-13.3.0/lib64 -L/rds/bear-apps/2024a/EL8-ice/software/libgit2/1.8.1-GCCcore-13.3.0/lib -L/rds/bear-apps/2024a/EL8-ice/software/Java/17.0.15/lib64 -L/rds/bear-apps/2024a/EL8-ice/software/Java/17.0.15/lib -L/rds/bear-apps/2024a/EL8-ice/software/LibTIFF/4.6.0-GCCcore-13.3.0/lib64 -L/rds/bear-apps/2024a/EL8-ice/software/LibTIFF/4.6.0-GCCcore-13.3.0/lib -L/rds/bear-apps/2024a/EL8-ice/software/libjpeg-turbo/3.0.1-GCCcore-13.3.0/lib64 -L/rds/bear-apps/2024a/EL8-ice/software/libjpeg-turbo/3.0.1-GCCcore-13.3.0/lib -L/rds/bear-apps/2024a/EL8-ice/software/libpng/1.6.43-GCCcore-13.3.0/lib64 -L/rds/bear-apps/2024a/EL8-ice/software/libpng/1.6.43-GCCcore-13.3.0/lib -L/rds/bear-apps/2024a/EL8-ice/software/PCRE2/10.43-GCCcore-13.3.0/lib64 -L/rds/bear-apps/2024a/EL8-ice/software/PCRE2/10.43-GCCcore-13.3.0/lib -L/rds/bear-apps/2024a/EL8-ice/software/SQLite/3.45.3-GCCcore-13.3.0/lib64 -L/rds/bear-apps/2024a/EL8-ice/software/SQLite/3.45.3-GCCcore-13.3.0/lib -L/rds/bear-apps/2024a/EL8-ice/software/zlib/1.3.1-GCCcore-13.3.0/lib64 -L/rds/bear-apps/2024a/EL8-ice/software/zlib/1.3.1-GCCcore-13.3.0/lib -L/rds/bear-apps/2024a/EL8-ice/software/XZ/5.4.5-GCCcore-13.3.0/lib64 -L/rds/bear-apps/2024a/EL8-ice/software/XZ/5.4.5-GCCcore-13.3.0/lib -L/rds/bear-apps/2024a/EL8-ice/software/bzip2/1.0.8-GCCcore-13.3.0/lib64 -L/rds/bear-apps/2024a/EL8-ice/software/bzip2/1.0.8-GCCcore-13.3.0/lib -L/rds/bear-apps/2024a/EL8-ice/software/ncurses/6.5-GCCcore-13.3.0/lib64 -L/rds/bear-apps/2024a/EL8-ice/software/ncurses/6.5-GCCcore-13.3.0/lib -L/rds/bear-apps/2024a/EL8-ice/software/libreadline/8.2-GCCcore-13.3.0/lib64 -L/rds/bear-apps/2024a/EL8-ice/software/libreadline/8.2-GCCcore-13.3.0/lib -L/rds/bear-apps/2024a/EL8-ice/software/cairo/1.18.0-GCCcore-13.3.0/lib64 -L/rds/bear-apps/2024a/EL8-ice/software/cairo/1.18.0-GCCcore-13.3.0/lib -L/rds/bear-apps/2024a/EL8-ice/software/libGLU/9.0.3-GCCcore-13.3.0/lib64 -L/rds/bear-apps/2024a/EL8-ice/software/libGLU/9.0.3-GCCcore-13.3.0/lib -L/rds/bear-apps/2024a/EL8-ice/software/Mesa/24.1.3-GCCcore-13.3.0/lib64 -L/rds/bear-apps/2024a/EL8-ice/software/Mesa/24.1.3-GCCcore-13.3.0/lib -L/rds/bear-apps/2024a/EL8-ice/software/X11/20240607-GCCcore-13.3.0/lib64 -L/rds/bear-apps/2024a/EL8-ice/software/X11/20240607-GCCcore-13.3.0/lib -L/rds/bear-apps/2024a/EL8-ice/software/pkgconf/2.2.0-GCCcore-13.3.0/lib64 -L/rds/bear-apps/2024a/EL8-ice/software/pkgconf/2.2.0-GCCcore-13.3.0/lib -L/rds/bear-apps/2024a/EL8-ice/software/FFTW/3.3.10-GCC-13.3.0/lib64 -L/rds/bear-apps/2024a/EL8-ice/software/FFTW/3.3.10-GCC-13.3.0/lib -L/rds/bear-apps/2024a/EL8-ice/software/FlexiBLAS/3.4.4-GCC-13.3.0/lib64 -L/rds/bear-apps/2024a/EL8-ice/software/FlexiBLAS/3.4.4-GCC-13.3.0/lib -L/rds/bear-apps/2024a/EL8-ice/software/GCCcore/13.3.0/lib64 -L/rds/bear-apps/2024a/EL8-ice/software/GCCcore/13.3.0/lib -o pkgdepends.so tree-sitter/lib/src/lib.o tree-sitter/r/parser.o tree-sitter/r/scanner.o tree-sitter/markdown/parser.o tree-sitter/markdown/scanner.o tree-sitter/markdown-inline/parser.o tree-sitter/markdown-inline/scanner.o tree-sitter/yaml/parser.o tree-sitter/yaml/scanner.o yaml/api.o yaml/dumper.o yaml/emitter.o yaml/loader.o yaml/parser.o yaml/reader.o yaml/scanner.o yaml/writer.o init.o cleancall.o tree-sitter.o yaml.o -L/rds/bear-apps/2024a/EL8-ice/software/R/4.5.0-gfbf-2024a/lib64/R/lib -lR
make[1]: Leaving directory '/tmp/RtmpPnYWwF/R.INSTALLc12a8e00dd85/pak/src/library/pkgdepends/src'
installing to /rds/homes/a/axv209/R/library/4.5.0/EL8-ice/00LOCK-pak/00new/pak/library/pkgdepends/libs

Compiling keyring 
Could not find libsecret headers or libs.
On Ubuntu, you need to install libsecret-1-dev via apt.
On RedHat, Fedora, and CentOS, you need to install libsecret-devel via yum or dnf.
Note that in addition to libsecret, you either need pkg-config or set the
LIBSECRET_CFLAGS and LIBSECRET_LIBS environment variables.

This keyring build will not support the libsecret backend.
using C compiler: ‘gcc (GCC) 13.3.0’
make[1]: Entering directory '/tmp/RtmpPnYWwF/R.INSTALLc12a8e00dd85/pak/src/library/keyring/src'
gcc -std=gnu2x -I"/rds/bear-apps/2024a/EL8-ice/software/R/4.5.0-gfbf-2024a/lib64/R/include" -DNDEBUG -DMBEDTLS_AES_C -DMBEDTLS_ALLOW_PRIVATE_ACCESS -DMBEDTLS_PLATFORM_PRINTF_ALT -I.  -I/rds/bear-apps/2024a/EL8-ice/software/FriBidi/1.0.15-GCCcore-13.3.0/include -I/rds/bear-apps/2024a/EL8-ice/software/HarfBuzz/9.0.0-GCCcore-13.3.0/include -I/rds/bear-apps/2024a/EL8-ice/software/Tk/8.6.14-GCCcore-13.3.0/include -I/rds/bear-apps/2024a/EL8-ice/software/cURL/8.7.1-GCCcore-13.3.0/include -I/rds/bear-apps/2024a/EL8-ice/software/OpenSSL/3/include -I/rds/bear-apps/2024a/EL8-ice/software/libgit2/1.8.1-GCCcore-13.3.0/include -I/rds/bear-apps/2024a/EL8-ice/software/Java/17.0.15/include -I/rds/bear-apps/2024a/EL8-ice/software/LibTIFF/4.6.0-GCCcore-13.3.0/include -I/rds/bear-apps/2024a/EL8-ice/software/libjpeg-turbo/3.0.1-GCCcore-13.3.0/include -I/rds/bear-apps/2024a/EL8-ice/software/libpng/1.6.43-GCCcore-13.3.0/include -I/rds/bear-apps/2024a/EL8-ice/software/PCRE2/10.43-GCCcore-13.3.0/include -I/rds/bear-apps/2024a/EL8-ice/software/SQLite/3.45.3-GCCcore-13.3.0/include -I/rds/bear-apps/2024a/EL8-ice/software/zlib/1.3.1-GCCcore-13.3.0/include -I/rds/bear-apps/2024a/EL8-ice/software/XZ/5.4.5-GCCcore-13.3.0/include -I/rds/bear-apps/2024a/EL8-ice/software/bzip2/1.0.8-GCCcore-13.3.0/include -I/rds/bear-apps/2024a/EL8-ice/software/ncurses/6.5-GCCcore-13.3.0/include -I/rds/bear-apps/2024a/EL8-ice/software/libreadline/8.2-GCCcore-13.3.0/include -I/rds/bear-apps/2024a/EL8-ice/software/cairo/1.18.0-GCCcore-13.3.0/include -I/rds/bear-apps/2024a/EL8-ice/software/libGLU/9.0.3-GCCcore-13.3.0/include -I/rds/bear-apps/2024a/EL8-ice/software/Mesa/24.1.3-GCCcore-13.3.0/include -I/rds/bear-apps/2024a/EL8-ice/software/X11/20240607-GCCcore-13.3.0/include -I/rds/bear-apps/2024a/EL8-ice/software/pkgconf/2.2.0-GCCcore-13.3.0/include -I/rds/bear-apps/2024a/EL8-ice/software/FFTW/3.3.10-GCC-13.3.0/include -I/rds/bear-apps/2024a/EL8-ice/software/FlexiBLAS/3.4.4-GCC-13.3.0/include -I/rds/bear-apps/2024a/EL8-ice/software/FlexiBLAS/3.4.4-GCC-13.3.0/include/flexiblas    -fpic  -O2 -ftree-vectorize -march=native -fno-math-errno  -c aes.c -o aes.o
gcc -std=gnu2x -I"/rds/bear-apps/2024a/EL8-ice/software/R/4.5.0-gfbf-2024a/lib64/R/include" -DNDEBUG -DMBEDTLS_AES_C -DMBEDTLS_ALLOW_PRIVATE_ACCESS -DMBEDTLS_PLATFORM_PRINTF_ALT -I.  -I/rds/bear-apps/2024a/EL8-ice/software/FriBidi/1.0.15-GCCcore-13.3.0/include -I/rds/bear-apps/2024a/EL8-ice/software/HarfBuzz/9.0.0-GCCcore-13.3.0/include -I/rds/bear-apps/2024a/EL8-ice/software/Tk/8.6.14-GCCcore-13.3.0/include -I/rds/bear-apps/2024a/EL8-ice/software/cURL/8.7.1-GCCcore-13.3.0/include -I/rds/bear-apps/2024a/EL8-ice/software/OpenSSL/3/include -I/rds/bear-apps/2024a/EL8-ice/software/libgit2/1.8.1-GCCcore-13.3.0/include -I/rds/bear-apps/2024a/EL8-ice/software/Java/17.0.15/include -I/rds/bear-apps/2024a/EL8-ice/software/LibTIFF/4.6.0-GCCcore-13.3.0/include -I/rds/bear-apps/2024a/EL8-ice/software/libjpeg-turbo/3.0.1-GCCcore-13.3.0/include -I/rds/bear-apps/2024a/EL8-ice/software/libpng/1.6.43-GCCcore-13.3.0/include -I/rds/bear-apps/2024a/EL8-ice/software/PCRE2/10.43-GCCcore-13.3.0/include -I/rds/bear-apps/2024a/EL8-ice/software/SQLite/3.45.3-GCCcore-13.3.0/include -I/rds/bear-apps/2024a/EL8-ice/software/zlib/1.3.1-GCCcore-13.3.0/include -I/rds/bear-apps/2024a/EL8-ice/software/XZ/5.4.5-GCCcore-13.3.0/include -I/rds/bear-apps/2024a/EL8-ice/software/bzip2/1.0.8-GCCcore-13.3.0/include -I/rds/bear-apps/2024a/EL8-ice/software/ncurses/6.5-GCCcore-13.3.0/include -I/rds/bear-apps/2024a/EL8-ice/software/libreadline/8.2-GCCcore-13.3.0/include -I/rds/bear-apps/2024a/EL8-ice/software/cairo/1.18.0-GCCcore-13.3.0/include -I/rds/bear-apps/2024a/EL8-ice/software/libGLU/9.0.3-GCCcore-13.3.0/include -I/rds/bear-apps/2024a/EL8-ice/software/Mesa/24.1.3-GCCcore-13.3.0/include -I/rds/bear-apps/2024a/EL8-ice/software/X11/20240607-GCCcore-13.3.0/include -I/rds/bear-apps/2024a/EL8-ice/software/pkgconf/2.2.0-GCCcore-13.3.0/include -I/rds/bear-apps/2024a/EL8-ice/software/FFTW/3.3.10-GCC-13.3.0/include -I/rds/bear-apps/2024a/EL8-ice/software/FlexiBLAS/3.4.4-GCC-13.3.0/include -I/rds/bear-apps/2024a/EL8-ice/software/FlexiBLAS/3.4.4-GCC-13.3.0/include/flexiblas    -fpic  -O2 -ftree-vectorize -march=native -fno-math-errno  -c aesce.c -o aesce.o
gcc -std=gnu2x -I"/rds/bear-apps/2024a/EL8-ice/software/R/4.5.0-gfbf-2024a/lib64/R/include" -DNDEBUG -DMBEDTLS_AES_C -DMBEDTLS_ALLOW_PRIVATE_ACCESS -DMBEDTLS_PLATFORM_PRINTF_ALT -I.  -I/rds/bear-apps/2024a/EL8-ice/software/FriBidi/1.0.15-GCCcore-13.3.0/include -I/rds/bear-apps/2024a/EL8-ice/software/HarfBuzz/9.0.0-GCCcore-13.3.0/include -I/rds/bear-apps/2024a/EL8-ice/software/Tk/8.6.14-GCCcore-13.3.0/include -I/rds/bear-apps/2024a/EL8-ice/software/cURL/8.7.1-GCCcore-13.3.0/include -I/rds/bear-apps/2024a/EL8-ice/software/OpenSSL/3/include -I/rds/bear-apps/2024a/EL8-ice/software/libgit2/1.8.1-GCCcore-13.3.0/include -I/rds/bear-apps/2024a/EL8-ice/software/Java/17.0.15/include -I/rds/bear-apps/2024a/EL8-ice/software/LibTIFF/4.6.0-GCCcore-13.3.0/include -I/rds/bear-apps/2024a/EL8-ice/software/libjpeg-turbo/3.0.1-GCCcore-13.3.0/include -I/rds/bear-apps/2024a/EL8-ice/software/libpng/1.6.43-GCCcore-13.3.0/include -I/rds/bear-apps/2024a/EL8-ice/software/PCRE2/10.43-GCCcore-13.3.0/include -I/rds/bear-apps/2024a/EL8-ice/software/SQLite/3.45.3-GCCcore-13.3.0/include -I/rds/bear-apps/2024a/EL8-ice/software/zlib/1.3.1-GCCcore-13.3.0/include -I/rds/bear-apps/2024a/EL8-ice/software/XZ/5.4.5-GCCcore-13.3.0/include -I/rds/bear-apps/2024a/EL8-ice/software/bzip2/1.0.8-GCCcore-13.3.0/include -I/rds/bear-apps/2024a/EL8-ice/software/ncurses/6.5-GCCcore-13.3.0/include -I/rds/bear-apps/2024a/EL8-ice/software/libreadline/8.2-GCCcore-13.3.0/include -I/rds/bear-apps/2024a/EL8-ice/software/cairo/1.18.0-GCCcore-13.3.0/include -I/rds/bear-apps/2024a/EL8-ice/software/libGLU/9.0.3-GCCcore-13.3.0/include -I/rds/bear-apps/2024a/EL8-ice/software/Mesa/24.1.3-GCCcore-13.3.0/include -I/rds/bear-apps/2024a/EL8-ice/software/X11/20240607-GCCcore-13.3.0/include -I/rds/bear-apps/2024a/EL8-ice/software/pkgconf/2.2.0-GCCcore-13.3.0/include -I/rds/bear-apps/2024a/EL8-ice/software/FFTW/3.3.10-GCC-13.3.0/include -I/rds/bear-apps/2024a/EL8-ice/software/FlexiBLAS/3.4.4-GCC-13.3.0/include -I/rds/bear-apps/2024a/EL8-ice/software/FlexiBLAS/3.4.4-GCC-13.3.0/include/flexiblas    -fpic  -O2 -ftree-vectorize -march=native -fno-math-errno  -c aesni.c -o aesni.o
gcc -std=gnu2x -I"/rds/bear-apps/2024a/EL8-ice/software/R/4.5.0-gfbf-2024a/lib64/R/include" -DNDEBUG -DMBEDTLS_AES_C -DMBEDTLS_ALLOW_PRIVATE_ACCESS -DMBEDTLS_PLATFORM_PRINTF_ALT -I.  -I/rds/bear-apps/2024a/EL8-ice/software/FriBidi/1.0.15-GCCcore-13.3.0/include -I/rds/bear-apps/2024a/EL8-ice/software/HarfBuzz/9.0.0-GCCcore-13.3.0/include -I/rds/bear-apps/2024a/EL8-ice/software/Tk/8.6.14-GCCcore-13.3.0/include -I/rds/bear-apps/2024a/EL8-ice/software/cURL/8.7.1-GCCcore-13.3.0/include -I/rds/bear-apps/2024a/EL8-ice/software/OpenSSL/3/include -I/rds/bear-apps/2024a/EL8-ice/software/libgit2/1.8.1-GCCcore-13.3.0/include -I/rds/bear-apps/2024a/EL8-ice/software/Java/17.0.15/include -I/rds/bear-apps/2024a/EL8-ice/software/LibTIFF/4.6.0-GCCcore-13.3.0/include -I/rds/bear-apps/2024a/EL8-ice/software/libjpeg-turbo/3.0.1-GCCcore-13.3.0/include -I/rds/bear-apps/2024a/EL8-ice/software/libpng/1.6.43-GCCcore-13.3.0/include -I/rds/bear-apps/2024a/EL8-ice/software/PCRE2/10.43-GCCcore-13.3.0/include -I/rds/bear-apps/2024a/EL8-ice/software/SQLite/3.45.3-GCCcore-13.3.0/include -I/rds/bear-apps/2024a/EL8-ice/software/zlib/1.3.1-GCCcore-13.3.0/include -I/rds/bear-apps/2024a/EL8-ice/software/XZ/5.4.5-GCCcore-13.3.0/include -I/rds/bear-apps/2024a/EL8-ice/software/bzip2/1.0.8-GCCcore-13.3.0/include -I/rds/bear-apps/2024a/EL8-ice/software/ncurses/6.5-GCCcore-13.3.0/include -I/rds/bear-apps/2024a/EL8-ice/software/libreadline/8.2-GCCcore-13.3.0/include -I/rds/bear-apps/2024a/EL8-ice/software/cairo/1.18.0-GCCcore-13.3.0/include -I/rds/bear-apps/2024a/EL8-ice/software/libGLU/9.0.3-GCCcore-13.3.0/include -I/rds/bear-apps/2024a/EL8-ice/software/Mesa/24.1.3-GCCcore-13.3.0/include -I/rds/bear-apps/2024a/EL8-ice/software/X11/20240607-GCCcore-13.3.0/include -I/rds/bear-apps/2024a/EL8-ice/software/pkgconf/2.2.0-GCCcore-13.3.0/include -I/rds/bear-apps/2024a/EL8-ice/software/FFTW/3.3.10-GCC-13.3.0/include -I/rds/bear-apps/2024a/EL8-ice/software/FlexiBLAS/3.4.4-GCC-13.3.0/include -I/rds/bear-apps/2024a/EL8-ice/software/FlexiBLAS/3.4.4-GCC-13.3.0/include/flexiblas    -fpic  -O2 -ftree-vectorize -march=native -fno-math-errno  -c base64.c -o base64.o
gcc -std=gnu2x -I"/rds/bear-apps/2024a/EL8-ice/software/R/4.5.0-gfbf-2024a/lib64/R/include" -DNDEBUG -DMBEDTLS_AES_C -DMBEDTLS_ALLOW_PRIVATE_ACCESS -DMBEDTLS_PLATFORM_PRINTF_ALT -I.  -I/rds/bear-apps/2024a/EL8-ice/software/FriBidi/1.0.15-GCCcore-13.3.0/include -I/rds/bear-apps/2024a/EL8-ice/software/HarfBuzz/9.0.0-GCCcore-13.3.0/include -I/rds/bear-apps/2024a/EL8-ice/software/Tk/8.6.14-GCCcore-13.3.0/include -I/rds/bear-apps/2024a/EL8-ice/software/cURL/8.7.1-GCCcore-13.3.0/include -I/rds/bear-apps/2024a/EL8-ice/software/OpenSSL/3/include -I/rds/bear-apps/2024a/EL8-ice/software/libgit2/1.8.1-GCCcore-13.3.0/include -I/rds/bear-apps/2024a/EL8-ice/software/Java/17.0.15/include -I/rds/bear-apps/2024a/EL8-ice/software/LibTIFF/4.6.0-GCCcore-13.3.0/include -I/rds/bear-apps/2024a/EL8-ice/software/libjpeg-turbo/3.0.1-GCCcore-13.3.0/include -I/rds/bear-apps/2024a/EL8-ice/software/libpng/1.6.43-GCCcore-13.3.0/include -I/rds/bear-apps/2024a/EL8-ice/software/PCRE2/10.43-GCCcore-13.3.0/include -I/rds/bear-apps/2024a/EL8-ice/software/SQLite/3.45.3-GCCcore-13.3.0/include -I/rds/bear-apps/2024a/EL8-ice/software/zlib/1.3.1-GCCcore-13.3.0/include -I/rds/bear-apps/2024a/EL8-ice/software/XZ/5.4.5-GCCcore-13.3.0/include -I/rds/bear-apps/2024a/EL8-ice/software/bzip2/1.0.8-GCCcore-13.3.0/include -I/rds/bear-apps/2024a/EL8-ice/software/ncurses/6.5-GCCcore-13.3.0/include -I/rds/bear-apps/2024a/EL8-ice/software/libreadline/8.2-GCCcore-13.3.0/include -I/rds/bear-apps/2024a/EL8-ice/software/cairo/1.18.0-GCCcore-13.3.0/include -I/rds/bear-apps/2024a/EL8-ice/software/libGLU/9.0.3-GCCcore-13.3.0/include -I/rds/bear-apps/2024a/EL8-ice/software/Mesa/24.1.3-GCCcore-13.3.0/include -I/rds/bear-apps/2024a/EL8-ice/software/X11/20240607-GCCcore-13.3.0/include -I/rds/bear-apps/2024a/EL8-ice/software/pkgconf/2.2.0-GCCcore-13.3.0/include -I/rds/bear-apps/2024a/EL8-ice/software/FFTW/3.3.10-GCC-13.3.0/include -I/rds/bear-apps/2024a/EL8-ice/software/FlexiBLAS/3.4.4-GCC-13.3.0/include -I/rds/bear-apps/2024a/EL8-ice/software/FlexiBLAS/3.4.4-GCC-13.3.0/include/flexiblas    -fpic  -O2 -ftree-vectorize -march=native -fno-math-errno  -c blake2b-compress-ref.c -o blake2b-compress-ref.o
gcc -std=gnu2x -I"/rds/bear-apps/2024a/EL8-ice/software/R/4.5.0-gfbf-2024a/lib64/R/include" -DNDEBUG -DMBEDTLS_AES_C -DMBEDTLS_ALLOW_PRIVATE_ACCESS -DMBEDTLS_PLATFORM_PRINTF_ALT -I.  -I/rds/bear-apps/2024a/EL8-ice/software/FriBidi/1.0.15-GCCcore-13.3.0/include -I/rds/bear-apps/2024a/EL8-ice/software/HarfBuzz/9.0.0-GCCcore-13.3.0/include -I/rds/bear-apps/2024a/EL8-ice/software/Tk/8.6.14-GCCcore-13.3.0/include -I/rds/bear-apps/2024a/EL8-ice/software/cURL/8.7.1-GCCcore-13.3.0/include -I/rds/bear-apps/2024a/EL8-ice/software/OpenSSL/3/include -I/rds/bear-apps/2024a/EL8-ice/software/libgit2/1.8.1-GCCcore-13.3.0/include -I/rds/bear-apps/2024a/EL8-ice/software/Java/17.0.15/include -I/rds/bear-apps/2024a/EL8-ice/software/LibTIFF/4.6.0-GCCcore-13.3.0/include -I/rds/bear-apps/2024a/EL8-ice/software/libjpeg-turbo/3.0.1-GCCcore-13.3.0/include -I/rds/bear-apps/2024a/EL8-ice/software/libpng/1.6.43-GCCcore-13.3.0/include -I/rds/bear-apps/2024a/EL8-ice/software/PCRE2/10.43-GCCcore-13.3.0/include -I/rds/bear-apps/2024a/EL8-ice/software/SQLite/3.45.3-GCCcore-13.3.0/include -I/rds/bear-apps/2024a/EL8-ice/software/zlib/1.3.1-GCCcore-13.3.0/include -I/rds/bear-apps/2024a/EL8-ice/software/XZ/5.4.5-GCCcore-13.3.0/include -I/rds/bear-apps/2024a/EL8-ice/software/bzip2/1.0.8-GCCcore-13.3.0/include -I/rds/bear-apps/2024a/EL8-ice/software/ncurses/6.5-GCCcore-13.3.0/include -I/rds/bear-apps/2024a/EL8-ice/software/libreadline/8.2-GCCcore-13.3.0/include -I/rds/bear-apps/2024a/EL8-ice/software/cairo/1.18.0-GCCcore-13.3.0/include -I/rds/bear-apps/2024a/EL8-ice/software/libGLU/9.0.3-GCCcore-13.3.0/include -I/rds/bear-apps/2024a/EL8-ice/software/Mesa/24.1.3-GCCcore-13.3.0/include -I/rds/bear-apps/2024a/EL8-ice/software/X11/20240607-GCCcore-13.3.0/include -I/rds/bear-apps/2024a/EL8-ice/software/pkgconf/2.2.0-GCCcore-13.3.0/include -I/rds/bear-apps/2024a/EL8-ice/software/FFTW/3.3.10-GCC-13.3.0/include -I/rds/bear-apps/2024a/EL8-ice/software/FlexiBLAS/3.4.4-GCC-13.3.0/include -I/rds/bear-apps/2024a/EL8-ice/software/FlexiBLAS/3.4.4-GCC-13.3.0/include/flexiblas    -fpic  -O2 -ftree-vectorize -march=native -fno-math-errno  -c blake2b-ref.c -o blake2b-ref.o
gcc -std=gnu2x -I"/rds/bear-apps/2024a/EL8-ice/software/R/4.5.0-gfbf-2024a/lib64/R/include" -DNDEBUG -DMBEDTLS_AES_C -DMBEDTLS_ALLOW_PRIVATE_ACCESS -DMBEDTLS_PLATFORM_PRINTF_ALT -I.  -I/rds/bear-apps/2024a/EL8-ice/software/FriBidi/1.0.15-GCCcore-13.3.0/include -I/rds/bear-apps/2024a/EL8-ice/software/HarfBuzz/9.0.0-GCCcore-13.3.0/include -I/rds/bear-apps/2024a/EL8-ice/software/Tk/8.6.14-GCCcore-13.3.0/include -I/rds/bear-apps/2024a/EL8-ice/software/cURL/8.7.1-GCCcore-13.3.0/include -I/rds/bear-apps/2024a/EL8-ice/software/OpenSSL/3/include -I/rds/bear-apps/2024a/EL8-ice/software/libgit2/1.8.1-GCCcore-13.3.0/include -I/rds/bear-apps/2024a/EL8-ice/software/Java/17.0.15/include -I/rds/bear-apps/2024a/EL8-ice/software/LibTIFF/4.6.0-GCCcore-13.3.0/include -I/rds/bear-apps/2024a/EL8-ice/software/libjpeg-turbo/3.0.1-GCCcore-13.3.0/include -I/rds/bear-apps/2024a/EL8-ice/software/libpng/1.6.43-GCCcore-13.3.0/include -I/rds/bear-apps/2024a/EL8-ice/software/PCRE2/10.43-GCCcore-13.3.0/include -I/rds/bear-apps/2024a/EL8-ice/software/SQLite/3.45.3-GCCcore-13.3.0/include -I/rds/bear-apps/2024a/EL8-ice/software/zlib/1.3.1-GCCcore-13.3.0/include -I/rds/bear-apps/2024a/EL8-ice/software/XZ/5.4.5-GCCcore-13.3.0/include -I/rds/bear-apps/2024a/EL8-ice/software/bzip2/1.0.8-GCCcore-13.3.0/include -I/rds/bear-apps/2024a/EL8-ice/software/ncurses/6.5-GCCcore-13.3.0/include -I/rds/bear-apps/2024a/EL8-ice/software/libreadline/8.2-GCCcore-13.3.0/include -I/rds/bear-apps/2024a/EL8-ice/software/cairo/1.18.0-GCCcore-13.3.0/include -I/rds/bear-apps/2024a/EL8-ice/software/libGLU/9.0.3-GCCcore-13.3.0/include -I/rds/bear-apps/2024a/EL8-ice/software/Mesa/24.1.3-GCCcore-13.3.0/include -I/rds/bear-apps/2024a/EL8-ice/software/X11/20240607-GCCcore-13.3.0/include -I/rds/bear-apps/2024a/EL8-ice/software/pkgconf/2.2.0-GCCcore-13.3.0/include -I/rds/bear-apps/2024a/EL8-ice/software/FFTW/3.3.10-GCC-13.3.0/include -I/rds/bear-apps/2024a/EL8-ice/software/FlexiBLAS/3.4.4-GCC-13.3.0/include -I/rds/bear-apps/2024a/EL8-ice/software/FlexiBLAS/3.4.4-GCC-13.3.0/include/flexiblas    -fpic  -O2 -ftree-vectorize -march=native -fno-math-errno  -c core_hsalsa20_ref2.c -o core_hsalsa20_ref2.o
gcc -std=gnu2x -I"/rds/bear-apps/2024a/EL8-ice/software/R/4.5.0-gfbf-2024a/lib64/R/include" -DNDEBUG -DMBEDTLS_AES_C -DMBEDTLS_ALLOW_PRIVATE_ACCESS -DMBEDTLS_PLATFORM_PRINTF_ALT -I.  -I/rds/bear-apps/2024a/EL8-ice/software/FriBidi/1.0.15-GCCcore-13.3.0/include -I/rds/bear-apps/2024a/EL8-ice/software/HarfBuzz/9.0.0-GCCcore-13.3.0/include -I/rds/bear-apps/2024a/EL8-ice/software/Tk/8.6.14-GCCcore-13.3.0/include -I/rds/bear-apps/2024a/EL8-ice/software/cURL/8.7.1-GCCcore-13.3.0/include -I/rds/bear-apps/2024a/EL8-ice/software/OpenSSL/3/include -I/rds/bear-apps/2024a/EL8-ice/software/libgit2/1.8.1-GCCcore-13.3.0/include -I/rds/bear-apps/2024a/EL8-ice/software/Java/17.0.15/include -I/rds/bear-apps/2024a/EL8-ice/software/LibTIFF/4.6.0-GCCcore-13.3.0/include -I/rds/bear-apps/2024a/EL8-ice/software/libjpeg-turbo/3.0.1-GCCcore-13.3.0/include -I/rds/bear-apps/2024a/EL8-ice/software/libpng/1.6.43-GCCcore-13.3.0/include -I/rds/bear-apps/2024a/EL8-ice/software/PCRE2/10.43-GCCcore-13.3.0/include -I/rds/bear-apps/2024a/EL8-ice/software/SQLite/3.45.3-GCCcore-13.3.0/include -I/rds/bear-apps/2024a/EL8-ice/software/zlib/1.3.1-GCCcore-13.3.0/include -I/rds/bear-apps/2024a/EL8-ice/software/XZ/5.4.5-GCCcore-13.3.0/include -I/rds/bear-apps/2024a/EL8-ice/software/bzip2/1.0.8-GCCcore-13.3.0/include -I/rds/bear-apps/2024a/EL8-ice/software/ncurses/6.5-GCCcore-13.3.0/include -I/rds/bear-apps/2024a/EL8-ice/software/libreadline/8.2-GCCcore-13.3.0/include -I/rds/bear-apps/2024a/EL8-ice/software/cairo/1.18.0-GCCcore-13.3.0/include -I/rds/bear-apps/2024a/EL8-ice/software/libGLU/9.0.3-GCCcore-13.3.0/include -I/rds/bear-apps/2024a/EL8-ice/software/Mesa/24.1.3-GCCcore-13.3.0/include -I/rds/bear-apps/2024a/EL8-ice/software/X11/20240607-GCCcore-13.3.0/include -I/rds/bear-apps/2024a/EL8-ice/software/pkgconf/2.2.0-GCCcore-13.3.0/include -I/rds/bear-apps/2024a/EL8-ice/software/FFTW/3.3.10-GCC-13.3.0/include -I/rds/bear-apps/2024a/EL8-ice/software/FlexiBLAS/3.4.4-GCC-13.3.0/include -I/rds/bear-apps/2024a/EL8-ice/software/FlexiBLAS/3.4.4-GCC-13.3.0/include/flexiblas    -fpic  -O2 -ftree-vectorize -march=native -fno-math-errno  -c core_salsa_ref.c -o core_salsa_ref.o
gcc -std=gnu2x -I"/rds/bear-apps/2024a/EL8-ice/software/R/4.5.0-gfbf-2024a/lib64/R/include" -DNDEBUG -DMBEDTLS_AES_C -DMBEDTLS_ALLOW_PRIVATE_ACCESS -DMBEDTLS_PLATFORM_PRINTF_ALT -I.  -I/rds/bear-apps/2024a/EL8-ice/software/FriBidi/1.0.15-GCCcore-13.3.0/include -I/rds/bear-apps/2024a/EL8-ice/software/HarfBuzz/9.0.0-GCCcore-13.3.0/include -I/rds/bear-apps/2024a/EL8-ice/software/Tk/8.6.14-GCCcore-13.3.0/include -I/rds/bear-apps/2024a/EL8-ice/software/cURL/8.7.1-GCCcore-13.3.0/include -I/rds/bear-apps/2024a/EL8-ice/software/OpenSSL/3/include -I/rds/bear-apps/2024a/EL8-ice/software/libgit2/1.8.1-GCCcore-13.3.0/include -I/rds/bear-apps/2024a/EL8-ice/software/Java/17.0.15/include -I/rds/bear-apps/2024a/EL8-ice/software/LibTIFF/4.6.0-GCCcore-13.3.0/include -I/rds/bear-apps/2024a/EL8-ice/software/libjpeg-turbo/3.0.1-GCCcore-13.3.0/include -I/rds/bear-apps/2024a/EL8-ice/software/libpng/1.6.43-GCCcore-13.3.0/include -I/rds/bear-apps/2024a/EL8-ice/software/PCRE2/10.43-GCCcore-13.3.0/include -I/rds/bear-apps/2024a/EL8-ice/software/SQLite/3.45.3-GCCcore-13.3.0/include -I/rds/bear-apps/2024a/EL8-ice/software/zlib/1.3.1-GCCcore-13.3.0/include -I/rds/bear-apps/2024a/EL8-ice/software/XZ/5.4.5-GCCcore-13.3.0/include -I/rds/bear-apps/2024a/EL8-ice/software/bzip2/1.0.8-GCCcore-13.3.0/include -I/rds/bear-apps/2024a/EL8-ice/software/ncurses/6.5-GCCcore-13.3.0/include -I/rds/bear-apps/2024a/EL8-ice/software/libreadline/8.2-GCCcore-13.3.0/include -I/rds/bear-apps/2024a/EL8-ice/software/cairo/1.18.0-GCCcore-13.3.0/include -I/rds/bear-apps/2024a/EL8-ice/software/libGLU/9.0.3-GCCcore-13.3.0/include -I/rds/bear-apps/2024a/EL8-ice/software/Mesa/24.1.3-GCCcore-13.3.0/include -I/rds/bear-apps/2024a/EL8-ice/software/X11/20240607-GCCcore-13.3.0/include -I/rds/bear-apps/2024a/EL8-ice/software/pkgconf/2.2.0-GCCcore-13.3.0/include -I/rds/bear-apps/2024a/EL8-ice/software/FFTW/3.3.10-GCC-13.3.0/include -I/rds/bear-apps/2024a/EL8-ice/software/FlexiBLAS/3.4.4-GCC-13.3.0/include -I/rds/bear-apps/2024a/EL8-ice/software/FlexiBLAS/3.4.4-GCC-13.3.0/include/flexiblas    -fpic  -O2 -ftree-vectorize -march=native -fno-math-errno  -c crypto_generichash.c -o crypto_generichash.o
gcc -std=gnu2x -I"/rds/bear-apps/2024a/EL8-ice/software/R/4.5.0-gfbf-2024a/lib64/R/include" -DNDEBUG -DMBEDTLS_AES_C -DMBEDTLS_ALLOW_PRIVATE_ACCESS -DMBEDTLS_PLATFORM_PRINTF_ALT -I.  -I/rds/bear-apps/2024a/EL8-ice/software/FriBidi/1.0.15-GCCcore-13.3.0/include -I/rds/bear-apps/2024a/EL8-ice/software/HarfBuzz/9.0.0-GCCcore-13.3.0/include -I/rds/bear-apps/2024a/EL8-ice/software/Tk/8.6.14-GCCcore-13.3.0/include -I/rds/bear-apps/2024a/EL8-ice/software/cURL/8.7.1-GCCcore-13.3.0/include -I/rds/bear-apps/2024a/EL8-ice/software/OpenSSL/3/include -I/rds/bear-apps/2024a/EL8-ice/software/libgit2/1.8.1-GCCcore-13.3.0/include -I/rds/bear-apps/2024a/EL8-ice/software/Java/17.0.15/include -I/rds/bear-apps/2024a/EL8-ice/software/LibTIFF/4.6.0-GCCcore-13.3.0/include -I/rds/bear-apps/2024a/EL8-ice/software/libjpeg-turbo/3.0.1-GCCcore-13.3.0/include -I/rds/bear-apps/2024a/EL8-ice/software/libpng/1.6.43-GCCcore-13.3.0/include -I/rds/bear-apps/2024a/EL8-ice/software/PCRE2/10.43-GCCcore-13.3.0/include -I/rds/bear-apps/2024a/EL8-ice/software/SQLite/3.45.3-GCCcore-13.3.0/include -I/rds/bear-apps/2024a/EL8-ice/software/zlib/1.3.1-GCCcore-13.3.0/include -I/rds/bear-apps/2024a/EL8-ice/software/XZ/5.4.5-GCCcore-13.3.0/include -I/rds/bear-apps/2024a/EL8-ice/software/bzip2/1.0.8-GCCcore-13.3.0/include -I/rds/bear-apps/2024a/EL8-ice/software/ncurses/6.5-GCCcore-13.3.0/include -I/rds/bear-apps/2024a/EL8-ice/software/libreadline/8.2-GCCcore-13.3.0/include -I/rds/bear-apps/2024a/EL8-ice/software/cairo/1.18.0-GCCcore-13.3.0/include -I/rds/bear-apps/2024a/EL8-ice/software/libGLU/9.0.3-GCCcore-13.3.0/include -I/rds/bear-apps/2024a/EL8-ice/software/Mesa/24.1.3-GCCcore-13.3.0/include -I/rds/bear-apps/2024a/EL8-ice/software/X11/20240607-GCCcore-13.3.0/include -I/rds/bear-apps/2024a/EL8-ice/software/pkgconf/2.2.0-GCCcore-13.3.0/include -I/rds/bear-apps/2024a/EL8-ice/software/FFTW/3.3.10-GCC-13.3.0/include -I/rds/bear-apps/2024a/EL8-ice/software/FlexiBLAS/3.4.4-GCC-13.3.0/include -I/rds/bear-apps/2024a/EL8-ice/software/FlexiBLAS/3.4.4-GCC-13.3.0/include/flexiblas    -fpic  -O2 -ftree-vectorize -march=native -fno-math-errno  -c crypto_secretbox_easy.c -o crypto_secretbox_easy.o
gcc -std=gnu2x -I"/rds/bear-apps/2024a/EL8-ice/software/R/4.5.0-gfbf-2024a/lib64/R/include" -DNDEBUG -DMBEDTLS_AES_C -DMBEDTLS_ALLOW_PRIVATE_ACCESS -DMBEDTLS_PLATFORM_PRINTF_ALT -I.  -I/rds/bear-apps/2024a/EL8-ice/software/FriBidi/1.0.15-GCCcore-13.3.0/include -I/rds/bear-apps/2024a/EL8-ice/software/HarfBuzz/9.0.0-GCCcore-13.3.0/include -I/rds/bear-apps/2024a/EL8-ice/software/Tk/8.6.14-GCCcore-13.3.0/include -I/rds/bear-apps/2024a/EL8-ice/software/cURL/8.7.1-GCCcore-13.3.0/include -I/rds/bear-apps/2024a/EL8-ice/software/OpenSSL/3/include -I/rds/bear-apps/2024a/EL8-ice/software/libgit2/1.8.1-GCCcore-13.3.0/include -I/rds/bear-apps/2024a/EL8-ice/software/Java/17.0.15/include -I/rds/bear-apps/2024a/EL8-ice/software/LibTIFF/4.6.0-GCCcore-13.3.0/include -I/rds/bear-apps/2024a/EL8-ice/software/libjpeg-turbo/3.0.1-GCCcore-13.3.0/include -I/rds/bear-apps/2024a/EL8-ice/software/libpng/1.6.43-GCCcore-13.3.0/include -I/rds/bear-apps/2024a/EL8-ice/software/PCRE2/10.43-GCCcore-13.3.0/include -I/rds/bear-apps/2024a/EL8-ice/software/SQLite/3.45.3-GCCcore-13.3.0/include -I/rds/bear-apps/2024a/EL8-ice/software/zlib/1.3.1-GCCcore-13.3.0/include -I/rds/bear-apps/2024a/EL8-ice/software/XZ/5.4.5-GCCcore-13.3.0/include -I/rds/bear-apps/2024a/EL8-ice/software/bzip2/1.0.8-GCCcore-13.3.0/include -I/rds/bear-apps/2024a/EL8-ice/software/ncurses/6.5-GCCcore-13.3.0/include -I/rds/bear-apps/2024a/EL8-ice/software/libreadline/8.2-GCCcore-13.3.0/include -I/rds/bear-apps/2024a/EL8-ice/software/cairo/1.18.0-GCCcore-13.3.0/include -I/rds/bear-apps/2024a/EL8-ice/software/libGLU/9.0.3-GCCcore-13.3.0/include -I/rds/bear-apps/2024a/EL8-ice/software/Mesa/24.1.3-GCCcore-13.3.0/include -I/rds/bear-apps/2024a/EL8-ice/software/X11/20240607-GCCcore-13.3.0/include -I/rds/bear-apps/2024a/EL8-ice/software/pkgconf/2.2.0-GCCcore-13.3.0/include -I/rds/bear-apps/2024a/EL8-ice/software/FFTW/3.3.10-GCC-13.3.0/include -I/rds/bear-apps/2024a/EL8-ice/software/FlexiBLAS/3.4.4-GCC-13.3.0/include -I/rds/bear-apps/2024a/EL8-ice/software/FlexiBLAS/3.4.4-GCC-13.3.0/include/flexiblas    -fpic  -O2 -ftree-vectorize -march=native -fno-math-errno  -c generichash_blake2b.c -o generichash_blake2b.o
gcc -std=gnu2x -I"/rds/bear-apps/2024a/EL8-ice/software/R/4.5.0-gfbf-2024a/lib64/R/include" -DNDEBUG -DMBEDTLS_AES_C -DMBEDTLS_ALLOW_PRIVATE_ACCESS -DMBEDTLS_PLATFORM_PRINTF_ALT -I.  -I/rds/bear-apps/2024a/EL8-ice/software/FriBidi/1.0.15-GCCcore-13.3.0/include -I/rds/bear-apps/2024a/EL8-ice/software/HarfBuzz/9.0.0-GCCcore-13.3.0/include -I/rds/bear-apps/2024a/EL8-ice/software/Tk/8.6.14-GCCcore-13.3.0/include -I/rds/bear-apps/2024a/EL8-ice/software/cURL/8.7.1-GCCcore-13.3.0/include -I/rds/bear-apps/2024a/EL8-ice/software/OpenSSL/3/include -I/rds/bear-apps/2024a/EL8-ice/software/libgit2/1.8.1-GCCcore-13.3.0/include -I/rds/bear-apps/2024a/EL8-ice/software/Java/17.0.15/include -I/rds/bear-apps/2024a/EL8-ice/software/LibTIFF/4.6.0-GCCcore-13.3.0/include -I/rds/bear-apps/2024a/EL8-ice/software/libjpeg-turbo/3.0.1-GCCcore-13.3.0/include -I/rds/bear-apps/2024a/EL8-ice/software/libpng/1.6.43-GCCcore-13.3.0/include -I/rds/bear-apps/2024a/EL8-ice/software/PCRE2/10.43-GCCcore-13.3.0/include -I/rds/bear-apps/2024a/EL8-ice/software/SQLite/3.45.3-GCCcore-13.3.0/include -I/rds/bear-apps/2024a/EL8-ice/software/zlib/1.3.1-GCCcore-13.3.0/include -I/rds/bear-apps/2024a/EL8-ice/software/XZ/5.4.5-GCCcore-13.3.0/include -I/rds/bear-apps/2024a/EL8-ice/software/bzip2/1.0.8-GCCcore-13.3.0/include -I/rds/bear-apps/2024a/EL8-ice/software/ncurses/6.5-GCCcore-13.3.0/include -I/rds/bear-apps/2024a/EL8-ice/software/libreadline/8.2-GCCcore-13.3.0/include -I/rds/bear-apps/2024a/EL8-ice/software/cairo/1.18.0-GCCcore-13.3.0/include -I/rds/bear-apps/2024a/EL8-ice/software/libGLU/9.0.3-GCCcore-13.3.0/include -I/rds/bear-apps/2024a/EL8-ice/software/Mesa/24.1.3-GCCcore-13.3.0/include -I/rds/bear-apps/2024a/EL8-ice/software/X11/20240607-GCCcore-13.3.0/include -I/rds/bear-apps/2024a/EL8-ice/software/pkgconf/2.2.0-GCCcore-13.3.0/include -I/rds/bear-apps/2024a/EL8-ice/software/FFTW/3.3.10-GCC-13.3.0/include -I/rds/bear-apps/2024a/EL8-ice/software/FlexiBLAS/3.4.4-GCC-13.3.0/include -I/rds/bear-apps/2024a/EL8-ice/software/FlexiBLAS/3.4.4-GCC-13.3.0/include/flexiblas    -fpic  -O2 -ftree-vectorize -march=native -fno-math-errno  -c init.c -o init.o
gcc -std=gnu2x -I"/rds/bear-apps/2024a/EL8-ice/software/R/4.5.0-gfbf-2024a/lib64/R/include" -DNDEBUG -DMBEDTLS_AES_C -DMBEDTLS_ALLOW_PRIVATE_ACCESS -DMBEDTLS_PLATFORM_PRINTF_ALT -I.  -I/rds/bear-apps/2024a/EL8-ice/software/FriBidi/1.0.15-GCCcore-13.3.0/include -I/rds/bear-apps/2024a/EL8-ice/software/HarfBuzz/9.0.0-GCCcore-13.3.0/include -I/rds/bear-apps/2024a/EL8-ice/software/Tk/8.6.14-GCCcore-13.3.0/include -I/rds/bear-apps/2024a/EL8-ice/software/cURL/8.7.1-GCCcore-13.3.0/include -I/rds/bear-apps/2024a/EL8-ice/software/OpenSSL/3/include -I/rds/bear-apps/2024a/EL8-ice/software/libgit2/1.8.1-GCCcore-13.3.0/include -I/rds/bear-apps/2024a/EL8-ice/software/Java/17.0.15/include -I/rds/bear-apps/2024a/EL8-ice/software/LibTIFF/4.6.0-GCCcore-13.3.0/include -I/rds/bear-apps/2024a/EL8-ice/software/libjpeg-turbo/3.0.1-GCCcore-13.3.0/include -I/rds/bear-apps/2024a/EL8-ice/software/libpng/1.6.43-GCCcore-13.3.0/include -I/rds/bear-apps/2024a/EL8-ice/software/PCRE2/10.43-GCCcore-13.3.0/include -I/rds/bear-apps/2024a/EL8-ice/software/SQLite/3.45.3-GCCcore-13.3.0/include -I/rds/bear-apps/2024a/EL8-ice/software/zlib/1.3.1-GCCcore-13.3.0/include -I/rds/bear-apps/2024a/EL8-ice/software/XZ/5.4.5-GCCcore-13.3.0/include -I/rds/bear-apps/2024a/EL8-ice/software/bzip2/1.0.8-GCCcore-13.3.0/include -I/rds/bear-apps/2024a/EL8-ice/software/ncurses/6.5-GCCcore-13.3.0/include -I/rds/bear-apps/2024a/EL8-ice/software/libreadline/8.2-GCCcore-13.3.0/include -I/rds/bear-apps/2024a/EL8-ice/software/cairo/1.18.0-GCCcore-13.3.0/include -I/rds/bear-apps/2024a/EL8-ice/software/libGLU/9.0.3-GCCcore-13.3.0/include -I/rds/bear-apps/2024a/EL8-ice/software/Mesa/24.1.3-GCCcore-13.3.0/include -I/rds/bear-apps/2024a/EL8-ice/software/X11/20240607-GCCcore-13.3.0/include -I/rds/bear-apps/2024a/EL8-ice/software/pkgconf/2.2.0-GCCcore-13.3.0/include -I/rds/bear-apps/2024a/EL8-ice/software/FFTW/3.3.10-GCC-13.3.0/include -I/rds/bear-apps/2024a/EL8-ice/software/FlexiBLAS/3.4.4-GCC-13.3.0/include -I/rds/bear-apps/2024a/EL8-ice/software/FlexiBLAS/3.4.4-GCC-13.3.0/include/flexiblas    -fpic  -O2 -ftree-vectorize -march=native -fno-math-errno  -c keyring_macos.c -o keyring_macos.o
gcc -std=gnu2x -I"/rds/bear-apps/2024a/EL8-ice/software/R/4.5.0-gfbf-2024a/lib64/R/include" -DNDEBUG -DMBEDTLS_AES_C -DMBEDTLS_ALLOW_PRIVATE_ACCESS -DMBEDTLS_PLATFORM_PRINTF_ALT -I.  -I/rds/bear-apps/2024a/EL8-ice/software/FriBidi/1.0.15-GCCcore-13.3.0/include -I/rds/bear-apps/2024a/EL8-ice/software/HarfBuzz/9.0.0-GCCcore-13.3.0/include -I/rds/bear-apps/2024a/EL8-ice/software/Tk/8.6.14-GCCcore-13.3.0/include -I/rds/bear-apps/2024a/EL8-ice/software/cURL/8.7.1-GCCcore-13.3.0/include -I/rds/bear-apps/2024a/EL8-ice/software/OpenSSL/3/include -I/rds/bear-apps/2024a/EL8-ice/software/libgit2/1.8.1-GCCcore-13.3.0/include -I/rds/bear-apps/2024a/EL8-ice/software/Java/17.0.15/include -I/rds/bear-apps/2024a/EL8-ice/software/LibTIFF/4.6.0-GCCcore-13.3.0/include -I/rds/bear-apps/2024a/EL8-ice/software/libjpeg-turbo/3.0.1-GCCcore-13.3.0/include -I/rds/bear-apps/2024a/EL8-ice/software/libpng/1.6.43-GCCcore-13.3.0/include -I/rds/bear-apps/2024a/EL8-ice/software/PCRE2/10.43-GCCcore-13.3.0/include -I/rds/bear-apps/2024a/EL8-ice/software/SQLite/3.45.3-GCCcore-13.3.0/include -I/rds/bear-apps/2024a/EL8-ice/software/zlib/1.3.1-GCCcore-13.3.0/include -I/rds/bear-apps/2024a/EL8-ice/software/XZ/5.4.5-GCCcore-13.3.0/include -I/rds/bear-apps/2024a/EL8-ice/software/bzip2/1.0.8-GCCcore-13.3.0/include -I/rds/bear-apps/2024a/EL8-ice/software/ncurses/6.5-GCCcore-13.3.0/include -I/rds/bear-apps/2024a/EL8-ice/software/libreadline/8.2-GCCcore-13.3.0/include -I/rds/bear-apps/2024a/EL8-ice/software/cairo/1.18.0-GCCcore-13.3.0/include -I/rds/bear-apps/2024a/EL8-ice/software/libGLU/9.0.3-GCCcore-13.3.0/include -I/rds/bear-apps/2024a/EL8-ice/software/Mesa/24.1.3-GCCcore-13.3.0/include -I/rds/bear-apps/2024a/EL8-ice/software/X11/20240607-GCCcore-13.3.0/include -I/rds/bear-apps/2024a/EL8-ice/software/pkgconf/2.2.0-GCCcore-13.3.0/include -I/rds/bear-apps/2024a/EL8-ice/software/FFTW/3.3.10-GCC-13.3.0/include -I/rds/bear-apps/2024a/EL8-ice/software/FlexiBLAS/3.4.4-GCC-13.3.0/include -I/rds/bear-apps/2024a/EL8-ice/software/FlexiBLAS/3.4.4-GCC-13.3.0/include/flexiblas    -fpic  -O2 -ftree-vectorize -march=native -fno-math-errno  -c keyring_secret_service.c -o keyring_secret_service.o
gcc -std=gnu2x -I"/rds/bear-apps/2024a/EL8-ice/software/R/4.5.0-gfbf-2024a/lib64/R/include" -DNDEBUG -DMBEDTLS_AES_C -DMBEDTLS_ALLOW_PRIVATE_ACCESS -DMBEDTLS_PLATFORM_PRINTF_ALT -I.  -I/rds/bear-apps/2024a/EL8-ice/software/FriBidi/1.0.15-GCCcore-13.3.0/include -I/rds/bear-apps/2024a/EL8-ice/software/HarfBuzz/9.0.0-GCCcore-13.3.0/include -I/rds/bear-apps/2024a/EL8-ice/software/Tk/8.6.14-GCCcore-13.3.0/include -I/rds/bear-apps/2024a/EL8-ice/software/cURL/8.7.1-GCCcore-13.3.0/include -I/rds/bear-apps/2024a/EL8-ice/software/OpenSSL/3/include -I/rds/bear-apps/2024a/EL8-ice/software/libgit2/1.8.1-GCCcore-13.3.0/include -I/rds/bear-apps/2024a/EL8-ice/software/Java/17.0.15/include -I/rds/bear-apps/2024a/EL8-ice/software/LibTIFF/4.6.0-GCCcore-13.3.0/include -I/rds/bear-apps/2024a/EL8-ice/software/libjpeg-turbo/3.0.1-GCCcore-13.3.0/include -I/rds/bear-apps/2024a/EL8-ice/software/libpng/1.6.43-GCCcore-13.3.0/include -I/rds/bear-apps/2024a/EL8-ice/software/PCRE2/10.43-GCCcore-13.3.0/include -I/rds/bear-apps/2024a/EL8-ice/software/SQLite/3.45.3-GCCcore-13.3.0/include -I/rds/bear-apps/2024a/EL8-ice/software/zlib/1.3.1-GCCcore-13.3.0/include -I/rds/bear-apps/2024a/EL8-ice/software/XZ/5.4.5-GCCcore-13.3.0/include -I/rds/bear-apps/2024a/EL8-ice/software/bzip2/1.0.8-GCCcore-13.3.0/include -I/rds/bear-apps/2024a/EL8-ice/software/ncurses/6.5-GCCcore-13.3.0/include -I/rds/bear-apps/2024a/EL8-ice/software/libreadline/8.2-GCCcore-13.3.0/include -I/rds/bear-apps/2024a/EL8-ice/software/cairo/1.18.0-GCCcore-13.3.0/include -I/rds/bear-apps/2024a/EL8-ice/software/libGLU/9.0.3-GCCcore-13.3.0/include -I/rds/bear-apps/2024a/EL8-ice/software/Mesa/24.1.3-GCCcore-13.3.0/include -I/rds/bear-apps/2024a/EL8-ice/software/X11/20240607-GCCcore-13.3.0/include -I/rds/bear-apps/2024a/EL8-ice/software/pkgconf/2.2.0-GCCcore-13.3.0/include -I/rds/bear-apps/2024a/EL8-ice/software/FFTW/3.3.10-GCC-13.3.0/include -I/rds/bear-apps/2024a/EL8-ice/software/FlexiBLAS/3.4.4-GCC-13.3.0/include -I/rds/bear-apps/2024a/EL8-ice/software/FlexiBLAS/3.4.4-GCC-13.3.0/include/flexiblas    -fpic  -O2 -ftree-vectorize -march=native -fno-math-errno  -c keyring_wincred.c -o keyring_wincred.o
gcc -std=gnu2x -I"/rds/bear-apps/2024a/EL8-ice/software/R/4.5.0-gfbf-2024a/lib64/R/include" -DNDEBUG -DMBEDTLS_AES_C -DMBEDTLS_ALLOW_PRIVATE_ACCESS -DMBEDTLS_PLATFORM_PRINTF_ALT -I.  -I/rds/bear-apps/2024a/EL8-ice/software/FriBidi/1.0.15-GCCcore-13.3.0/include -I/rds/bear-apps/2024a/EL8-ice/software/HarfBuzz/9.0.0-GCCcore-13.3.0/include -I/rds/bear-apps/2024a/EL8-ice/software/Tk/8.6.14-GCCcore-13.3.0/include -I/rds/bear-apps/2024a/EL8-ice/software/cURL/8.7.1-GCCcore-13.3.0/include -I/rds/bear-apps/2024a/EL8-ice/software/OpenSSL/3/include -I/rds/bear-apps/2024a/EL8-ice/software/libgit2/1.8.1-GCCcore-13.3.0/include -I/rds/bear-apps/2024a/EL8-ice/software/Java/17.0.15/include -I/rds/bear-apps/2024a/EL8-ice/software/LibTIFF/4.6.0-GCCcore-13.3.0/include -I/rds/bear-apps/2024a/EL8-ice/software/libjpeg-turbo/3.0.1-GCCcore-13.3.0/include -I/rds/bear-apps/2024a/EL8-ice/software/libpng/1.6.43-GCCcore-13.3.0/include -I/rds/bear-apps/2024a/EL8-ice/software/PCRE2/10.43-GCCcore-13.3.0/include -I/rds/bear-apps/2024a/EL8-ice/software/SQLite/3.45.3-GCCcore-13.3.0/include -I/rds/bear-apps/2024a/EL8-ice/software/zlib/1.3.1-GCCcore-13.3.0/include -I/rds/bear-apps/2024a/EL8-ice/software/XZ/5.4.5-GCCcore-13.3.0/include -I/rds/bear-apps/2024a/EL8-ice/software/bzip2/1.0.8-GCCcore-13.3.0/include -I/rds/bear-apps/2024a/EL8-ice/software/ncurses/6.5-GCCcore-13.3.0/include -I/rds/bear-apps/2024a/EL8-ice/software/libreadline/8.2-GCCcore-13.3.0/include -I/rds/bear-apps/2024a/EL8-ice/software/cairo/1.18.0-GCCcore-13.3.0/include -I/rds/bear-apps/2024a/EL8-ice/software/libGLU/9.0.3-GCCcore-13.3.0/include -I/rds/bear-apps/2024a/EL8-ice/software/Mesa/24.1.3-GCCcore-13.3.0/include -I/rds/bear-apps/2024a/EL8-ice/software/X11/20240607-GCCcore-13.3.0/include -I/rds/bear-apps/2024a/EL8-ice/software/pkgconf/2.2.0-GCCcore-13.3.0/include -I/rds/bear-apps/2024a/EL8-ice/software/FFTW/3.3.10-GCC-13.3.0/include -I/rds/bear-apps/2024a/EL8-ice/software/FlexiBLAS/3.4.4-GCC-13.3.0/include -I/rds/bear-apps/2024a/EL8-ice/software/FlexiBLAS/3.4.4-GCC-13.3.0/include/flexiblas    -fpic  -O2 -ftree-vectorize -march=native -fno-math-errno  -c onetimeauth_poly1305.c -o onetimeauth_poly1305.o
gcc -std=gnu2x -I"/rds/bear-apps/2024a/EL8-ice/software/R/4.5.0-gfbf-2024a/lib64/R/include" -DNDEBUG -DMBEDTLS_AES_C -DMBEDTLS_ALLOW_PRIVATE_ACCESS -DMBEDTLS_PLATFORM_PRINTF_ALT -I.  -I/rds/bear-apps/2024a/EL8-ice/software/FriBidi/1.0.15-GCCcore-13.3.0/include -I/rds/bear-apps/2024a/EL8-ice/software/HarfBuzz/9.0.0-GCCcore-13.3.0/include -I/rds/bear-apps/2024a/EL8-ice/software/Tk/8.6.14-GCCcore-13.3.0/include -I/rds/bear-apps/2024a/EL8-ice/software/cURL/8.7.1-GCCcore-13.3.0/include -I/rds/bear-apps/2024a/EL8-ice/software/OpenSSL/3/include -I/rds/bear-apps/2024a/EL8-ice/software/libgit2/1.8.1-GCCcore-13.3.0/include -I/rds/bear-apps/2024a/EL8-ice/software/Java/17.0.15/include -I/rds/bear-apps/2024a/EL8-ice/software/LibTIFF/4.6.0-GCCcore-13.3.0/include -I/rds/bear-apps/2024a/EL8-ice/software/libjpeg-turbo/3.0.1-GCCcore-13.3.0/include -I/rds/bear-apps/2024a/EL8-ice/software/libpng/1.6.43-GCCcore-13.3.0/include -I/rds/bear-apps/2024a/EL8-ice/software/PCRE2/10.43-GCCcore-13.3.0/include -I/rds/bear-apps/2024a/EL8-ice/software/SQLite/3.45.3-GCCcore-13.3.0/include -I/rds/bear-apps/2024a/EL8-ice/software/zlib/1.3.1-GCCcore-13.3.0/include -I/rds/bear-apps/2024a/EL8-ice/software/XZ/5.4.5-GCCcore-13.3.0/include -I/rds/bear-apps/2024a/EL8-ice/software/bzip2/1.0.8-GCCcore-13.3.0/include -I/rds/bear-apps/2024a/EL8-ice/software/ncurses/6.5-GCCcore-13.3.0/include -I/rds/bear-apps/2024a/EL8-ice/software/libreadline/8.2-GCCcore-13.3.0/include -I/rds/bear-apps/2024a/EL8-ice/software/cairo/1.18.0-GCCcore-13.3.0/include -I/rds/bear-apps/2024a/EL8-ice/software/libGLU/9.0.3-GCCcore-13.3.0/include -I/rds/bear-apps/2024a/EL8-ice/software/Mesa/24.1.3-GCCcore-13.3.0/include -I/rds/bear-apps/2024a/EL8-ice/software/X11/20240607-GCCcore-13.3.0/include -I/rds/bear-apps/2024a/EL8-ice/software/pkgconf/2.2.0-GCCcore-13.3.0/include -I/rds/bear-apps/2024a/EL8-ice/software/FFTW/3.3.10-GCC-13.3.0/include -I/rds/bear-apps/2024a/EL8-ice/software/FlexiBLAS/3.4.4-GCC-13.3.0/include -I/rds/bear-apps/2024a/EL8-ice/software/FlexiBLAS/3.4.4-GCC-13.3.0/include/flexiblas    -fpic  -O2 -ftree-vectorize -march=native -fno-math-errno  -c padlock.c -o padlock.o
gcc -std=gnu2x -I"/rds/bear-apps/2024a/EL8-ice/software/R/4.5.0-gfbf-2024a/lib64/R/include" -DNDEBUG -DMBEDTLS_AES_C -DMBEDTLS_ALLOW_PRIVATE_ACCESS -DMBEDTLS_PLATFORM_PRINTF_ALT -I.  -I/rds/bear-apps/2024a/EL8-ice/software/FriBidi/1.0.15-GCCcore-13.3.0/include -I/rds/bear-apps/2024a/EL8-ice/software/HarfBuzz/9.0.0-GCCcore-13.3.0/include -I/rds/bear-apps/2024a/EL8-ice/software/Tk/8.6.14-GCCcore-13.3.0/include -I/rds/bear-apps/2024a/EL8-ice/software/cURL/8.7.1-GCCcore-13.3.0/include -I/rds/bear-apps/2024a/EL8-ice/software/OpenSSL/3/include -I/rds/bear-apps/2024a/EL8-ice/software/libgit2/1.8.1-GCCcore-13.3.0/include -I/rds/bear-apps/2024a/EL8-ice/software/Java/17.0.15/include -I/rds/bear-apps/2024a/EL8-ice/software/LibTIFF/4.6.0-GCCcore-13.3.0/include -I/rds/bear-apps/2024a/EL8-ice/software/libjpeg-turbo/3.0.1-GCCcore-13.3.0/include -I/rds/bear-apps/2024a/EL8-ice/software/libpng/1.6.43-GCCcore-13.3.0/include -I/rds/bear-apps/2024a/EL8-ice/software/PCRE2/10.43-GCCcore-13.3.0/include -I/rds/bear-apps/2024a/EL8-ice/software/SQLite/3.45.3-GCCcore-13.3.0/include -I/rds/bear-apps/2024a/EL8-ice/software/zlib/1.3.1-GCCcore-13.3.0/include -I/rds/bear-apps/2024a/EL8-ice/software/XZ/5.4.5-GCCcore-13.3.0/include -I/rds/bear-apps/2024a/EL8-ice/software/bzip2/1.0.8-GCCcore-13.3.0/include -I/rds/bear-apps/2024a/EL8-ice/software/ncurses/6.5-GCCcore-13.3.0/include -I/rds/bear-apps/2024a/EL8-ice/software/libreadline/8.2-GCCcore-13.3.0/include -I/rds/bear-apps/2024a/EL8-ice/software/cairo/1.18.0-GCCcore-13.3.0/include -I/rds/bear-apps/2024a/EL8-ice/software/libGLU/9.0.3-GCCcore-13.3.0/include -I/rds/bear-apps/2024a/EL8-ice/software/Mesa/24.1.3-GCCcore-13.3.0/include -I/rds/bear-apps/2024a/EL8-ice/software/X11/20240607-GCCcore-13.3.0/include -I/rds/bear-apps/2024a/EL8-ice/software/pkgconf/2.2.0-GCCcore-13.3.0/include -I/rds/bear-apps/2024a/EL8-ice/software/FFTW/3.3.10-GCC-13.3.0/include -I/rds/bear-apps/2024a/EL8-ice/software/FlexiBLAS/3.4.4-GCC-13.3.0/include -I/rds/bear-apps/2024a/EL8-ice/software/FlexiBLAS/3.4.4-GCC-13.3.0/include/flexiblas    -fpic  -O2 -ftree-vectorize -march=native -fno-math-errno  -c platform_util.c -o platform_util.o
gcc -std=gnu2x -I"/rds/bear-apps/2024a/EL8-ice/software/R/4.5.0-gfbf-2024a/lib64/R/include" -DNDEBUG -DMBEDTLS_AES_C -DMBEDTLS_ALLOW_PRIVATE_ACCESS -DMBEDTLS_PLATFORM_PRINTF_ALT -I.  -I/rds/bear-apps/2024a/EL8-ice/software/FriBidi/1.0.15-GCCcore-13.3.0/include -I/rds/bear-apps/2024a/EL8-ice/software/HarfBuzz/9.0.0-GCCcore-13.3.0/include -I/rds/bear-apps/2024a/EL8-ice/software/Tk/8.6.14-GCCcore-13.3.0/include -I/rds/bear-apps/2024a/EL8-ice/software/cURL/8.7.1-GCCcore-13.3.0/include -I/rds/bear-apps/2024a/EL8-ice/software/OpenSSL/3/include -I/rds/bear-apps/2024a/EL8-ice/software/libgit2/1.8.1-GCCcore-13.3.0/include -I/rds/bear-apps/2024a/EL8-ice/software/Java/17.0.15/include -I/rds/bear-apps/2024a/EL8-ice/software/LibTIFF/4.6.0-GCCcore-13.3.0/include -I/rds/bear-apps/2024a/EL8-ice/software/libjpeg-turbo/3.0.1-GCCcore-13.3.0/include -I/rds/bear-apps/2024a/EL8-ice/software/libpng/1.6.43-GCCcore-13.3.0/include -I/rds/bear-apps/2024a/EL8-ice/software/PCRE2/10.43-GCCcore-13.3.0/include -I/rds/bear-apps/2024a/EL8-ice/software/SQLite/3.45.3-GCCcore-13.3.0/include -I/rds/bear-apps/2024a/EL8-ice/software/zlib/1.3.1-GCCcore-13.3.0/include -I/rds/bear-apps/2024a/EL8-ice/software/XZ/5.4.5-GCCcore-13.3.0/include -I/rds/bear-apps/2024a/EL8-ice/software/bzip2/1.0.8-GCCcore-13.3.0/include -I/rds/bear-apps/2024a/EL8-ice/software/ncurses/6.5-GCCcore-13.3.0/include -I/rds/bear-apps/2024a/EL8-ice/software/libreadline/8.2-GCCcore-13.3.0/include -I/rds/bear-apps/2024a/EL8-ice/software/cairo/1.18.0-GCCcore-13.3.0/include -I/rds/bear-apps/2024a/EL8-ice/software/libGLU/9.0.3-GCCcore-13.3.0/include -I/rds/bear-apps/2024a/EL8-ice/software/Mesa/24.1.3-GCCcore-13.3.0/include -I/rds/bear-apps/2024a/EL8-ice/software/X11/20240607-GCCcore-13.3.0/include -I/rds/bear-apps/2024a/EL8-ice/software/pkgconf/2.2.0-GCCcore-13.3.0/include -I/rds/bear-apps/2024a/EL8-ice/software/FFTW/3.3.10-GCC-13.3.0/include -I/rds/bear-apps/2024a/EL8-ice/software/FlexiBLAS/3.4.4-GCC-13.3.0/include -I/rds/bear-apps/2024a/EL8-ice/software/FlexiBLAS/3.4.4-GCC-13.3.0/include/flexiblas    -fpic  -O2 -ftree-vectorize -march=native -fno-math-errno  -c poly1305_donna.c -o poly1305_donna.o
gcc -std=gnu2x -I"/rds/bear-apps/2024a/EL8-ice/software/R/4.5.0-gfbf-2024a/lib64/R/include" -DNDEBUG -DMBEDTLS_AES_C -DMBEDTLS_ALLOW_PRIVATE_ACCESS -DMBEDTLS_PLATFORM_PRINTF_ALT -I.  -I/rds/bear-apps/2024a/EL8-ice/software/FriBidi/1.0.15-GCCcore-13.3.0/include -I/rds/bear-apps/2024a/EL8-ice/software/HarfBuzz/9.0.0-GCCcore-13.3.0/include -I/rds/bear-apps/2024a/EL8-ice/software/Tk/8.6.14-GCCcore-13.3.0/include -I/rds/bear-apps/2024a/EL8-ice/software/cURL/8.7.1-GCCcore-13.3.0/include -I/rds/bear-apps/2024a/EL8-ice/software/OpenSSL/3/include -I/rds/bear-apps/2024a/EL8-ice/software/libgit2/1.8.1-GCCcore-13.3.0/include -I/rds/bear-apps/2024a/EL8-ice/software/Java/17.0.15/include -I/rds/bear-apps/2024a/EL8-ice/software/LibTIFF/4.6.0-GCCcore-13.3.0/include -I/rds/bear-apps/2024a/EL8-ice/software/libjpeg-turbo/3.0.1-GCCcore-13.3.0/include -I/rds/bear-apps/2024a/EL8-ice/software/libpng/1.6.43-GCCcore-13.3.0/include -I/rds/bear-apps/2024a/EL8-ice/software/PCRE2/10.43-GCCcore-13.3.0/include -I/rds/bear-apps/2024a/EL8-ice/software/SQLite/3.45.3-GCCcore-13.3.0/include -I/rds/bear-apps/2024a/EL8-ice/software/zlib/1.3.1-GCCcore-13.3.0/include -I/rds/bear-apps/2024a/EL8-ice/software/XZ/5.4.5-GCCcore-13.3.0/include -I/rds/bear-apps/2024a/EL8-ice/software/bzip2/1.0.8-GCCcore-13.3.0/include -I/rds/bear-apps/2024a/EL8-ice/software/ncurses/6.5-GCCcore-13.3.0/include -I/rds/bear-apps/2024a/EL8-ice/software/libreadline/8.2-GCCcore-13.3.0/include -I/rds/bear-apps/2024a/EL8-ice/software/cairo/1.18.0-GCCcore-13.3.0/include -I/rds/bear-apps/2024a/EL8-ice/software/libGLU/9.0.3-GCCcore-13.3.0/include -I/rds/bear-apps/2024a/EL8-ice/software/Mesa/24.1.3-GCCcore-13.3.0/include -I/rds/bear-apps/2024a/EL8-ice/software/X11/20240607-GCCcore-13.3.0/include -I/rds/bear-apps/2024a/EL8-ice/software/pkgconf/2.2.0-GCCcore-13.3.0/include -I/rds/bear-apps/2024a/EL8-ice/software/FFTW/3.3.10-GCC-13.3.0/include -I/rds/bear-apps/2024a/EL8-ice/software/FlexiBLAS/3.4.4-GCC-13.3.0/include -I/rds/bear-apps/2024a/EL8-ice/software/FlexiBLAS/3.4.4-GCC-13.3.0/include/flexiblas    -fpic  -O2 -ftree-vectorize -march=native -fno-math-errno  -c raes.c -o raes.o
gcc -std=gnu2x -I"/rds/bear-apps/2024a/EL8-ice/software/R/4.5.0-gfbf-2024a/lib64/R/include" -DNDEBUG -DMBEDTLS_AES_C -DMBEDTLS_ALLOW_PRIVATE_ACCESS -DMBEDTLS_PLATFORM_PRINTF_ALT -I.  -I/rds/bear-apps/2024a/EL8-ice/software/FriBidi/1.0.15-GCCcore-13.3.0/include -I/rds/bear-apps/2024a/EL8-ice/software/HarfBuzz/9.0.0-GCCcore-13.3.0/include -I/rds/bear-apps/2024a/EL8-ice/software/Tk/8.6.14-GCCcore-13.3.0/include -I/rds/bear-apps/2024a/EL8-ice/software/cURL/8.7.1-GCCcore-13.3.0/include -I/rds/bear-apps/2024a/EL8-ice/software/OpenSSL/3/include -I/rds/bear-apps/2024a/EL8-ice/software/libgit2/1.8.1-GCCcore-13.3.0/include -I/rds/bear-apps/2024a/EL8-ice/software/Java/17.0.15/include -I/rds/bear-apps/2024a/EL8-ice/software/LibTIFF/4.6.0-GCCcore-13.3.0/include -I/rds/bear-apps/2024a/EL8-ice/software/libjpeg-turbo/3.0.1-GCCcore-13.3.0/include -I/rds/bear-apps/2024a/EL8-ice/software/libpng/1.6.43-GCCcore-13.3.0/include -I/rds/bear-apps/2024a/EL8-ice/software/PCRE2/10.43-GCCcore-13.3.0/include -I/rds/bear-apps/2024a/EL8-ice/software/SQLite/3.45.3-GCCcore-13.3.0/include -I/rds/bear-apps/2024a/EL8-ice/software/zlib/1.3.1-GCCcore-13.3.0/include -I/rds/bear-apps/2024a/EL8-ice/software/XZ/5.4.5-GCCcore-13.3.0/include -I/rds/bear-apps/2024a/EL8-ice/software/bzip2/1.0.8-GCCcore-13.3.0/include -I/rds/bear-apps/2024a/EL8-ice/software/ncurses/6.5-GCCcore-13.3.0/include -I/rds/bear-apps/2024a/EL8-ice/software/libreadline/8.2-GCCcore-13.3.0/include -I/rds/bear-apps/2024a/EL8-ice/software/cairo/1.18.0-GCCcore-13.3.0/include -I/rds/bear-apps/2024a/EL8-ice/software/libGLU/9.0.3-GCCcore-13.3.0/include -I/rds/bear-apps/2024a/EL8-ice/software/Mesa/24.1.3-GCCcore-13.3.0/include -I/rds/bear-apps/2024a/EL8-ice/software/X11/20240607-GCCcore-13.3.0/include -I/rds/bear-apps/2024a/EL8-ice/software/pkgconf/2.2.0-GCCcore-13.3.0/include -I/rds/bear-apps/2024a/EL8-ice/software/FFTW/3.3.10-GCC-13.3.0/include -I/rds/bear-apps/2024a/EL8-ice/software/FlexiBLAS/3.4.4-GCC-13.3.0/include -I/rds/bear-apps/2024a/EL8-ice/software/FlexiBLAS/3.4.4-GCC-13.3.0/include/flexiblas    -fpic  -O2 -ftree-vectorize -march=native -fno-math-errno  -c randombytes_sysrandom.c -o randombytes_sysrandom.o
gcc -std=gnu2x -I"/rds/bear-apps/2024a/EL8-ice/software/R/4.5.0-gfbf-2024a/lib64/R/include" -DNDEBUG -DMBEDTLS_AES_C -DMBEDTLS_ALLOW_PRIVATE_ACCESS -DMBEDTLS_PLATFORM_PRINTF_ALT -I.  -I/rds/bear-apps/2024a/EL8-ice/software/FriBidi/1.0.15-GCCcore-13.3.0/include -I/rds/bear-apps/2024a/EL8-ice/software/HarfBuzz/9.0.0-GCCcore-13.3.0/include -I/rds/bear-apps/2024a/EL8-ice/software/Tk/8.6.14-GCCcore-13.3.0/include -I/rds/bear-apps/2024a/EL8-ice/software/cURL/8.7.1-GCCcore-13.3.0/include -I/rds/bear-apps/2024a/EL8-ice/software/OpenSSL/3/include -I/rds/bear-apps/2024a/EL8-ice/software/libgit2/1.8.1-GCCcore-13.3.0/include -I/rds/bear-apps/2024a/EL8-ice/software/Java/17.0.15/include -I/rds/bear-apps/2024a/EL8-ice/software/LibTIFF/4.6.0-GCCcore-13.3.0/include -I/rds/bear-apps/2024a/EL8-ice/software/libjpeg-turbo/3.0.1-GCCcore-13.3.0/include -I/rds/bear-apps/2024a/EL8-ice/software/libpng/1.6.43-GCCcore-13.3.0/include -I/rds/bear-apps/2024a/EL8-ice/software/PCRE2/10.43-GCCcore-13.3.0/include -I/rds/bear-apps/2024a/EL8-ice/software/SQLite/3.45.3-GCCcore-13.3.0/include -I/rds/bear-apps/2024a/EL8-ice/software/zlib/1.3.1-GCCcore-13.3.0/include -I/rds/bear-apps/2024a/EL8-ice/software/XZ/5.4.5-GCCcore-13.3.0/include -I/rds/bear-apps/2024a/EL8-ice/software/bzip2/1.0.8-GCCcore-13.3.0/include -I/rds/bear-apps/2024a/EL8-ice/software/ncurses/6.5-GCCcore-13.3.0/include -I/rds/bear-apps/2024a/EL8-ice/software/libreadline/8.2-GCCcore-13.3.0/include -I/rds/bear-apps/2024a/EL8-ice/software/cairo/1.18.0-GCCcore-13.3.0/include -I/rds/bear-apps/2024a/EL8-ice/software/libGLU/9.0.3-GCCcore-13.3.0/include -I/rds/bear-apps/2024a/EL8-ice/software/Mesa/24.1.3-GCCcore-13.3.0/include -I/rds/bear-apps/2024a/EL8-ice/software/X11/20240607-GCCcore-13.3.0/include -I/rds/bear-apps/2024a/EL8-ice/software/pkgconf/2.2.0-GCCcore-13.3.0/include -I/rds/bear-apps/2024a/EL8-ice/software/FFTW/3.3.10-GCC-13.3.0/include -I/rds/bear-apps/2024a/EL8-ice/software/FlexiBLAS/3.4.4-GCC-13.3.0/include -I/rds/bear-apps/2024a/EL8-ice/software/FlexiBLAS/3.4.4-GCC-13.3.0/include/flexiblas    -fpic  -O2 -ftree-vectorize -march=native -fno-math-errno  -c salsa20_ref.c -o salsa20_ref.o
gcc -std=gnu2x -I"/rds/bear-apps/2024a/EL8-ice/software/R/4.5.0-gfbf-2024a/lib64/R/include" -DNDEBUG -DMBEDTLS_AES_C -DMBEDTLS_ALLOW_PRIVATE_ACCESS -DMBEDTLS_PLATFORM_PRINTF_ALT -I.  -I/rds/bear-apps/2024a/EL8-ice/software/FriBidi/1.0.15-GCCcore-13.3.0/include -I/rds/bear-apps/2024a/EL8-ice/software/HarfBuzz/9.0.0-GCCcore-13.3.0/include -I/rds/bear-apps/2024a/EL8-ice/software/Tk/8.6.14-GCCcore-13.3.0/include -I/rds/bear-apps/2024a/EL8-ice/software/cURL/8.7.1-GCCcore-13.3.0/include -I/rds/bear-apps/2024a/EL8-ice/software/OpenSSL/3/include -I/rds/bear-apps/2024a/EL8-ice/software/libgit2/1.8.1-GCCcore-13.3.0/include -I/rds/bear-apps/2024a/EL8-ice/software/Java/17.0.15/include -I/rds/bear-apps/2024a/EL8-ice/software/LibTIFF/4.6.0-GCCcore-13.3.0/include -I/rds/bear-apps/2024a/EL8-ice/software/libjpeg-turbo/3.0.1-GCCcore-13.3.0/include -I/rds/bear-apps/2024a/EL8-ice/software/libpng/1.6.43-GCCcore-13.3.0/include -I/rds/bear-apps/2024a/EL8-ice/software/PCRE2/10.43-GCCcore-13.3.0/include -I/rds/bear-apps/2024a/EL8-ice/software/SQLite/3.45.3-GCCcore-13.3.0/include -I/rds/bear-apps/2024a/EL8-ice/software/zlib/1.3.1-GCCcore-13.3.0/include -I/rds/bear-apps/2024a/EL8-ice/software/XZ/5.4.5-GCCcore-13.3.0/include -I/rds/bear-apps/2024a/EL8-ice/software/bzip2/1.0.8-GCCcore-13.3.0/include -I/rds/bear-apps/2024a/EL8-ice/software/ncurses/6.5-GCCcore-13.3.0/include -I/rds/bear-apps/2024a/EL8-ice/software/libreadline/8.2-GCCcore-13.3.0/include -I/rds/bear-apps/2024a/EL8-ice/software/cairo/1.18.0-GCCcore-13.3.0/include -I/rds/bear-apps/2024a/EL8-ice/software/libGLU/9.0.3-GCCcore-13.3.0/include -I/rds/bear-apps/2024a/EL8-ice/software/Mesa/24.1.3-GCCcore-13.3.0/include -I/rds/bear-apps/2024a/EL8-ice/software/X11/20240607-GCCcore-13.3.0/include -I/rds/bear-apps/2024a/EL8-ice/software/pkgconf/2.2.0-GCCcore-13.3.0/include -I/rds/bear-apps/2024a/EL8-ice/software/FFTW/3.3.10-GCC-13.3.0/include -I/rds/bear-apps/2024a/EL8-ice/software/FlexiBLAS/3.4.4-GCC-13.3.0/include -I/rds/bear-apps/2024a/EL8-ice/software/FlexiBLAS/3.4.4-GCC-13.3.0/include/flexiblas    -fpic  -O2 -ftree-vectorize -march=native -fno-math-errno  -c sha256.c -o sha256.o
gcc -std=gnu2x -I"/rds/bear-apps/2024a/EL8-ice/software/R/4.5.0-gfbf-2024a/lib64/R/include" -DNDEBUG -DMBEDTLS_AES_C -DMBEDTLS_ALLOW_PRIVATE_ACCESS -DMBEDTLS_PLATFORM_PRINTF_ALT -I.  -I/rds/bear-apps/2024a/EL8-ice/software/FriBidi/1.0.15-GCCcore-13.3.0/include -I/rds/bear-apps/2024a/EL8-ice/software/HarfBuzz/9.0.0-GCCcore-13.3.0/include -I/rds/bear-apps/2024a/EL8-ice/software/Tk/8.6.14-GCCcore-13.3.0/include -I/rds/bear-apps/2024a/EL8-ice/software/cURL/8.7.1-GCCcore-13.3.0/include -I/rds/bear-apps/2024a/EL8-ice/software/OpenSSL/3/include -I/rds/bear-apps/2024a/EL8-ice/software/libgit2/1.8.1-GCCcore-13.3.0/include -I/rds/bear-apps/2024a/EL8-ice/software/Java/17.0.15/include -I/rds/bear-apps/2024a/EL8-ice/software/LibTIFF/4.6.0-GCCcore-13.3.0/include -I/rds/bear-apps/2024a/EL8-ice/software/libjpeg-turbo/3.0.1-GCCcore-13.3.0/include -I/rds/bear-apps/2024a/EL8-ice/software/libpng/1.6.43-GCCcore-13.3.0/include -I/rds/bear-apps/2024a/EL8-ice/software/PCRE2/10.43-GCCcore-13.3.0/include -I/rds/bear-apps/2024a/EL8-ice/software/SQLite/3.45.3-GCCcore-13.3.0/include -I/rds/bear-apps/2024a/EL8-ice/software/zlib/1.3.1-GCCcore-13.3.0/include -I/rds/bear-apps/2024a/EL8-ice/software/XZ/5.4.5-GCCcore-13.3.0/include -I/rds/bear-apps/2024a/EL8-ice/software/bzip2/1.0.8-GCCcore-13.3.0/include -I/rds/bear-apps/2024a/EL8-ice/software/ncurses/6.5-GCCcore-13.3.0/include -I/rds/bear-apps/2024a/EL8-ice/software/libreadline/8.2-GCCcore-13.3.0/include -I/rds/bear-apps/2024a/EL8-ice/software/cairo/1.18.0-GCCcore-13.3.0/include -I/rds/bear-apps/2024a/EL8-ice/software/libGLU/9.0.3-GCCcore-13.3.0/include -I/rds/bear-apps/2024a/EL8-ice/software/Mesa/24.1.3-GCCcore-13.3.0/include -I/rds/bear-apps/2024a/EL8-ice/software/X11/20240607-GCCcore-13.3.0/include -I/rds/bear-apps/2024a/EL8-ice/software/pkgconf/2.2.0-GCCcore-13.3.0/include -I/rds/bear-apps/2024a/EL8-ice/software/FFTW/3.3.10-GCC-13.3.0/include -I/rds/bear-apps/2024a/EL8-ice/software/FlexiBLAS/3.4.4-GCC-13.3.0/include -I/rds/bear-apps/2024a/EL8-ice/software/FlexiBLAS/3.4.4-GCC-13.3.0/include/flexiblas    -fpic  -O2 -ftree-vectorize -march=native -fno-math-errno  -c sodium-utils.c -o sodium-utils.o
gcc -std=gnu2x -I"/rds/bear-apps/2024a/EL8-ice/software/R/4.5.0-gfbf-2024a/lib64/R/include" -DNDEBUG -DMBEDTLS_AES_C -DMBEDTLS_ALLOW_PRIVATE_ACCESS -DMBEDTLS_PLATFORM_PRINTF_ALT -I.  -I/rds/bear-apps/2024a/EL8-ice/software/FriBidi/1.0.15-GCCcore-13.3.0/include -I/rds/bear-apps/2024a/EL8-ice/software/HarfBuzz/9.0.0-GCCcore-13.3.0/include -I/rds/bear-apps/2024a/EL8-ice/software/Tk/8.6.14-GCCcore-13.3.0/include -I/rds/bear-apps/2024a/EL8-ice/software/cURL/8.7.1-GCCcore-13.3.0/include -I/rds/bear-apps/2024a/EL8-ice/software/OpenSSL/3/include -I/rds/bear-apps/2024a/EL8-ice/software/libgit2/1.8.1-GCCcore-13.3.0/include -I/rds/bear-apps/2024a/EL8-ice/software/Java/17.0.15/include -I/rds/bear-apps/2024a/EL8-ice/software/LibTIFF/4.6.0-GCCcore-13.3.0/include -I/rds/bear-apps/2024a/EL8-ice/software/libjpeg-turbo/3.0.1-GCCcore-13.3.0/include -I/rds/bear-apps/2024a/EL8-ice/software/libpng/1.6.43-GCCcore-13.3.0/include -I/rds/bear-apps/2024a/EL8-ice/software/PCRE2/10.43-GCCcore-13.3.0/include -I/rds/bear-apps/2024a/EL8-ice/software/SQLite/3.45.3-GCCcore-13.3.0/include -I/rds/bear-apps/2024a/EL8-ice/software/zlib/1.3.1-GCCcore-13.3.0/include -I/rds/bear-apps/2024a/EL8-ice/software/XZ/5.4.5-GCCcore-13.3.0/include -I/rds/bear-apps/2024a/EL8-ice/software/bzip2/1.0.8-GCCcore-13.3.0/include -I/rds/bear-apps/2024a/EL8-ice/software/ncurses/6.5-GCCcore-13.3.0/include -I/rds/bear-apps/2024a/EL8-ice/software/libreadline/8.2-GCCcore-13.3.0/include -I/rds/bear-apps/2024a/EL8-ice/software/cairo/1.18.0-GCCcore-13.3.0/include -I/rds/bear-apps/2024a/EL8-ice/software/libGLU/9.0.3-GCCcore-13.3.0/include -I/rds/bear-apps/2024a/EL8-ice/software/Mesa/24.1.3-GCCcore-13.3.0/include -I/rds/bear-apps/2024a/EL8-ice/software/X11/20240607-GCCcore-13.3.0/include -I/rds/bear-apps/2024a/EL8-ice/software/pkgconf/2.2.0-GCCcore-13.3.0/include -I/rds/bear-apps/2024a/EL8-ice/software/FFTW/3.3.10-GCC-13.3.0/include -I/rds/bear-apps/2024a/EL8-ice/software/FlexiBLAS/3.4.4-GCC-13.3.0/include -I/rds/bear-apps/2024a/EL8-ice/software/FlexiBLAS/3.4.4-GCC-13.3.0/include/flexiblas    -fpic  -O2 -ftree-vectorize -march=native -fno-math-errno  -c sodium.c -o sodium.o
gcc -std=gnu2x -I"/rds/bear-apps/2024a/EL8-ice/software/R/4.5.0-gfbf-2024a/lib64/R/include" -DNDEBUG -DMBEDTLS_AES_C -DMBEDTLS_ALLOW_PRIVATE_ACCESS -DMBEDTLS_PLATFORM_PRINTF_ALT -I.  -I/rds/bear-apps/2024a/EL8-ice/software/FriBidi/1.0.15-GCCcore-13.3.0/include -I/rds/bear-apps/2024a/EL8-ice/software/HarfBuzz/9.0.0-GCCcore-13.3.0/include -I/rds/bear-apps/2024a/EL8-ice/software/Tk/8.6.14-GCCcore-13.3.0/include -I/rds/bear-apps/2024a/EL8-ice/software/cURL/8.7.1-GCCcore-13.3.0/include -I/rds/bear-apps/2024a/EL8-ice/software/OpenSSL/3/include -I/rds/bear-apps/2024a/EL8-ice/software/libgit2/1.8.1-GCCcore-13.3.0/include -I/rds/bear-apps/2024a/EL8-ice/software/Java/17.0.15/include -I/rds/bear-apps/2024a/EL8-ice/software/LibTIFF/4.6.0-GCCcore-13.3.0/include -I/rds/bear-apps/2024a/EL8-ice/software/libjpeg-turbo/3.0.1-GCCcore-13.3.0/include -I/rds/bear-apps/2024a/EL8-ice/software/libpng/1.6.43-GCCcore-13.3.0/include -I/rds/bear-apps/2024a/EL8-ice/software/PCRE2/10.43-GCCcore-13.3.0/include -I/rds/bear-apps/2024a/EL8-ice/software/SQLite/3.45.3-GCCcore-13.3.0/include -I/rds/bear-apps/2024a/EL8-ice/software/zlib/1.3.1-GCCcore-13.3.0/include -I/rds/bear-apps/2024a/EL8-ice/software/XZ/5.4.5-GCCcore-13.3.0/include -I/rds/bear-apps/2024a/EL8-ice/software/bzip2/1.0.8-GCCcore-13.3.0/include -I/rds/bear-apps/2024a/EL8-ice/software/ncurses/6.5-GCCcore-13.3.0/include -I/rds/bear-apps/2024a/EL8-ice/software/libreadline/8.2-GCCcore-13.3.0/include -I/rds/bear-apps/2024a/EL8-ice/software/cairo/1.18.0-GCCcore-13.3.0/include -I/rds/bear-apps/2024a/EL8-ice/software/libGLU/9.0.3-GCCcore-13.3.0/include -I/rds/bear-apps/2024a/EL8-ice/software/Mesa/24.1.3-GCCcore-13.3.0/include -I/rds/bear-apps/2024a/EL8-ice/software/X11/20240607-GCCcore-13.3.0/include -I/rds/bear-apps/2024a/EL8-ice/software/pkgconf/2.2.0-GCCcore-13.3.0/include -I/rds/bear-apps/2024a/EL8-ice/software/FFTW/3.3.10-GCC-13.3.0/include -I/rds/bear-apps/2024a/EL8-ice/software/FlexiBLAS/3.4.4-GCC-13.3.0/include -I/rds/bear-apps/2024a/EL8-ice/software/FlexiBLAS/3.4.4-GCC-13.3.0/include/flexiblas    -fpic  -O2 -ftree-vectorize -march=native -fno-math-errno  -c stream_salsa20.c -o stream_salsa20.o
gcc -std=gnu2x -I"/rds/bear-apps/2024a/EL8-ice/software/R/4.5.0-gfbf-2024a/lib64/R/include" -DNDEBUG -DMBEDTLS_AES_C -DMBEDTLS_ALLOW_PRIVATE_ACCESS -DMBEDTLS_PLATFORM_PRINTF_ALT -I.  -I/rds/bear-apps/2024a/EL8-ice/software/FriBidi/1.0.15-GCCcore-13.3.0/include -I/rds/bear-apps/2024a/EL8-ice/software/HarfBuzz/9.0.0-GCCcore-13.3.0/include -I/rds/bear-apps/2024a/EL8-ice/software/Tk/8.6.14-GCCcore-13.3.0/include -I/rds/bear-apps/2024a/EL8-ice/software/cURL/8.7.1-GCCcore-13.3.0/include -I/rds/bear-apps/2024a/EL8-ice/software/OpenSSL/3/include -I/rds/bear-apps/2024a/EL8-ice/software/libgit2/1.8.1-GCCcore-13.3.0/include -I/rds/bear-apps/2024a/EL8-ice/software/Java/17.0.15/include -I/rds/bear-apps/2024a/EL8-ice/software/LibTIFF/4.6.0-GCCcore-13.3.0/include -I/rds/bear-apps/2024a/EL8-ice/software/libjpeg-turbo/3.0.1-GCCcore-13.3.0/include -I/rds/bear-apps/2024a/EL8-ice/software/libpng/1.6.43-GCCcore-13.3.0/include -I/rds/bear-apps/2024a/EL8-ice/software/PCRE2/10.43-GCCcore-13.3.0/include -I/rds/bear-apps/2024a/EL8-ice/software/SQLite/3.45.3-GCCcore-13.3.0/include -I/rds/bear-apps/2024a/EL8-ice/software/zlib/1.3.1-GCCcore-13.3.0/include -I/rds/bear-apps/2024a/EL8-ice/software/XZ/5.4.5-GCCcore-13.3.0/include -I/rds/bear-apps/2024a/EL8-ice/software/bzip2/1.0.8-GCCcore-13.3.0/include -I/rds/bear-apps/2024a/EL8-ice/software/ncurses/6.5-GCCcore-13.3.0/include -I/rds/bear-apps/2024a/EL8-ice/software/libreadline/8.2-GCCcore-13.3.0/include -I/rds/bear-apps/2024a/EL8-ice/software/cairo/1.18.0-GCCcore-13.3.0/include -I/rds/bear-apps/2024a/EL8-ice/software/libGLU/9.0.3-GCCcore-13.3.0/include -I/rds/bear-apps/2024a/EL8-ice/software/Mesa/24.1.3-GCCcore-13.3.0/include -I/rds/bear-apps/2024a/EL8-ice/software/X11/20240607-GCCcore-13.3.0/include -I/rds/bear-apps/2024a/EL8-ice/software/pkgconf/2.2.0-GCCcore-13.3.0/include -I/rds/bear-apps/2024a/EL8-ice/software/FFTW/3.3.10-GCC-13.3.0/include -I/rds/bear-apps/2024a/EL8-ice/software/FlexiBLAS/3.4.4-GCC-13.3.0/include -I/rds/bear-apps/2024a/EL8-ice/software/FlexiBLAS/3.4.4-GCC-13.3.0/include/flexiblas    -fpic  -O2 -ftree-vectorize -march=native -fno-math-errno  -c verify.c -o verify.o
gcc -std=gnu2x -I"/rds/bear-apps/2024a/EL8-ice/software/R/4.5.0-gfbf-2024a/lib64/R/include" -DNDEBUG -DMBEDTLS_AES_C -DMBEDTLS_ALLOW_PRIVATE_ACCESS -DMBEDTLS_PLATFORM_PRINTF_ALT -I.  -I/rds/bear-apps/2024a/EL8-ice/software/FriBidi/1.0.15-GCCcore-13.3.0/include -I/rds/bear-apps/2024a/EL8-ice/software/HarfBuzz/9.0.0-GCCcore-13.3.0/include -I/rds/bear-apps/2024a/EL8-ice/software/Tk/8.6.14-GCCcore-13.3.0/include -I/rds/bear-apps/2024a/EL8-ice/software/cURL/8.7.1-GCCcore-13.3.0/include -I/rds/bear-apps/2024a/EL8-ice/software/OpenSSL/3/include -I/rds/bear-apps/2024a/EL8-ice/software/libgit2/1.8.1-GCCcore-13.3.0/include -I/rds/bear-apps/2024a/EL8-ice/software/Java/17.0.15/include -I/rds/bear-apps/2024a/EL8-ice/software/LibTIFF/4.6.0-GCCcore-13.3.0/include -I/rds/bear-apps/2024a/EL8-ice/software/libjpeg-turbo/3.0.1-GCCcore-13.3.0/include -I/rds/bear-apps/2024a/EL8-ice/software/libpng/1.6.43-GCCcore-13.3.0/include -I/rds/bear-apps/2024a/EL8-ice/software/PCRE2/10.43-GCCcore-13.3.0/include -I/rds/bear-apps/2024a/EL8-ice/software/SQLite/3.45.3-GCCcore-13.3.0/include -I/rds/bear-apps/2024a/EL8-ice/software/zlib/1.3.1-GCCcore-13.3.0/include -I/rds/bear-apps/2024a/EL8-ice/software/XZ/5.4.5-GCCcore-13.3.0/include -I/rds/bear-apps/2024a/EL8-ice/software/bzip2/1.0.8-GCCcore-13.3.0/include -I/rds/bear-apps/2024a/EL8-ice/software/ncurses/6.5-GCCcore-13.3.0/include -I/rds/bear-apps/2024a/EL8-ice/software/libreadline/8.2-GCCcore-13.3.0/include -I/rds/bear-apps/2024a/EL8-ice/software/cairo/1.18.0-GCCcore-13.3.0/include -I/rds/bear-apps/2024a/EL8-ice/software/libGLU/9.0.3-GCCcore-13.3.0/include -I/rds/bear-apps/2024a/EL8-ice/software/Mesa/24.1.3-GCCcore-13.3.0/include -I/rds/bear-apps/2024a/EL8-ice/software/X11/20240607-GCCcore-13.3.0/include -I/rds/bear-apps/2024a/EL8-ice/software/pkgconf/2.2.0-GCCcore-13.3.0/include -I/rds/bear-apps/2024a/EL8-ice/software/FFTW/3.3.10-GCC-13.3.0/include -I/rds/bear-apps/2024a/EL8-ice/software/FlexiBLAS/3.4.4-GCC-13.3.0/include -I/rds/bear-apps/2024a/EL8-ice/software/FlexiBLAS/3.4.4-GCC-13.3.0/include/flexiblas    -fpic  -O2 -ftree-vectorize -march=native -fno-math-errno  -c win-path.c -o win-path.o
gcc -std=gnu2x -shared -L/rds/bear-apps/2024a/EL8-ice/software/R/4.5.0-gfbf-2024a/lib64/R/lib -L/rds/bear-apps/2024a/EL8-ice/software/FriBidi/1.0.15-GCCcore-13.3.0/lib64 -L/rds/bear-apps/2024a/EL8-ice/software/FriBidi/1.0.15-GCCcore-13.3.0/lib -L/rds/bear-apps/2024a/EL8-ice/software/HarfBuzz/9.0.0-GCCcore-13.3.0/lib64 -L/rds/bear-apps/2024a/EL8-ice/software/HarfBuzz/9.0.0-GCCcore-13.3.0/lib -L/rds/bear-apps/2024a/EL8-ice/software/Tk/8.6.14-GCCcore-13.3.0/lib64 -L/rds/bear-apps/2024a/EL8-ice/software/Tk/8.6.14-GCCcore-13.3.0/lib -L/rds/bear-apps/2024a/EL8-ice/software/cURL/8.7.1-GCCcore-13.3.0/lib64 -L/rds/bear-apps/2024a/EL8-ice/software/cURL/8.7.1-GCCcore-13.3.0/lib -L/rds/bear-apps/2024a/EL8-ice/software/OpenSSL/3/lib64 -L/rds/bear-apps/2024a/EL8-ice/software/OpenSSL/3/lib -L/rds/bear-apps/2024a/EL8-ice/software/libgit2/1.8.1-GCCcore-13.3.0/lib64 -L/rds/bear-apps/2024a/EL8-ice/software/libgit2/1.8.1-GCCcore-13.3.0/lib -L/rds/bear-apps/2024a/EL8-ice/software/Java/17.0.15/lib64 -L/rds/bear-apps/2024a/EL8-ice/software/Java/17.0.15/lib -L/rds/bear-apps/2024a/EL8-ice/software/LibTIFF/4.6.0-GCCcore-13.3.0/lib64 -L/rds/bear-apps/2024a/EL8-ice/software/LibTIFF/4.6.0-GCCcore-13.3.0/lib -L/rds/bear-apps/2024a/EL8-ice/software/libjpeg-turbo/3.0.1-GCCcore-13.3.0/lib64 -L/rds/bear-apps/2024a/EL8-ice/software/libjpeg-turbo/3.0.1-GCCcore-13.3.0/lib -L/rds/bear-apps/2024a/EL8-ice/software/libpng/1.6.43-GCCcore-13.3.0/lib64 -L/rds/bear-apps/2024a/EL8-ice/software/libpng/1.6.43-GCCcore-13.3.0/lib -L/rds/bear-apps/2024a/EL8-ice/software/PCRE2/10.43-GCCcore-13.3.0/lib64 -L/rds/bear-apps/2024a/EL8-ice/software/PCRE2/10.43-GCCcore-13.3.0/lib -L/rds/bear-apps/2024a/EL8-ice/software/SQLite/3.45.3-GCCcore-13.3.0/lib64 -L/rds/bear-apps/2024a/EL8-ice/software/SQLite/3.45.3-GCCcore-13.3.0/lib -L/rds/bear-apps/2024a/EL8-ice/software/zlib/1.3.1-GCCcore-13.3.0/lib64 -L/rds/bear-apps/2024a/EL8-ice/software/zlib/1.3.1-GCCcore-13.3.0/lib -L/rds/bear-apps/2024a/EL8-ice/software/XZ/5.4.5-GCCcore-13.3.0/lib64 -L/rds/bear-apps/2024a/EL8-ice/software/XZ/5.4.5-GCCcore-13.3.0/lib -L/rds/bear-apps/2024a/EL8-ice/software/bzip2/1.0.8-GCCcore-13.3.0/lib64 -L/rds/bear-apps/2024a/EL8-ice/software/bzip2/1.0.8-GCCcore-13.3.0/lib -L/rds/bear-apps/2024a/EL8-ice/software/ncurses/6.5-GCCcore-13.3.0/lib64 -L/rds/bear-apps/2024a/EL8-ice/software/ncurses/6.5-GCCcore-13.3.0/lib -L/rds/bear-apps/2024a/EL8-ice/software/libreadline/8.2-GCCcore-13.3.0/lib64 -L/rds/bear-apps/2024a/EL8-ice/software/libreadline/8.2-GCCcore-13.3.0/lib -L/rds/bear-apps/2024a/EL8-ice/software/cairo/1.18.0-GCCcore-13.3.0/lib64 -L/rds/bear-apps/2024a/EL8-ice/software/cairo/1.18.0-GCCcore-13.3.0/lib -L/rds/bear-apps/2024a/EL8-ice/software/libGLU/9.0.3-GCCcore-13.3.0/lib64 -L/rds/bear-apps/2024a/EL8-ice/software/libGLU/9.0.3-GCCcore-13.3.0/lib -L/rds/bear-apps/2024a/EL8-ice/software/Mesa/24.1.3-GCCcore-13.3.0/lib64 -L/rds/bear-apps/2024a/EL8-ice/software/Mesa/24.1.3-GCCcore-13.3.0/lib -L/rds/bear-apps/2024a/EL8-ice/software/X11/20240607-GCCcore-13.3.0/lib64 -L/rds/bear-apps/2024a/EL8-ice/software/X11/20240607-GCCcore-13.3.0/lib -L/rds/bear-apps/2024a/EL8-ice/software/pkgconf/2.2.0-GCCcore-13.3.0/lib64 -L/rds/bear-apps/2024a/EL8-ice/software/pkgconf/2.2.0-GCCcore-13.3.0/lib -L/rds/bear-apps/2024a/EL8-ice/software/FFTW/3.3.10-GCC-13.3.0/lib64 -L/rds/bear-apps/2024a/EL8-ice/software/FFTW/3.3.10-GCC-13.3.0/lib -L/rds/bear-apps/2024a/EL8-ice/software/FlexiBLAS/3.4.4-GCC-13.3.0/lib64 -L/rds/bear-apps/2024a/EL8-ice/software/FlexiBLAS/3.4.4-GCC-13.3.0/lib -L/rds/bear-apps/2024a/EL8-ice/software/GCCcore/13.3.0/lib64 -L/rds/bear-apps/2024a/EL8-ice/software/GCCcore/13.3.0/lib -o keyring.so aes.o aesce.o aesni.o base64.o blake2b-compress-ref.o blake2b-ref.o core_hsalsa20_ref2.o core_salsa_ref.o crypto_generichash.o crypto_secretbox_easy.o generichash_blake2b.o init.o keyring_macos.o keyring_secret_service.o keyring_wincred.o onetimeauth_poly1305.o padlock.o platform_util.o poly1305_donna.o raes.o randombytes_sysrandom.o salsa20_ref.o sha256.o sodium-utils.o sodium.o stream_salsa20.o verify.o win-path.o -L/rds/bear-apps/2024a/EL8-ice/software/R/4.5.0-gfbf-2024a/lib64/R/lib -lR
make[1]: Leaving directory '/tmp/RtmpPnYWwF/R.INSTALLc12a8e00dd85/pak/src/library/keyring/src'
installing to /rds/homes/a/axv209/R/library/4.5.0/EL8-ice/00LOCK-pak/00new/pak/library/keyring/libs
installing via 'install.libs.R' to /rds/homes/a/axv209/R/library/4.5.0/EL8-ice/00LOCK-pak/00new/pak
** R
** inst
** byte-compile and prepare package for lazy loading
** help
*** installing help indices
*** copying figures
** building package indices
** testing if installed package can be loaded from temporary location
** checking absolute paths in shared objects and dynamic libraries
** testing if installed package can be loaded from final location
** testing if installed package keeps a record of temporary installation path
* DONE (pak)
* installing *source* package ‘rversions’ ...
** this is package ‘rversions’ version ‘3.0.0’
** package ‘rversions’ successfully unpacked and MD5 sums checked
** using staged installation
** R
** byte-compile and prepare package for lazy loading
** help
*** installing help indices
*** copying figures
** building package indices
** testing if installed package can be loaded from temporary location
** testing if installed package can be loaded from final location
** testing if installed package keeps a record of temporary installation path
* DONE (rversions)
* installing *source* package ‘gh’ ...
** this is package ‘gh’ version ‘1.6.1’
** package ‘gh’ successfully unpacked and MD5 sums checked
** using staged installation
** R
** inst
** byte-compile and prepare package for lazy loading
** help
*** installing help indices
*** copying figures
** building package indices
** installing vignettes
** testing if installed package can be loaded from temporary location
** testing if installed package can be loaded from final location
** testing if installed package keeps a record of temporary installation path
* DONE (gh)
* installing *source* package ‘waldo’ ...
** this is package ‘waldo’ version ‘0.6.2’
** package ‘waldo’ successfully unpacked and MD5 sums checked
** using staged installation
** R
** byte-compile and prepare package for lazy loading
** help
*** installing help indices
*** copying figures
** building package indices
** testing if installed package can be loaded from temporary location
** testing if installed package can be loaded from final location
** testing if installed package keeps a record of temporary installation path
* DONE (waldo)
* installing *source* package ‘pkgdown’ ...
** this is package ‘pkgdown’ version ‘2.2.1’
** package ‘pkgdown’ successfully unpacked and MD5 sums checked
** using staged installation
** R
** inst
** byte-compile and prepare package for lazy loading
** help
*** installing help indices
*** copying figures
** building package indices
** installing vignettes
** testing if installed package can be loaded from temporary location
** testing if installed package can be loaded from final location
** testing if installed package keeps a record of temporary installation path
* DONE (pkgdown)
* installing *source* package ‘pkgload’ ...
** this is package ‘pkgload’ version ‘1.5.3’
** package ‘pkgload’ successfully unpacked and MD5 sums checked
** using staged installation
** R
** inst
** byte-compile and prepare package for lazy loading
** help
*** installing help indices
** building package indices
** testing if installed package can be loaded from temporary location
** testing if installed package can be loaded from final location
** testing if installed package keeps a record of temporary installation path
* DONE (pkgload)
* installing *source* package ‘usethis’ ...
** this is package ‘usethis’ version ‘3.2.2’
** package ‘usethis’ successfully unpacked and MD5 sums checked
** using staged installation
** R
** inst
** byte-compile and prepare package for lazy loading
** help
*** installing help indices
*** copying figures
** building package indices
** testing if installed package can be loaded from temporary location
** testing if installed package can be loaded from final location
** testing if installed package keeps a record of temporary installation path
* DONE (usethis)
* installing *source* package ‘roxygen2’ ...
** this is package ‘roxygen2’ version ‘8.1.0’
** package ‘roxygen2’ successfully unpacked and MD5 sums checked
** using staged installation
** libs
using C++ compiler: ‘g++ (GCC) 13.3.0’
g++ -std=gnu++17 -I"/rds/bear-apps/2024a/EL8-ice/software/R/4.5.0-gfbf-2024a/lib64/R/include" -DNDEBUG  -I'/rds/homes/a/axv209/R/library/4.5.0/EL8-ice/cpp11/include' -I/rds/bear-apps/2024a/EL8-ice/software/FriBidi/1.0.15-GCCcore-13.3.0/include -I/rds/bear-apps/2024a/EL8-ice/software/HarfBuzz/9.0.0-GCCcore-13.3.0/include -I/rds/bear-apps/2024a/EL8-ice/software/Tk/8.6.14-GCCcore-13.3.0/include -I/rds/bear-apps/2024a/EL8-ice/software/cURL/8.7.1-GCCcore-13.3.0/include -I/rds/bear-apps/2024a/EL8-ice/software/OpenSSL/3/include -I/rds/bear-apps/2024a/EL8-ice/software/libgit2/1.8.1-GCCcore-13.3.0/include -I/rds/bear-apps/2024a/EL8-ice/software/Java/17.0.15/include -I/rds/bear-apps/2024a/EL8-ice/software/LibTIFF/4.6.0-GCCcore-13.3.0/include -I/rds/bear-apps/2024a/EL8-ice/software/libjpeg-turbo/3.0.1-GCCcore-13.3.0/include -I/rds/bear-apps/2024a/EL8-ice/software/libpng/1.6.43-GCCcore-13.3.0/include -I/rds/bear-apps/2024a/EL8-ice/software/PCRE2/10.43-GCCcore-13.3.0/include -I/rds/bear-apps/2024a/EL8-ice/software/SQLite/3.45.3-GCCcore-13.3.0/include -I/rds/bear-apps/2024a/EL8-ice/software/zlib/1.3.1-GCCcore-13.3.0/include -I/rds/bear-apps/2024a/EL8-ice/software/XZ/5.4.5-GCCcore-13.3.0/include -I/rds/bear-apps/2024a/EL8-ice/software/bzip2/1.0.8-GCCcore-13.3.0/include -I/rds/bear-apps/2024a/EL8-ice/software/ncurses/6.5-GCCcore-13.3.0/include -I/rds/bear-apps/2024a/EL8-ice/software/libreadline/8.2-GCCcore-13.3.0/include -I/rds/bear-apps/2024a/EL8-ice/software/cairo/1.18.0-GCCcore-13.3.0/include -I/rds/bear-apps/2024a/EL8-ice/software/libGLU/9.0.3-GCCcore-13.3.0/include -I/rds/bear-apps/2024a/EL8-ice/software/Mesa/24.1.3-GCCcore-13.3.0/include -I/rds/bear-apps/2024a/EL8-ice/software/X11/20240607-GCCcore-13.3.0/include -I/rds/bear-apps/2024a/EL8-ice/software/pkgconf/2.2.0-GCCcore-13.3.0/include -I/rds/bear-apps/2024a/EL8-ice/software/FFTW/3.3.10-GCC-13.3.0/include -I/rds/bear-apps/2024a/EL8-ice/software/FlexiBLAS/3.4.4-GCC-13.3.0/include -I/rds/bear-apps/2024a/EL8-ice/software/FlexiBLAS/3.4.4-GCC-13.3.0/include/flexiblas    -fpic  -O2 -ftree-vectorize -march=native -fno-math-errno   -c cpp11.cpp -o cpp11.o
g++ -std=gnu++17 -I"/rds/bear-apps/2024a/EL8-ice/software/R/4.5.0-gfbf-2024a/lib64/R/include" -DNDEBUG  -I'/rds/homes/a/axv209/R/library/4.5.0/EL8-ice/cpp11/include' -I/rds/bear-apps/2024a/EL8-ice/software/FriBidi/1.0.15-GCCcore-13.3.0/include -I/rds/bear-apps/2024a/EL8-ice/software/HarfBuzz/9.0.0-GCCcore-13.3.0/include -I/rds/bear-apps/2024a/EL8-ice/software/Tk/8.6.14-GCCcore-13.3.0/include -I/rds/bear-apps/2024a/EL8-ice/software/cURL/8.7.1-GCCcore-13.3.0/include -I/rds/bear-apps/2024a/EL8-ice/software/OpenSSL/3/include -I/rds/bear-apps/2024a/EL8-ice/software/libgit2/1.8.1-GCCcore-13.3.0/include -I/rds/bear-apps/2024a/EL8-ice/software/Java/17.0.15/include -I/rds/bear-apps/2024a/EL8-ice/software/LibTIFF/4.6.0-GCCcore-13.3.0/include -I/rds/bear-apps/2024a/EL8-ice/software/libjpeg-turbo/3.0.1-GCCcore-13.3.0/include -I/rds/bear-apps/2024a/EL8-ice/software/libpng/1.6.43-GCCcore-13.3.0/include -I/rds/bear-apps/2024a/EL8-ice/software/PCRE2/10.43-GCCcore-13.3.0/include -I/rds/bear-apps/2024a/EL8-ice/software/SQLite/3.45.3-GCCcore-13.3.0/include -I/rds/bear-apps/2024a/EL8-ice/software/zlib/1.3.1-GCCcore-13.3.0/include -I/rds/bear-apps/2024a/EL8-ice/software/XZ/5.4.5-GCCcore-13.3.0/include -I/rds/bear-apps/2024a/EL8-ice/software/bzip2/1.0.8-GCCcore-13.3.0/include -I/rds/bear-apps/2024a/EL8-ice/software/ncurses/6.5-GCCcore-13.3.0/include -I/rds/bear-apps/2024a/EL8-ice/software/libreadline/8.2-GCCcore-13.3.0/include -I/rds/bear-apps/2024a/EL8-ice/software/cairo/1.18.0-GCCcore-13.3.0/include -I/rds/bear-apps/2024a/EL8-ice/software/libGLU/9.0.3-GCCcore-13.3.0/include -I/rds/bear-apps/2024a/EL8-ice/software/Mesa/24.1.3-GCCcore-13.3.0/include -I/rds/bear-apps/2024a/EL8-ice/software/X11/20240607-GCCcore-13.3.0/include -I/rds/bear-apps/2024a/EL8-ice/software/pkgconf/2.2.0-GCCcore-13.3.0/include -I/rds/bear-apps/2024a/EL8-ice/software/FFTW/3.3.10-GCC-13.3.0/include -I/rds/bear-apps/2024a/EL8-ice/software/FlexiBLAS/3.4.4-GCC-13.3.0/include -I/rds/bear-apps/2024a/EL8-ice/software/FlexiBLAS/3.4.4-GCC-13.3.0/include/flexiblas    -fpic  -O2 -ftree-vectorize -march=native -fno-math-errno   -c escapeExamples.cpp -o escapeExamples.o
g++ -std=gnu++17 -I"/rds/bear-apps/2024a/EL8-ice/software/R/4.5.0-gfbf-2024a/lib64/R/include" -DNDEBUG  -I'/rds/homes/a/axv209/R/library/4.5.0/EL8-ice/cpp11/include' -I/rds/bear-apps/2024a/EL8-ice/software/FriBidi/1.0.15-GCCcore-13.3.0/include -I/rds/bear-apps/2024a/EL8-ice/software/HarfBuzz/9.0.0-GCCcore-13.3.0/include -I/rds/bear-apps/2024a/EL8-ice/software/Tk/8.6.14-GCCcore-13.3.0/include -I/rds/bear-apps/2024a/EL8-ice/software/cURL/8.7.1-GCCcore-13.3.0/include -I/rds/bear-apps/2024a/EL8-ice/software/OpenSSL/3/include -I/rds/bear-apps/2024a/EL8-ice/software/libgit2/1.8.1-GCCcore-13.3.0/include -I/rds/bear-apps/2024a/EL8-ice/software/Java/17.0.15/include -I/rds/bear-apps/2024a/EL8-ice/software/LibTIFF/4.6.0-GCCcore-13.3.0/include -I/rds/bear-apps/2024a/EL8-ice/software/libjpeg-turbo/3.0.1-GCCcore-13.3.0/include -I/rds/bear-apps/2024a/EL8-ice/software/libpng/1.6.43-GCCcore-13.3.0/include -I/rds/bear-apps/2024a/EL8-ice/software/PCRE2/10.43-GCCcore-13.3.0/include -I/rds/bear-apps/2024a/EL8-ice/software/SQLite/3.45.3-GCCcore-13.3.0/include -I/rds/bear-apps/2024a/EL8-ice/software/zlib/1.3.1-GCCcore-13.3.0/include -I/rds/bear-apps/2024a/EL8-ice/software/XZ/5.4.5-GCCcore-13.3.0/include -I/rds/bear-apps/2024a/EL8-ice/software/bzip2/1.0.8-GCCcore-13.3.0/include -I/rds/bear-apps/2024a/EL8-ice/software/ncurses/6.5-GCCcore-13.3.0/include -I/rds/bear-apps/2024a/EL8-ice/software/libreadline/8.2-GCCcore-13.3.0/include -I/rds/bear-apps/2024a/EL8-ice/software/cairo/1.18.0-GCCcore-13.3.0/include -I/rds/bear-apps/2024a/EL8-ice/software/libGLU/9.0.3-GCCcore-13.3.0/include -I/rds/bear-apps/2024a/EL8-ice/software/Mesa/24.1.3-GCCcore-13.3.0/include -I/rds/bear-apps/2024a/EL8-ice/software/X11/20240607-GCCcore-13.3.0/include -I/rds/bear-apps/2024a/EL8-ice/software/pkgconf/2.2.0-GCCcore-13.3.0/include -I/rds/bear-apps/2024a/EL8-ice/software/FFTW/3.3.10-GCC-13.3.0/include -I/rds/bear-apps/2024a/EL8-ice/software/FlexiBLAS/3.4.4-GCC-13.3.0/include -I/rds/bear-apps/2024a/EL8-ice/software/FlexiBLAS/3.4.4-GCC-13.3.0/include/flexiblas    -fpic  -O2 -ftree-vectorize -march=native -fno-math-errno   -c isComplete.cpp -o isComplete.o
g++ -std=gnu++17 -I"/rds/bear-apps/2024a/EL8-ice/software/R/4.5.0-gfbf-2024a/lib64/R/include" -DNDEBUG  -I'/rds/homes/a/axv209/R/library/4.5.0/EL8-ice/cpp11/include' -I/rds/bear-apps/2024a/EL8-ice/software/FriBidi/1.0.15-GCCcore-13.3.0/include -I/rds/bear-apps/2024a/EL8-ice/software/HarfBuzz/9.0.0-GCCcore-13.3.0/include -I/rds/bear-apps/2024a/EL8-ice/software/Tk/8.6.14-GCCcore-13.3.0/include -I/rds/bear-apps/2024a/EL8-ice/software/cURL/8.7.1-GCCcore-13.3.0/include -I/rds/bear-apps/2024a/EL8-ice/software/OpenSSL/3/include -I/rds/bear-apps/2024a/EL8-ice/software/libgit2/1.8.1-GCCcore-13.3.0/include -I/rds/bear-apps/2024a/EL8-ice/software/Java/17.0.15/include -I/rds/bear-apps/2024a/EL8-ice/software/LibTIFF/4.6.0-GCCcore-13.3.0/include -I/rds/bear-apps/2024a/EL8-ice/software/libjpeg-turbo/3.0.1-GCCcore-13.3.0/include -I/rds/bear-apps/2024a/EL8-ice/software/libpng/1.6.43-GCCcore-13.3.0/include -I/rds/bear-apps/2024a/EL8-ice/software/PCRE2/10.43-GCCcore-13.3.0/include -I/rds/bear-apps/2024a/EL8-ice/software/SQLite/3.45.3-GCCcore-13.3.0/include -I/rds/bear-apps/2024a/EL8-ice/software/zlib/1.3.1-GCCcore-13.3.0/include -I/rds/bear-apps/2024a/EL8-ice/software/XZ/5.4.5-GCCcore-13.3.0/include -I/rds/bear-apps/2024a/EL8-ice/software/bzip2/1.0.8-GCCcore-13.3.0/include -I/rds/bear-apps/2024a/EL8-ice/software/ncurses/6.5-GCCcore-13.3.0/include -I/rds/bear-apps/2024a/EL8-ice/software/libreadline/8.2-GCCcore-13.3.0/include -I/rds/bear-apps/2024a/EL8-ice/software/cairo/1.18.0-GCCcore-13.3.0/include -I/rds/bear-apps/2024a/EL8-ice/software/libGLU/9.0.3-GCCcore-13.3.0/include -I/rds/bear-apps/2024a/EL8-ice/software/Mesa/24.1.3-GCCcore-13.3.0/include -I/rds/bear-apps/2024a/EL8-ice/software/X11/20240607-GCCcore-13.3.0/include -I/rds/bear-apps/2024a/EL8-ice/software/pkgconf/2.2.0-GCCcore-13.3.0/include -I/rds/bear-apps/2024a/EL8-ice/software/FFTW/3.3.10-GCC-13.3.0/include -I/rds/bear-apps/2024a/EL8-ice/software/FlexiBLAS/3.4.4-GCC-13.3.0/include -I/rds/bear-apps/2024a/EL8-ice/software/FlexiBLAS/3.4.4-GCC-13.3.0/include/flexiblas    -fpic  -O2 -ftree-vectorize -march=native -fno-math-errno   -c leadingSpaces.cpp -o leadingSpaces.o
g++ -std=gnu++17 -I"/rds/bear-apps/2024a/EL8-ice/software/R/4.5.0-gfbf-2024a/lib64/R/include" -DNDEBUG  -I'/rds/homes/a/axv209/R/library/4.5.0/EL8-ice/cpp11/include' -I/rds/bear-apps/2024a/EL8-ice/software/FriBidi/1.0.15-GCCcore-13.3.0/include -I/rds/bear-apps/2024a/EL8-ice/software/HarfBuzz/9.0.0-GCCcore-13.3.0/include -I/rds/bear-apps/2024a/EL8-ice/software/Tk/8.6.14-GCCcore-13.3.0/include -I/rds/bear-apps/2024a/EL8-ice/software/cURL/8.7.1-GCCcore-13.3.0/include -I/rds/bear-apps/2024a/EL8-ice/software/OpenSSL/3/include -I/rds/bear-apps/2024a/EL8-ice/software/libgit2/1.8.1-GCCcore-13.3.0/include -I/rds/bear-apps/2024a/EL8-ice/software/Java/17.0.15/include -I/rds/bear-apps/2024a/EL8-ice/software/LibTIFF/4.6.0-GCCcore-13.3.0/include -I/rds/bear-apps/2024a/EL8-ice/software/libjpeg-turbo/3.0.1-GCCcore-13.3.0/include -I/rds/bear-apps/2024a/EL8-ice/software/libpng/1.6.43-GCCcore-13.3.0/include -I/rds/bear-apps/2024a/EL8-ice/software/PCRE2/10.43-GCCcore-13.3.0/include -I/rds/bear-apps/2024a/EL8-ice/software/SQLite/3.45.3-GCCcore-13.3.0/include -I/rds/bear-apps/2024a/EL8-ice/software/zlib/1.3.1-GCCcore-13.3.0/include -I/rds/bear-apps/2024a/EL8-ice/software/XZ/5.4.5-GCCcore-13.3.0/include -I/rds/bear-apps/2024a/EL8-ice/software/bzip2/1.0.8-GCCcore-13.3.0/include -I/rds/bear-apps/2024a/EL8-ice/software/ncurses/6.5-GCCcore-13.3.0/include -I/rds/bear-apps/2024a/EL8-ice/software/libreadline/8.2-GCCcore-13.3.0/include -I/rds/bear-apps/2024a/EL8-ice/software/cairo/1.18.0-GCCcore-13.3.0/include -I/rds/bear-apps/2024a/EL8-ice/software/libGLU/9.0.3-GCCcore-13.3.0/include -I/rds/bear-apps/2024a/EL8-ice/software/Mesa/24.1.3-GCCcore-13.3.0/include -I/rds/bear-apps/2024a/EL8-ice/software/X11/20240607-GCCcore-13.3.0/include -I/rds/bear-apps/2024a/EL8-ice/software/pkgconf/2.2.0-GCCcore-13.3.0/include -I/rds/bear-apps/2024a/EL8-ice/software/FFTW/3.3.10-GCC-13.3.0/include -I/rds/bear-apps/2024a/EL8-ice/software/FlexiBLAS/3.4.4-GCC-13.3.0/include -I/rds/bear-apps/2024a/EL8-ice/software/FlexiBLAS/3.4.4-GCC-13.3.0/include/flexiblas    -fpic  -O2 -ftree-vectorize -march=native -fno-math-errno   -c parser2.cpp -o parser2.o
g++ -std=gnu++17 -I"/rds/bear-apps/2024a/EL8-ice/software/R/4.5.0-gfbf-2024a/lib64/R/include" -DNDEBUG  -I'/rds/homes/a/axv209/R/library/4.5.0/EL8-ice/cpp11/include' -I/rds/bear-apps/2024a/EL8-ice/software/FriBidi/1.0.15-GCCcore-13.3.0/include -I/rds/bear-apps/2024a/EL8-ice/software/HarfBuzz/9.0.0-GCCcore-13.3.0/include -I/rds/bear-apps/2024a/EL8-ice/software/Tk/8.6.14-GCCcore-13.3.0/include -I/rds/bear-apps/2024a/EL8-ice/software/cURL/8.7.1-GCCcore-13.3.0/include -I/rds/bear-apps/2024a/EL8-ice/software/OpenSSL/3/include -I/rds/bear-apps/2024a/EL8-ice/software/libgit2/1.8.1-GCCcore-13.3.0/include -I/rds/bear-apps/2024a/EL8-ice/software/Java/17.0.15/include -I/rds/bear-apps/2024a/EL8-ice/software/LibTIFF/4.6.0-GCCcore-13.3.0/include -I/rds/bear-apps/2024a/EL8-ice/software/libjpeg-turbo/3.0.1-GCCcore-13.3.0/include -I/rds/bear-apps/2024a/EL8-ice/software/libpng/1.6.43-GCCcore-13.3.0/include -I/rds/bear-apps/2024a/EL8-ice/software/PCRE2/10.43-GCCcore-13.3.0/include -I/rds/bear-apps/2024a/EL8-ice/software/SQLite/3.45.3-GCCcore-13.3.0/include -I/rds/bear-apps/2024a/EL8-ice/software/zlib/1.3.1-GCCcore-13.3.0/include -I/rds/bear-apps/2024a/EL8-ice/software/XZ/5.4.5-GCCcore-13.3.0/include -I/rds/bear-apps/2024a/EL8-ice/software/bzip2/1.0.8-GCCcore-13.3.0/include -I/rds/bear-apps/2024a/EL8-ice/software/ncurses/6.5-GCCcore-13.3.0/include -I/rds/bear-apps/2024a/EL8-ice/software/libreadline/8.2-GCCcore-13.3.0/include -I/rds/bear-apps/2024a/EL8-ice/software/cairo/1.18.0-GCCcore-13.3.0/include -I/rds/bear-apps/2024a/EL8-ice/software/libGLU/9.0.3-GCCcore-13.3.0/include -I/rds/bear-apps/2024a/EL8-ice/software/Mesa/24.1.3-GCCcore-13.3.0/include -I/rds/bear-apps/2024a/EL8-ice/software/X11/20240607-GCCcore-13.3.0/include -I/rds/bear-apps/2024a/EL8-ice/software/pkgconf/2.2.0-GCCcore-13.3.0/include -I/rds/bear-apps/2024a/EL8-ice/software/FFTW/3.3.10-GCC-13.3.0/include -I/rds/bear-apps/2024a/EL8-ice/software/FlexiBLAS/3.4.4-GCC-13.3.0/include -I/rds/bear-apps/2024a/EL8-ice/software/FlexiBLAS/3.4.4-GCC-13.3.0/include/flexiblas    -fpic  -O2 -ftree-vectorize -march=native -fno-math-errno   -c wrapUsage.cpp -o wrapUsage.o
g++ -std=gnu++17 -shared -L/rds/bear-apps/2024a/EL8-ice/software/R/4.5.0-gfbf-2024a/lib64/R/lib -L/rds/bear-apps/2024a/EL8-ice/software/FriBidi/1.0.15-GCCcore-13.3.0/lib64 -L/rds/bear-apps/2024a/EL8-ice/software/FriBidi/1.0.15-GCCcore-13.3.0/lib -L/rds/bear-apps/2024a/EL8-ice/software/HarfBuzz/9.0.0-GCCcore-13.3.0/lib64 -L/rds/bear-apps/2024a/EL8-ice/software/HarfBuzz/9.0.0-GCCcore-13.3.0/lib -L/rds/bear-apps/2024a/EL8-ice/software/Tk/8.6.14-GCCcore-13.3.0/lib64 -L/rds/bear-apps/2024a/EL8-ice/software/Tk/8.6.14-GCCcore-13.3.0/lib -L/rds/bear-apps/2024a/EL8-ice/software/cURL/8.7.1-GCCcore-13.3.0/lib64 -L/rds/bear-apps/2024a/EL8-ice/software/cURL/8.7.1-GCCcore-13.3.0/lib -L/rds/bear-apps/2024a/EL8-ice/software/OpenSSL/3/lib64 -L/rds/bear-apps/2024a/EL8-ice/software/OpenSSL/3/lib -L/rds/bear-apps/2024a/EL8-ice/software/libgit2/1.8.1-GCCcore-13.3.0/lib64 -L/rds/bear-apps/2024a/EL8-ice/software/libgit2/1.8.1-GCCcore-13.3.0/lib -L/rds/bear-apps/2024a/EL8-ice/software/Java/17.0.15/lib64 -L/rds/bear-apps/2024a/EL8-ice/software/Java/17.0.15/lib -L/rds/bear-apps/2024a/EL8-ice/software/LibTIFF/4.6.0-GCCcore-13.3.0/lib64 -L/rds/bear-apps/2024a/EL8-ice/software/LibTIFF/4.6.0-GCCcore-13.3.0/lib -L/rds/bear-apps/2024a/EL8-ice/software/libjpeg-turbo/3.0.1-GCCcore-13.3.0/lib64 -L/rds/bear-apps/2024a/EL8-ice/software/libjpeg-turbo/3.0.1-GCCcore-13.3.0/lib -L/rds/bear-apps/2024a/EL8-ice/software/libpng/1.6.43-GCCcore-13.3.0/lib64 -L/rds/bear-apps/2024a/EL8-ice/software/libpng/1.6.43-GCCcore-13.3.0/lib -L/rds/bear-apps/2024a/EL8-ice/software/PCRE2/10.43-GCCcore-13.3.0/lib64 -L/rds/bear-apps/2024a/EL8-ice/software/PCRE2/10.43-GCCcore-13.3.0/lib -L/rds/bear-apps/2024a/EL8-ice/software/SQLite/3.45.3-GCCcore-13.3.0/lib64 -L/rds/bear-apps/2024a/EL8-ice/software/SQLite/3.45.3-GCCcore-13.3.0/lib -L/rds/bear-apps/2024a/EL8-ice/software/zlib/1.3.1-GCCcore-13.3.0/lib64 -L/rds/bear-apps/2024a/EL8-ice/software/zlib/1.3.1-GCCcore-13.3.0/lib -L/rds/bear-apps/2024a/EL8-ice/software/XZ/5.4.5-GCCcore-13.3.0/lib64 -L/rds/bear-apps/2024a/EL8-ice/software/XZ/5.4.5-GCCcore-13.3.0/lib -L/rds/bear-apps/2024a/EL8-ice/software/bzip2/1.0.8-GCCcore-13.3.0/lib64 -L/rds/bear-apps/2024a/EL8-ice/software/bzip2/1.0.8-GCCcore-13.3.0/lib -L/rds/bear-apps/2024a/EL8-ice/software/ncurses/6.5-GCCcore-13.3.0/lib64 -L/rds/bear-apps/2024a/EL8-ice/software/ncurses/6.5-GCCcore-13.3.0/lib -L/rds/bear-apps/2024a/EL8-ice/software/libreadline/8.2-GCCcore-13.3.0/lib64 -L/rds/bear-apps/2024a/EL8-ice/software/libreadline/8.2-GCCcore-13.3.0/lib -L/rds/bear-apps/2024a/EL8-ice/software/cairo/1.18.0-GCCcore-13.3.0/lib64 -L/rds/bear-apps/2024a/EL8-ice/software/cairo/1.18.0-GCCcore-13.3.0/lib -L/rds/bear-apps/2024a/EL8-ice/software/libGLU/9.0.3-GCCcore-13.3.0/lib64 -L/rds/bear-apps/2024a/EL8-ice/software/libGLU/9.0.3-GCCcore-13.3.0/lib -L/rds/bear-apps/2024a/EL8-ice/software/Mesa/24.1.3-GCCcore-13.3.0/lib64 -L/rds/bear-apps/2024a/EL8-ice/software/Mesa/24.1.3-GCCcore-13.3.0/lib -L/rds/bear-apps/2024a/EL8-ice/software/X11/20240607-GCCcore-13.3.0/lib64 -L/rds/bear-apps/2024a/EL8-ice/software/X11/20240607-GCCcore-13.3.0/lib -L/rds/bear-apps/2024a/EL8-ice/software/pkgconf/2.2.0-GCCcore-13.3.0/lib64 -L/rds/bear-apps/2024a/EL8-ice/software/pkgconf/2.2.0-GCCcore-13.3.0/lib -L/rds/bear-apps/2024a/EL8-ice/software/FFTW/3.3.10-GCC-13.3.0/lib64 -L/rds/bear-apps/2024a/EL8-ice/software/FFTW/3.3.10-GCC-13.3.0/lib -L/rds/bear-apps/2024a/EL8-ice/software/FlexiBLAS/3.4.4-GCC-13.3.0/lib64 -L/rds/bear-apps/2024a/EL8-ice/software/FlexiBLAS/3.4.4-GCC-13.3.0/lib -L/rds/bear-apps/2024a/EL8-ice/software/GCCcore/13.3.0/lib64 -L/rds/bear-apps/2024a/EL8-ice/software/GCCcore/13.3.0/lib -o roxygen2.so cpp11.o escapeExamples.o isComplete.o leadingSpaces.o parser2.o wrapUsage.o -L/rds/bear-apps/2024a/EL8-ice/software/R/4.5.0-gfbf-2024a/lib64/R/lib -lR
installing to /rds/homes/a/axv209/R/library/4.5.0/EL8-ice/00LOCK-roxygen2/00new/roxygen2/libs
** R
** inst
** byte-compile and prepare package for lazy loading
** help
*** installing help indices
*** copying figures
** building package indices
** installing vignettes
** testing if installed package can be loaded from temporary location
** checking absolute paths in shared objects and dynamic libraries
** testing if installed package can be loaded from final location
** testing if installed package keeps a record of temporary installation path
* DONE (roxygen2)
* installing *source* package ‘testthat’ ...
** this is package ‘testthat’ version ‘3.3.2’
** package ‘testthat’ successfully unpacked and MD5 sums checked
** using staged installation
** libs
using C compiler: ‘gcc (GCC) 13.3.0’
using C++ compiler: ‘g++ (GCC) 13.3.0’
gcc -std=gnu2x -I"/rds/bear-apps/2024a/EL8-ice/software/R/4.5.0-gfbf-2024a/lib64/R/include" -DNDEBUG -I../inst/include -DCOMPILING_TESTTHAT  -I/rds/bear-apps/2024a/EL8-ice/software/FriBidi/1.0.15-GCCcore-13.3.0/include -I/rds/bear-apps/2024a/EL8-ice/software/HarfBuzz/9.0.0-GCCcore-13.3.0/include -I/rds/bear-apps/2024a/EL8-ice/software/Tk/8.6.14-GCCcore-13.3.0/include -I/rds/bear-apps/2024a/EL8-ice/software/cURL/8.7.1-GCCcore-13.3.0/include -I/rds/bear-apps/2024a/EL8-ice/software/OpenSSL/3/include -I/rds/bear-apps/2024a/EL8-ice/software/libgit2/1.8.1-GCCcore-13.3.0/include -I/rds/bear-apps/2024a/EL8-ice/software/Java/17.0.15/include -I/rds/bear-apps/2024a/EL8-ice/software/LibTIFF/4.6.0-GCCcore-13.3.0/include -I/rds/bear-apps/2024a/EL8-ice/software/libjpeg-turbo/3.0.1-GCCcore-13.3.0/include -I/rds/bear-apps/2024a/EL8-ice/software/libpng/1.6.43-GCCcore-13.3.0/include -I/rds/bear-apps/2024a/EL8-ice/software/PCRE2/10.43-GCCcore-13.3.0/include -I/rds/bear-apps/2024a/EL8-ice/software/SQLite/3.45.3-GCCcore-13.3.0/include -I/rds/bear-apps/2024a/EL8-ice/software/zlib/1.3.1-GCCcore-13.3.0/include -I/rds/bear-apps/2024a/EL8-ice/software/XZ/5.4.5-GCCcore-13.3.0/include -I/rds/bear-apps/2024a/EL8-ice/software/bzip2/1.0.8-GCCcore-13.3.0/include -I/rds/bear-apps/2024a/EL8-ice/software/ncurses/6.5-GCCcore-13.3.0/include -I/rds/bear-apps/2024a/EL8-ice/software/libreadline/8.2-GCCcore-13.3.0/include -I/rds/bear-apps/2024a/EL8-ice/software/cairo/1.18.0-GCCcore-13.3.0/include -I/rds/bear-apps/2024a/EL8-ice/software/libGLU/9.0.3-GCCcore-13.3.0/include -I/rds/bear-apps/2024a/EL8-ice/software/Mesa/24.1.3-GCCcore-13.3.0/include -I/rds/bear-apps/2024a/EL8-ice/software/X11/20240607-GCCcore-13.3.0/include -I/rds/bear-apps/2024a/EL8-ice/software/pkgconf/2.2.0-GCCcore-13.3.0/include -I/rds/bear-apps/2024a/EL8-ice/software/FFTW/3.3.10-GCC-13.3.0/include -I/rds/bear-apps/2024a/EL8-ice/software/FlexiBLAS/3.4.4-GCC-13.3.0/include -I/rds/bear-apps/2024a/EL8-ice/software/FlexiBLAS/3.4.4-GCC-13.3.0/include/flexiblas    -fpic  -O2 -ftree-vectorize -march=native -fno-math-errno  -c init.c -o init.o
g++ -std=gnu++17 -I"/rds/bear-apps/2024a/EL8-ice/software/R/4.5.0-gfbf-2024a/lib64/R/include" -DNDEBUG -I../inst/include -DCOMPILING_TESTTHAT  -I/rds/bear-apps/2024a/EL8-ice/software/FriBidi/1.0.15-GCCcore-13.3.0/include -I/rds/bear-apps/2024a/EL8-ice/software/HarfBuzz/9.0.0-GCCcore-13.3.0/include -I/rds/bear-apps/2024a/EL8-ice/software/Tk/8.6.14-GCCcore-13.3.0/include -I/rds/bear-apps/2024a/EL8-ice/software/cURL/8.7.1-GCCcore-13.3.0/include -I/rds/bear-apps/2024a/EL8-ice/software/OpenSSL/3/include -I/rds/bear-apps/2024a/EL8-ice/software/libgit2/1.8.1-GCCcore-13.3.0/include -I/rds/bear-apps/2024a/EL8-ice/software/Java/17.0.15/include -I/rds/bear-apps/2024a/EL8-ice/software/LibTIFF/4.6.0-GCCcore-13.3.0/include -I/rds/bear-apps/2024a/EL8-ice/software/libjpeg-turbo/3.0.1-GCCcore-13.3.0/include -I/rds/bear-apps/2024a/EL8-ice/software/libpng/1.6.43-GCCcore-13.3.0/include -I/rds/bear-apps/2024a/EL8-ice/software/PCRE2/10.43-GCCcore-13.3.0/include -I/rds/bear-apps/2024a/EL8-ice/software/SQLite/3.45.3-GCCcore-13.3.0/include -I/rds/bear-apps/2024a/EL8-ice/software/zlib/1.3.1-GCCcore-13.3.0/include -I/rds/bear-apps/2024a/EL8-ice/software/XZ/5.4.5-GCCcore-13.3.0/include -I/rds/bear-apps/2024a/EL8-ice/software/bzip2/1.0.8-GCCcore-13.3.0/include -I/rds/bear-apps/2024a/EL8-ice/software/ncurses/6.5-GCCcore-13.3.0/include -I/rds/bear-apps/2024a/EL8-ice/software/libreadline/8.2-GCCcore-13.3.0/include -I/rds/bear-apps/2024a/EL8-ice/software/cairo/1.18.0-GCCcore-13.3.0/include -I/rds/bear-apps/2024a/EL8-ice/software/libGLU/9.0.3-GCCcore-13.3.0/include -I/rds/bear-apps/2024a/EL8-ice/software/Mesa/24.1.3-GCCcore-13.3.0/include -I/rds/bear-apps/2024a/EL8-ice/software/X11/20240607-GCCcore-13.3.0/include -I/rds/bear-apps/2024a/EL8-ice/software/pkgconf/2.2.0-GCCcore-13.3.0/include -I/rds/bear-apps/2024a/EL8-ice/software/FFTW/3.3.10-GCC-13.3.0/include -I/rds/bear-apps/2024a/EL8-ice/software/FlexiBLAS/3.4.4-GCC-13.3.0/include -I/rds/bear-apps/2024a/EL8-ice/software/FlexiBLAS/3.4.4-GCC-13.3.0/include/flexiblas    -fpic  -O2 -ftree-vectorize -march=native -fno-math-errno   -c test-catch.cpp -o test-catch.o
g++ -std=gnu++17 -I"/rds/bear-apps/2024a/EL8-ice/software/R/4.5.0-gfbf-2024a/lib64/R/include" -DNDEBUG -I../inst/include -DCOMPILING_TESTTHAT  -I/rds/bear-apps/2024a/EL8-ice/software/FriBidi/1.0.15-GCCcore-13.3.0/include -I/rds/bear-apps/2024a/EL8-ice/software/HarfBuzz/9.0.0-GCCcore-13.3.0/include -I/rds/bear-apps/2024a/EL8-ice/software/Tk/8.6.14-GCCcore-13.3.0/include -I/rds/bear-apps/2024a/EL8-ice/software/cURL/8.7.1-GCCcore-13.3.0/include -I/rds/bear-apps/2024a/EL8-ice/software/OpenSSL/3/include -I/rds/bear-apps/2024a/EL8-ice/software/libgit2/1.8.1-GCCcore-13.3.0/include -I/rds/bear-apps/2024a/EL8-ice/software/Java/17.0.15/include -I/rds/bear-apps/2024a/EL8-ice/software/LibTIFF/4.6.0-GCCcore-13.3.0/include -I/rds/bear-apps/2024a/EL8-ice/software/libjpeg-turbo/3.0.1-GCCcore-13.3.0/include -I/rds/bear-apps/2024a/EL8-ice/software/libpng/1.6.43-GCCcore-13.3.0/include -I/rds/bear-apps/2024a/EL8-ice/software/PCRE2/10.43-GCCcore-13.3.0/include -I/rds/bear-apps/2024a/EL8-ice/software/SQLite/3.45.3-GCCcore-13.3.0/include -I/rds/bear-apps/2024a/EL8-ice/software/zlib/1.3.1-GCCcore-13.3.0/include -I/rds/bear-apps/2024a/EL8-ice/software/XZ/5.4.5-GCCcore-13.3.0/include -I/rds/bear-apps/2024a/EL8-ice/software/bzip2/1.0.8-GCCcore-13.3.0/include -I/rds/bear-apps/2024a/EL8-ice/software/ncurses/6.5-GCCcore-13.3.0/include -I/rds/bear-apps/2024a/EL8-ice/software/libreadline/8.2-GCCcore-13.3.0/include -I/rds/bear-apps/2024a/EL8-ice/software/cairo/1.18.0-GCCcore-13.3.0/include -I/rds/bear-apps/2024a/EL8-ice/software/libGLU/9.0.3-GCCcore-13.3.0/include -I/rds/bear-apps/2024a/EL8-ice/software/Mesa/24.1.3-GCCcore-13.3.0/include -I/rds/bear-apps/2024a/EL8-ice/software/X11/20240607-GCCcore-13.3.0/include -I/rds/bear-apps/2024a/EL8-ice/software/pkgconf/2.2.0-GCCcore-13.3.0/include -I/rds/bear-apps/2024a/EL8-ice/software/FFTW/3.3.10-GCC-13.3.0/include -I/rds/bear-apps/2024a/EL8-ice/software/FlexiBLAS/3.4.4-GCC-13.3.0/include -I/rds/bear-apps/2024a/EL8-ice/software/FlexiBLAS/3.4.4-GCC-13.3.0/include/flexiblas    -fpic  -O2 -ftree-vectorize -march=native -fno-math-errno   -c test-example.cpp -o test-example.o
g++ -std=gnu++17 -I"/rds/bear-apps/2024a/EL8-ice/software/R/4.5.0-gfbf-2024a/lib64/R/include" -DNDEBUG -I../inst/include -DCOMPILING_TESTTHAT  -I/rds/bear-apps/2024a/EL8-ice/software/FriBidi/1.0.15-GCCcore-13.3.0/include -I/rds/bear-apps/2024a/EL8-ice/software/HarfBuzz/9.0.0-GCCcore-13.3.0/include -I/rds/bear-apps/2024a/EL8-ice/software/Tk/8.6.14-GCCcore-13.3.0/include -I/rds/bear-apps/2024a/EL8-ice/software/cURL/8.7.1-GCCcore-13.3.0/include -I/rds/bear-apps/2024a/EL8-ice/software/OpenSSL/3/include -I/rds/bear-apps/2024a/EL8-ice/software/libgit2/1.8.1-GCCcore-13.3.0/include -I/rds/bear-apps/2024a/EL8-ice/software/Java/17.0.15/include -I/rds/bear-apps/2024a/EL8-ice/software/LibTIFF/4.6.0-GCCcore-13.3.0/include -I/rds/bear-apps/2024a/EL8-ice/software/libjpeg-turbo/3.0.1-GCCcore-13.3.0/include -I/rds/bear-apps/2024a/EL8-ice/software/libpng/1.6.43-GCCcore-13.3.0/include -I/rds/bear-apps/2024a/EL8-ice/software/PCRE2/10.43-GCCcore-13.3.0/include -I/rds/bear-apps/2024a/EL8-ice/software/SQLite/3.45.3-GCCcore-13.3.0/include -I/rds/bear-apps/2024a/EL8-ice/software/zlib/1.3.1-GCCcore-13.3.0/include -I/rds/bear-apps/2024a/EL8-ice/software/XZ/5.4.5-GCCcore-13.3.0/include -I/rds/bear-apps/2024a/EL8-ice/software/bzip2/1.0.8-GCCcore-13.3.0/include -I/rds/bear-apps/2024a/EL8-ice/software/ncurses/6.5-GCCcore-13.3.0/include -I/rds/bear-apps/2024a/EL8-ice/software/libreadline/8.2-GCCcore-13.3.0/include -I/rds/bear-apps/2024a/EL8-ice/software/cairo/1.18.0-GCCcore-13.3.0/include -I/rds/bear-apps/2024a/EL8-ice/software/libGLU/9.0.3-GCCcore-13.3.0/include -I/rds/bear-apps/2024a/EL8-ice/software/Mesa/24.1.3-GCCcore-13.3.0/include -I/rds/bear-apps/2024a/EL8-ice/software/X11/20240607-GCCcore-13.3.0/include -I/rds/bear-apps/2024a/EL8-ice/software/pkgconf/2.2.0-GCCcore-13.3.0/include -I/rds/bear-apps/2024a/EL8-ice/software/FFTW/3.3.10-GCC-13.3.0/include -I/rds/bear-apps/2024a/EL8-ice/software/FlexiBLAS/3.4.4-GCC-13.3.0/include -I/rds/bear-apps/2024a/EL8-ice/software/FlexiBLAS/3.4.4-GCC-13.3.0/include/flexiblas    -fpic  -O2 -ftree-vectorize -march=native -fno-math-errno   -c test-runner.cpp -o test-runner.o
g++ -std=gnu++17 -shared -L/rds/bear-apps/2024a/EL8-ice/software/R/4.5.0-gfbf-2024a/lib64/R/lib -L/rds/bear-apps/2024a/EL8-ice/software/FriBidi/1.0.15-GCCcore-13.3.0/lib64 -L/rds/bear-apps/2024a/EL8-ice/software/FriBidi/1.0.15-GCCcore-13.3.0/lib -L/rds/bear-apps/2024a/EL8-ice/software/HarfBuzz/9.0.0-GCCcore-13.3.0/lib64 -L/rds/bear-apps/2024a/EL8-ice/software/HarfBuzz/9.0.0-GCCcore-13.3.0/lib -L/rds/bear-apps/2024a/EL8-ice/software/Tk/8.6.14-GCCcore-13.3.0/lib64 -L/rds/bear-apps/2024a/EL8-ice/software/Tk/8.6.14-GCCcore-13.3.0/lib -L/rds/bear-apps/2024a/EL8-ice/software/cURL/8.7.1-GCCcore-13.3.0/lib64 -L/rds/bear-apps/2024a/EL8-ice/software/cURL/8.7.1-GCCcore-13.3.0/lib -L/rds/bear-apps/2024a/EL8-ice/software/OpenSSL/3/lib64 -L/rds/bear-apps/2024a/EL8-ice/software/OpenSSL/3/lib -L/rds/bear-apps/2024a/EL8-ice/software/libgit2/1.8.1-GCCcore-13.3.0/lib64 -L/rds/bear-apps/2024a/EL8-ice/software/libgit2/1.8.1-GCCcore-13.3.0/lib -L/rds/bear-apps/2024a/EL8-ice/software/Java/17.0.15/lib64 -L/rds/bear-apps/2024a/EL8-ice/software/Java/17.0.15/lib -L/rds/bear-apps/2024a/EL8-ice/software/LibTIFF/4.6.0-GCCcore-13.3.0/lib64 -L/rds/bear-apps/2024a/EL8-ice/software/LibTIFF/4.6.0-GCCcore-13.3.0/lib -L/rds/bear-apps/2024a/EL8-ice/software/libjpeg-turbo/3.0.1-GCCcore-13.3.0/lib64 -L/rds/bear-apps/2024a/EL8-ice/software/libjpeg-turbo/3.0.1-GCCcore-13.3.0/lib -L/rds/bear-apps/2024a/EL8-ice/software/libpng/1.6.43-GCCcore-13.3.0/lib64 -L/rds/bear-apps/2024a/EL8-ice/software/libpng/1.6.43-GCCcore-13.3.0/lib -L/rds/bear-apps/2024a/EL8-ice/software/PCRE2/10.43-GCCcore-13.3.0/lib64 -L/rds/bear-apps/2024a/EL8-ice/software/PCRE2/10.43-GCCcore-13.3.0/lib -L/rds/bear-apps/2024a/EL8-ice/software/SQLite/3.45.3-GCCcore-13.3.0/lib64 -L/rds/bear-apps/2024a/EL8-ice/software/SQLite/3.45.3-GCCcore-13.3.0/lib -L/rds/bear-apps/2024a/EL8-ice/software/zlib/1.3.1-GCCcore-13.3.0/lib64 -L/rds/bear-apps/2024a/EL8-ice/software/zlib/1.3.1-GCCcore-13.3.0/lib -L/rds/bear-apps/2024a/EL8-ice/software/XZ/5.4.5-GCCcore-13.3.0/lib64 -L/rds/bear-apps/2024a/EL8-ice/software/XZ/5.4.5-GCCcore-13.3.0/lib -L/rds/bear-apps/2024a/EL8-ice/software/bzip2/1.0.8-GCCcore-13.3.0/lib64 -L/rds/bear-apps/2024a/EL8-ice/software/bzip2/1.0.8-GCCcore-13.3.0/lib -L/rds/bear-apps/2024a/EL8-ice/software/ncurses/6.5-GCCcore-13.3.0/lib64 -L/rds/bear-apps/2024a/EL8-ice/software/ncurses/6.5-GCCcore-13.3.0/lib -L/rds/bear-apps/2024a/EL8-ice/software/libreadline/8.2-GCCcore-13.3.0/lib64 -L/rds/bear-apps/2024a/EL8-ice/software/libreadline/8.2-GCCcore-13.3.0/lib -L/rds/bear-apps/2024a/EL8-ice/software/cairo/1.18.0-GCCcore-13.3.0/lib64 -L/rds/bear-apps/2024a/EL8-ice/software/cairo/1.18.0-GCCcore-13.3.0/lib -L/rds/bear-apps/2024a/EL8-ice/software/libGLU/9.0.3-GCCcore-13.3.0/lib64 -L/rds/bear-apps/2024a/EL8-ice/software/libGLU/9.0.3-GCCcore-13.3.0/lib -L/rds/bear-apps/2024a/EL8-ice/software/Mesa/24.1.3-GCCcore-13.3.0/lib64 -L/rds/bear-apps/2024a/EL8-ice/software/Mesa/24.1.3-GCCcore-13.3.0/lib -L/rds/bear-apps/2024a/EL8-ice/software/X11/20240607-GCCcore-13.3.0/lib64 -L/rds/bear-apps/2024a/EL8-ice/software/X11/20240607-GCCcore-13.3.0/lib -L/rds/bear-apps/2024a/EL8-ice/software/pkgconf/2.2.0-GCCcore-13.3.0/lib64 -L/rds/bear-apps/2024a/EL8-ice/software/pkgconf/2.2.0-GCCcore-13.3.0/lib -L/rds/bear-apps/2024a/EL8-ice/software/FFTW/3.3.10-GCC-13.3.0/lib64 -L/rds/bear-apps/2024a/EL8-ice/software/FFTW/3.3.10-GCC-13.3.0/lib -L/rds/bear-apps/2024a/EL8-ice/software/FlexiBLAS/3.4.4-GCC-13.3.0/lib64 -L/rds/bear-apps/2024a/EL8-ice/software/FlexiBLAS/3.4.4-GCC-13.3.0/lib -L/rds/bear-apps/2024a/EL8-ice/software/GCCcore/13.3.0/lib64 -L/rds/bear-apps/2024a/EL8-ice/software/GCCcore/13.3.0/lib -o testthat.so init.o test-catch.o test-example.o test-runner.o -L/rds/bear-apps/2024a/EL8-ice/software/R/4.5.0-gfbf-2024a/lib64/R/lib -lR
installing to /rds/homes/a/axv209/R/library/4.5.0/EL8-ice/00LOCK-testthat/00new/testthat/libs
** R
** inst
** byte-compile and prepare package for lazy loading
** help
*** installing help indices
*** copying figures
** building package indices
** installing vignettes
** testing if installed package can be loaded from temporary location
** checking absolute paths in shared objects and dynamic libraries
** testing if installed package can be loaded from final location
** testing if installed package keeps a record of temporary installation path
* DONE (testthat)
* installing *source* package ‘devtools’ ...
** this is package ‘devtools’ version ‘2.5.2’
** package ‘devtools’ successfully unpacked and MD5 sums checked
** using staged installation
** R
** inst
** byte-compile and prepare package for lazy loading
** help
*** installing help indices
*** copying figures
** building package indices
** installing vignettes
** testing if installed package can be loaded from temporary location
** testing if installed package can be loaded from final location
** testing if installed package keeps a record of temporary installation path
* DONE (devtools)

The downloaded source packages are in
	‘/tmp/RtmpOzQz4E/downloaded_packages’
[1] "/rds/homes/a/axv209/R/library/4.5.0/EL8-ice"                             
[2] "/rds/bear-apps/2024a/EL8-ice/software/R/4.5.0-gfbf-2024a/lib64/R/library"
[1] "/rds/homes/a/axv209/R/library/4.5.0/EL8-ice"                             
[2] "/rds/bear-apps/2024a/EL8-ice/software/R/4.5.0-gfbf-2024a/lib64/R/library"
[1] "/rds/homes/a/axv209/R/library/4.5.0/EL8-ice"                             
[2] "/rds/bear-apps/2024a/EL8-ice/software/R/4.5.0-gfbf-2024a/lib64/R/library"
[1] "/rds/homes/a/axv209/R/library/4.5.0/EL8-ice"                             
[2] "/rds/bear-apps/2024a/EL8-ice/software/R/4.5.0-gfbf-2024a/lib64/R/library"
[1] "/rds/homes/a/axv209/R/library/4.5.0/EL8-ice"                             
[2] "/rds/bear-apps/2024a/EL8-ice/software/R/4.5.0-gfbf-2024a/lib64/R/library"
Installing package into ‘/rds/homes/a/axv209/R/library/4.5.0/EL8-ice’
(as ‘lib’ is unspecified)
trying URL 'https://cloud.r-project.org/src/contrib/httr_1.4.9.tar.gz'
Content type 'application/x-gzip' length 113805 bytes (111 KB)
==================================================
downloaded 111 KB

* installing *source* package ‘httr’ ...
** this is package ‘httr’ version ‘1.4.9’
** package ‘httr’ successfully unpacked and MD5 sums checked
** using staged installation
** R
** inst
** byte-compile and prepare package for lazy loading
** help
*** installing help indices
** building package indices
** installing vignettes
** testing if installed package can be loaded from temporary location
** testing if installed package can be loaded from final location
** testing if installed package keeps a record of temporary installation path
* DONE (httr)

The downloaded source packages are in
	‘/tmp/Rtmp3Qez4v/downloaded_packages’
[1] "/rds/homes/a/axv209/R/library/4.5.0/EL8-ice"                             
[2] "/rds/bear-apps/2024a/EL8-ice/software/R/4.5.0-gfbf-2024a/lib64/R/library"
Installing package into ‘/rds/homes/a/axv209/R/library/4.5.0/EL8-ice’
(as ‘lib’ is unspecified)
trying URL 'https://cloud.r-project.org/src/contrib/jsonlite_2.0.0.tar.gz'
Content type 'application/x-gzip' length 1055849 bytes (1.0 MB)
==================================================
downloaded 1.0 MB

* installing *source* package ‘jsonlite’ ...
** this is package ‘jsonlite’ version ‘2.0.0’
** package ‘jsonlite’ successfully unpacked and MD5 sums checked
** using staged installation
** libs
using C compiler: ‘gcc (GCC) 13.3.0’
gcc -std=gnu2x -I"/rds/bear-apps/2024a/EL8-ice/software/R/4.5.0-gfbf-2024a/lib64/R/include" -DNDEBUG -Iyajl/api  -I/rds/bear-apps/2024a/EL8-ice/software/FriBidi/1.0.15-GCCcore-13.3.0/include -I/rds/bear-apps/2024a/EL8-ice/software/HarfBuzz/9.0.0-GCCcore-13.3.0/include -I/rds/bear-apps/2024a/EL8-ice/software/Tk/8.6.14-GCCcore-13.3.0/include -I/rds/bear-apps/2024a/EL8-ice/software/cURL/8.7.1-GCCcore-13.3.0/include -I/rds/bear-apps/2024a/EL8-ice/software/OpenSSL/3/include -I/rds/bear-apps/2024a/EL8-ice/software/libgit2/1.8.1-GCCcore-13.3.0/include -I/rds/bear-apps/2024a/EL8-ice/software/Java/17.0.15/include -I/rds/bear-apps/2024a/EL8-ice/software/LibTIFF/4.6.0-GCCcore-13.3.0/include -I/rds/bear-apps/2024a/EL8-ice/software/libjpeg-turbo/3.0.1-GCCcore-13.3.0/include -I/rds/bear-apps/2024a/EL8-ice/software/libpng/1.6.43-GCCcore-13.3.0/include -I/rds/bear-apps/2024a/EL8-ice/software/PCRE2/10.43-GCCcore-13.3.0/include -I/rds/bear-apps/2024a/EL8-ice/software/SQLite/3.45.3-GCCcore-13.3.0/include -I/rds/bear-apps/2024a/EL8-ice/software/zlib/1.3.1-GCCcore-13.3.0/include -I/rds/bear-apps/2024a/EL8-ice/software/XZ/5.4.5-GCCcore-13.3.0/include -I/rds/bear-apps/2024a/EL8-ice/software/bzip2/1.0.8-GCCcore-13.3.0/include -I/rds/bear-apps/2024a/EL8-ice/software/ncurses/6.5-GCCcore-13.3.0/include -I/rds/bear-apps/2024a/EL8-ice/software/libreadline/8.2-GCCcore-13.3.0/include -I/rds/bear-apps/2024a/EL8-ice/software/cairo/1.18.0-GCCcore-13.3.0/include -I/rds/bear-apps/2024a/EL8-ice/software/libGLU/9.0.3-GCCcore-13.3.0/include -I/rds/bear-apps/2024a/EL8-ice/software/Mesa/24.1.3-GCCcore-13.3.0/include -I/rds/bear-apps/2024a/EL8-ice/software/X11/20240607-GCCcore-13.3.0/include -I/rds/bear-apps/2024a/EL8-ice/software/pkgconf/2.2.0-GCCcore-13.3.0/include -I/rds/bear-apps/2024a/EL8-ice/software/FFTW/3.3.10-GCC-13.3.0/include -I/rds/bear-apps/2024a/EL8-ice/software/FlexiBLAS/3.4.4-GCC-13.3.0/include -I/rds/bear-apps/2024a/EL8-ice/software/FlexiBLAS/3.4.4-GCC-13.3.0/include/flexiblas   -fvisibility=hidden  -fpic  -O2 -ftree-vectorize -march=native -fno-math-errno  -c base64.c -o base64.o
gcc -std=gnu2x -I"/rds/bear-apps/2024a/EL8-ice/software/R/4.5.0-gfbf-2024a/lib64/R/include" -DNDEBUG -Iyajl/api  -I/rds/bear-apps/2024a/EL8-ice/software/FriBidi/1.0.15-GCCcore-13.3.0/include -I/rds/bear-apps/2024a/EL8-ice/software/HarfBuzz/9.0.0-GCCcore-13.3.0/include -I/rds/bear-apps/2024a/EL8-ice/software/Tk/8.6.14-GCCcore-13.3.0/include -I/rds/bear-apps/2024a/EL8-ice/software/cURL/8.7.1-GCCcore-13.3.0/include -I/rds/bear-apps/2024a/EL8-ice/software/OpenSSL/3/include -I/rds/bear-apps/2024a/EL8-ice/software/libgit2/1.8.1-GCCcore-13.3.0/include -I/rds/bear-apps/2024a/EL8-ice/software/Java/17.0.15/include -I/rds/bear-apps/2024a/EL8-ice/software/LibTIFF/4.6.0-GCCcore-13.3.0/include -I/rds/bear-apps/2024a/EL8-ice/software/libjpeg-turbo/3.0.1-GCCcore-13.3.0/include -I/rds/bear-apps/2024a/EL8-ice/software/libpng/1.6.43-GCCcore-13.3.0/include -I/rds/bear-apps/2024a/EL8-ice/software/PCRE2/10.43-GCCcore-13.3.0/include -I/rds/bear-apps/2024a/EL8-ice/software/SQLite/3.45.3-GCCcore-13.3.0/include -I/rds/bear-apps/2024a/EL8-ice/software/zlib/1.3.1-GCCcore-13.3.0/include -I/rds/bear-apps/2024a/EL8-ice/software/XZ/5.4.5-GCCcore-13.3.0/include -I/rds/bear-apps/2024a/EL8-ice/software/bzip2/1.0.8-GCCcore-13.3.0/include -I/rds/bear-apps/2024a/EL8-ice/software/ncurses/6.5-GCCcore-13.3.0/include -I/rds/bear-apps/2024a/EL8-ice/software/libreadline/8.2-GCCcore-13.3.0/include -I/rds/bear-apps/2024a/EL8-ice/software/cairo/1.18.0-GCCcore-13.3.0/include -I/rds/bear-apps/2024a/EL8-ice/software/libGLU/9.0.3-GCCcore-13.3.0/include -I/rds/bear-apps/2024a/EL8-ice/software/Mesa/24.1.3-GCCcore-13.3.0/include -I/rds/bear-apps/2024a/EL8-ice/software/X11/20240607-GCCcore-13.3.0/include -I/rds/bear-apps/2024a/EL8-ice/software/pkgconf/2.2.0-GCCcore-13.3.0/include -I/rds/bear-apps/2024a/EL8-ice/software/FFTW/3.3.10-GCC-13.3.0/include -I/rds/bear-apps/2024a/EL8-ice/software/FlexiBLAS/3.4.4-GCC-13.3.0/include -I/rds/bear-apps/2024a/EL8-ice/software/FlexiBLAS/3.4.4-GCC-13.3.0/include/flexiblas   -fvisibility=hidden  -fpic  -O2 -ftree-vectorize -march=native -fno-math-errno  -c collapse_array.c -o collapse_array.o
gcc -std=gnu2x -I"/rds/bear-apps/2024a/EL8-ice/software/R/4.5.0-gfbf-2024a/lib64/R/include" -DNDEBUG -Iyajl/api  -I/rds/bear-apps/2024a/EL8-ice/software/FriBidi/1.0.15-GCCcore-13.3.0/include -I/rds/bear-apps/2024a/EL8-ice/software/HarfBuzz/9.0.0-GCCcore-13.3.0/include -I/rds/bear-apps/2024a/EL8-ice/software/Tk/8.6.14-GCCcore-13.3.0/include -I/rds/bear-apps/2024a/EL8-ice/software/cURL/8.7.1-GCCcore-13.3.0/include -I/rds/bear-apps/2024a/EL8-ice/software/OpenSSL/3/include -I/rds/bear-apps/2024a/EL8-ice/software/libgit2/1.8.1-GCCcore-13.3.0/include -I/rds/bear-apps/2024a/EL8-ice/software/Java/17.0.15/include -I/rds/bear-apps/2024a/EL8-ice/software/LibTIFF/4.6.0-GCCcore-13.3.0/include -I/rds/bear-apps/2024a/EL8-ice/software/libjpeg-turbo/3.0.1-GCCcore-13.3.0/include -I/rds/bear-apps/2024a/EL8-ice/software/libpng/1.6.43-GCCcore-13.3.0/include -I/rds/bear-apps/2024a/EL8-ice/software/PCRE2/10.43-GCCcore-13.3.0/include -I/rds/bear-apps/2024a/EL8-ice/software/SQLite/3.45.3-GCCcore-13.3.0/include -I/rds/bear-apps/2024a/EL8-ice/software/zlib/1.3.1-GCCcore-13.3.0/include -I/rds/bear-apps/2024a/EL8-ice/software/XZ/5.4.5-GCCcore-13.3.0/include -I/rds/bear-apps/2024a/EL8-ice/software/bzip2/1.0.8-GCCcore-13.3.0/include -I/rds/bear-apps/2024a/EL8-ice/software/ncurses/6.5-GCCcore-13.3.0/include -I/rds/bear-apps/2024a/EL8-ice/software/libreadline/8.2-GCCcore-13.3.0/include -I/rds/bear-apps/2024a/EL8-ice/software/cairo/1.18.0-GCCcore-13.3.0/include -I/rds/bear-apps/2024a/EL8-ice/software/libGLU/9.0.3-GCCcore-13.3.0/include -I/rds/bear-apps/2024a/EL8-ice/software/Mesa/24.1.3-GCCcore-13.3.0/include -I/rds/bear-apps/2024a/EL8-ice/software/X11/20240607-GCCcore-13.3.0/include -I/rds/bear-apps/2024a/EL8-ice/software/pkgconf/2.2.0-GCCcore-13.3.0/include -I/rds/bear-apps/2024a/EL8-ice/software/FFTW/3.3.10-GCC-13.3.0/include -I/rds/bear-apps/2024a/EL8-ice/software/FlexiBLAS/3.4.4-GCC-13.3.0/include -I/rds/bear-apps/2024a/EL8-ice/software/FlexiBLAS/3.4.4-GCC-13.3.0/include/flexiblas   -fvisibility=hidden  -fpic  -O2 -ftree-vectorize -march=native -fno-math-errno  -c collapse_object.c -o collapse_object.o
gcc -std=gnu2x -I"/rds/bear-apps/2024a/EL8-ice/software/R/4.5.0-gfbf-2024a/lib64/R/include" -DNDEBUG -Iyajl/api  -I/rds/bear-apps/2024a/EL8-ice/software/FriBidi/1.0.15-GCCcore-13.3.0/include -I/rds/bear-apps/2024a/EL8-ice/software/HarfBuzz/9.0.0-GCCcore-13.3.0/include -I/rds/bear-apps/2024a/EL8-ice/software/Tk/8.6.14-GCCcore-13.3.0/include -I/rds/bear-apps/2024a/EL8-ice/software/cURL/8.7.1-GCCcore-13.3.0/include -I/rds/bear-apps/2024a/EL8-ice/software/OpenSSL/3/include -I/rds/bear-apps/2024a/EL8-ice/software/libgit2/1.8.1-GCCcore-13.3.0/include -I/rds/bear-apps/2024a/EL8-ice/software/Java/17.0.15/include -I/rds/bear-apps/2024a/EL8-ice/software/LibTIFF/4.6.0-GCCcore-13.3.0/include -I/rds/bear-apps/2024a/EL8-ice/software/libjpeg-turbo/3.0.1-GCCcore-13.3.0/include -I/rds/bear-apps/2024a/EL8-ice/software/libpng/1.6.43-GCCcore-13.3.0/include -I/rds/bear-apps/2024a/EL8-ice/software/PCRE2/10.43-GCCcore-13.3.0/include -I/rds/bear-apps/2024a/EL8-ice/software/SQLite/3.45.3-GCCcore-13.3.0/include -I/rds/bear-apps/2024a/EL8-ice/software/zlib/1.3.1-GCCcore-13.3.0/include -I/rds/bear-apps/2024a/EL8-ice/software/XZ/5.4.5-GCCcore-13.3.0/include -I/rds/bear-apps/2024a/EL8-ice/software/bzip2/1.0.8-GCCcore-13.3.0/include -I/rds/bear-apps/2024a/EL8-ice/software/ncurses/6.5-GCCcore-13.3.0/include -I/rds/bear-apps/2024a/EL8-ice/software/libreadline/8.2-GCCcore-13.3.0/include -I/rds/bear-apps/2024a/EL8-ice/software/cairo/1.18.0-GCCcore-13.3.0/include -I/rds/bear-apps/2024a/EL8-ice/software/libGLU/9.0.3-GCCcore-13.3.0/include -I/rds/bear-apps/2024a/EL8-ice/software/Mesa/24.1.3-GCCcore-13.3.0/include -I/rds/bear-apps/2024a/EL8-ice/software/X11/20240607-GCCcore-13.3.0/include -I/rds/bear-apps/2024a/EL8-ice/software/pkgconf/2.2.0-GCCcore-13.3.0/include -I/rds/bear-apps/2024a/EL8-ice/software/FFTW/3.3.10-GCC-13.3.0/include -I/rds/bear-apps/2024a/EL8-ice/software/FlexiBLAS/3.4.4-GCC-13.3.0/include -I/rds/bear-apps/2024a/EL8-ice/software/FlexiBLAS/3.4.4-GCC-13.3.0/include/flexiblas   -fvisibility=hidden  -fpic  -O2 -ftree-vectorize -march=native -fno-math-errno  -c collapse_pretty.c -o collapse_pretty.o
gcc -std=gnu2x -I"/rds/bear-apps/2024a/EL8-ice/software/R/4.5.0-gfbf-2024a/lib64/R/include" -DNDEBUG -Iyajl/api  -I/rds/bear-apps/2024a/EL8-ice/software/FriBidi/1.0.15-GCCcore-13.3.0/include -I/rds/bear-apps/2024a/EL8-ice/software/HarfBuzz/9.0.0-GCCcore-13.3.0/include -I/rds/bear-apps/2024a/EL8-ice/software/Tk/8.6.14-GCCcore-13.3.0/include -I/rds/bear-apps/2024a/EL8-ice/software/cURL/8.7.1-GCCcore-13.3.0/include -I/rds/bear-apps/2024a/EL8-ice/software/OpenSSL/3/include -I/rds/bear-apps/2024a/EL8-ice/software/libgit2/1.8.1-GCCcore-13.3.0/include -I/rds/bear-apps/2024a/EL8-ice/software/Java/17.0.15/include -I/rds/bear-apps/2024a/EL8-ice/software/LibTIFF/4.6.0-GCCcore-13.3.0/include -I/rds/bear-apps/2024a/EL8-ice/software/libjpeg-turbo/3.0.1-GCCcore-13.3.0/include -I/rds/bear-apps/2024a/EL8-ice/software/libpng/1.6.43-GCCcore-13.3.0/include -I/rds/bear-apps/2024a/EL8-ice/software/PCRE2/10.43-GCCcore-13.3.0/include -I/rds/bear-apps/2024a/EL8-ice/software/SQLite/3.45.3-GCCcore-13.3.0/include -I/rds/bear-apps/2024a/EL8-ice/software/zlib/1.3.1-GCCcore-13.3.0/include -I/rds/bear-apps/2024a/EL8-ice/software/XZ/5.4.5-GCCcore-13.3.0/include -I/rds/bear-apps/2024a/EL8-ice/software/bzip2/1.0.8-GCCcore-13.3.0/include -I/rds/bear-apps/2024a/EL8-ice/software/ncurses/6.5-GCCcore-13.3.0/include -I/rds/bear-apps/2024a/EL8-ice/software/libreadline/8.2-GCCcore-13.3.0/include -I/rds/bear-apps/2024a/EL8-ice/software/cairo/1.18.0-GCCcore-13.3.0/include -I/rds/bear-apps/2024a/EL8-ice/software/libGLU/9.0.3-GCCcore-13.3.0/include -I/rds/bear-apps/2024a/EL8-ice/software/Mesa/24.1.3-GCCcore-13.3.0/include -I/rds/bear-apps/2024a/EL8-ice/software/X11/20240607-GCCcore-13.3.0/include -I/rds/bear-apps/2024a/EL8-ice/software/pkgconf/2.2.0-GCCcore-13.3.0/include -I/rds/bear-apps/2024a/EL8-ice/software/FFTW/3.3.10-GCC-13.3.0/include -I/rds/bear-apps/2024a/EL8-ice/software/FlexiBLAS/3.4.4-GCC-13.3.0/include -I/rds/bear-apps/2024a/EL8-ice/software/FlexiBLAS/3.4.4-GCC-13.3.0/include/flexiblas   -fvisibility=hidden  -fpic  -O2 -ftree-vectorize -march=native -fno-math-errno  -c escape_chars.c -o escape_chars.o
gcc -std=gnu2x -I"/rds/bear-apps/2024a/EL8-ice/software/R/4.5.0-gfbf-2024a/lib64/R/include" -DNDEBUG -Iyajl/api  -I/rds/bear-apps/2024a/EL8-ice/software/FriBidi/1.0.15-GCCcore-13.3.0/include -I/rds/bear-apps/2024a/EL8-ice/software/HarfBuzz/9.0.0-GCCcore-13.3.0/include -I/rds/bear-apps/2024a/EL8-ice/software/Tk/8.6.14-GCCcore-13.3.0/include -I/rds/bear-apps/2024a/EL8-ice/software/cURL/8.7.1-GCCcore-13.3.0/include -I/rds/bear-apps/2024a/EL8-ice/software/OpenSSL/3/include -I/rds/bear-apps/2024a/EL8-ice/software/libgit2/1.8.1-GCCcore-13.3.0/include -I/rds/bear-apps/2024a/EL8-ice/software/Java/17.0.15/include -I/rds/bear-apps/2024a/EL8-ice/software/LibTIFF/4.6.0-GCCcore-13.3.0/include -I/rds/bear-apps/2024a/EL8-ice/software/libjpeg-turbo/3.0.1-GCCcore-13.3.0/include -I/rds/bear-apps/2024a/EL8-ice/software/libpng/1.6.43-GCCcore-13.3.0/include -I/rds/bear-apps/2024a/EL8-ice/software/PCRE2/10.43-GCCcore-13.3.0/include -I/rds/bear-apps/2024a/EL8-ice/software/SQLite/3.45.3-GCCcore-13.3.0/include -I/rds/bear-apps/2024a/EL8-ice/software/zlib/1.3.1-GCCcore-13.3.0/include -I/rds/bear-apps/2024a/EL8-ice/software/XZ/5.4.5-GCCcore-13.3.0/include -I/rds/bear-apps/2024a/EL8-ice/software/bzip2/1.0.8-GCCcore-13.3.0/include -I/rds/bear-apps/2024a/EL8-ice/software/ncurses/6.5-GCCcore-13.3.0/include -I/rds/bear-apps/2024a/EL8-ice/software/libreadline/8.2-GCCcore-13.3.0/include -I/rds/bear-apps/2024a/EL8-ice/software/cairo/1.18.0-GCCcore-13.3.0/include -I/rds/bear-apps/2024a/EL8-ice/software/libGLU/9.0.3-GCCcore-13.3.0/include -I/rds/bear-apps/2024a/EL8-ice/software/Mesa/24.1.3-GCCcore-13.3.0/include -I/rds/bear-apps/2024a/EL8-ice/software/X11/20240607-GCCcore-13.3.0/include -I/rds/bear-apps/2024a/EL8-ice/software/pkgconf/2.2.0-GCCcore-13.3.0/include -I/rds/bear-apps/2024a/EL8-ice/software/FFTW/3.3.10-GCC-13.3.0/include -I/rds/bear-apps/2024a/EL8-ice/software/FlexiBLAS/3.4.4-GCC-13.3.0/include -I/rds/bear-apps/2024a/EL8-ice/software/FlexiBLAS/3.4.4-GCC-13.3.0/include/flexiblas   -fvisibility=hidden  -fpic  -O2 -ftree-vectorize -march=native -fno-math-errno  -c integer64_to_na.c -o integer64_to_na.o
gcc -std=gnu2x -I"/rds/bear-apps/2024a/EL8-ice/software/R/4.5.0-gfbf-2024a/lib64/R/include" -DNDEBUG -Iyajl/api  -I/rds/bear-apps/2024a/EL8-ice/software/FriBidi/1.0.15-GCCcore-13.3.0/include -I/rds/bear-apps/2024a/EL8-ice/software/HarfBuzz/9.0.0-GCCcore-13.3.0/include -I/rds/bear-apps/2024a/EL8-ice/software/Tk/8.6.14-GCCcore-13.3.0/include -I/rds/bear-apps/2024a/EL8-ice/software/cURL/8.7.1-GCCcore-13.3.0/include -I/rds/bear-apps/2024a/EL8-ice/software/OpenSSL/3/include -I/rds/bear-apps/2024a/EL8-ice/software/libgit2/1.8.1-GCCcore-13.3.0/include -I/rds/bear-apps/2024a/EL8-ice/software/Java/17.0.15/include -I/rds/bear-apps/2024a/EL8-ice/software/LibTIFF/4.6.0-GCCcore-13.3.0/include -I/rds/bear-apps/2024a/EL8-ice/software/libjpeg-turbo/3.0.1-GCCcore-13.3.0/include -I/rds/bear-apps/2024a/EL8-ice/software/libpng/1.6.43-GCCcore-13.3.0/include -I/rds/bear-apps/2024a/EL8-ice/software/PCRE2/10.43-GCCcore-13.3.0/include -I/rds/bear-apps/2024a/EL8-ice/software/SQLite/3.45.3-GCCcore-13.3.0/include -I/rds/bear-apps/2024a/EL8-ice/software/zlib/1.3.1-GCCcore-13.3.0/include -I/rds/bear-apps/2024a/EL8-ice/software/XZ/5.4.5-GCCcore-13.3.0/include -I/rds/bear-apps/2024a/EL8-ice/software/bzip2/1.0.8-GCCcore-13.3.0/include -I/rds/bear-apps/2024a/EL8-ice/software/ncurses/6.5-GCCcore-13.3.0/include -I/rds/bear-apps/2024a/EL8-ice/software/libreadline/8.2-GCCcore-13.3.0/include -I/rds/bear-apps/2024a/EL8-ice/software/cairo/1.18.0-GCCcore-13.3.0/include -I/rds/bear-apps/2024a/EL8-ice/software/libGLU/9.0.3-GCCcore-13.3.0/include -I/rds/bear-apps/2024a/EL8-ice/software/Mesa/24.1.3-GCCcore-13.3.0/include -I/rds/bear-apps/2024a/EL8-ice/software/X11/20240607-GCCcore-13.3.0/include -I/rds/bear-apps/2024a/EL8-ice/software/pkgconf/2.2.0-GCCcore-13.3.0/include -I/rds/bear-apps/2024a/EL8-ice/software/FFTW/3.3.10-GCC-13.3.0/include -I/rds/bear-apps/2024a/EL8-ice/software/FlexiBLAS/3.4.4-GCC-13.3.0/include -I/rds/bear-apps/2024a/EL8-ice/software/FlexiBLAS/3.4.4-GCC-13.3.0/include/flexiblas   -fvisibility=hidden  -fpic  -O2 -ftree-vectorize -march=native -fno-math-errno  -c is_datelist.c -o is_datelist.o
gcc -std=gnu2x -I"/rds/bear-apps/2024a/EL8-ice/software/R/4.5.0-gfbf-2024a/lib64/R/include" -DNDEBUG -Iyajl/api  -I/rds/bear-apps/2024a/EL8-ice/software/FriBidi/1.0.15-GCCcore-13.3.0/include -I/rds/bear-apps/2024a/EL8-ice/software/HarfBuzz/9.0.0-GCCcore-13.3.0/include -I/rds/bear-apps/2024a/EL8-ice/software/Tk/8.6.14-GCCcore-13.3.0/include -I/rds/bear-apps/2024a/EL8-ice/software/cURL/8.7.1-GCCcore-13.3.0/include -I/rds/bear-apps/2024a/EL8-ice/software/OpenSSL/3/include -I/rds/bear-apps/2024a/EL8-ice/software/libgit2/1.8.1-GCCcore-13.3.0/include -I/rds/bear-apps/2024a/EL8-ice/software/Java/17.0.15/include -I/rds/bear-apps/2024a/EL8-ice/software/LibTIFF/4.6.0-GCCcore-13.3.0/include -I/rds/bear-apps/2024a/EL8-ice/software/libjpeg-turbo/3.0.1-GCCcore-13.3.0/include -I/rds/bear-apps/2024a/EL8-ice/software/libpng/1.6.43-GCCcore-13.3.0/include -I/rds/bear-apps/2024a/EL8-ice/software/PCRE2/10.43-GCCcore-13.3.0/include -I/rds/bear-apps/2024a/EL8-ice/software/SQLite/3.45.3-GCCcore-13.3.0/include -I/rds/bear-apps/2024a/EL8-ice/software/zlib/1.3.1-GCCcore-13.3.0/include -I/rds/bear-apps/2024a/EL8-ice/software/XZ/5.4.5-GCCcore-13.3.0/include -I/rds/bear-apps/2024a/EL8-ice/software/bzip2/1.0.8-GCCcore-13.3.0/include -I/rds/bear-apps/2024a/EL8-ice/software/ncurses/6.5-GCCcore-13.3.0/include -I/rds/bear-apps/2024a/EL8-ice/software/libreadline/8.2-GCCcore-13.3.0/include -I/rds/bear-apps/2024a/EL8-ice/software/cairo/1.18.0-GCCcore-13.3.0/include -I/rds/bear-apps/2024a/EL8-ice/software/libGLU/9.0.3-GCCcore-13.3.0/include -I/rds/bear-apps/2024a/EL8-ice/software/Mesa/24.1.3-GCCcore-13.3.0/include -I/rds/bear-apps/2024a/EL8-ice/software/X11/20240607-GCCcore-13.3.0/include -I/rds/bear-apps/2024a/EL8-ice/software/pkgconf/2.2.0-GCCcore-13.3.0/include -I/rds/bear-apps/2024a/EL8-ice/software/FFTW/3.3.10-GCC-13.3.0/include -I/rds/bear-apps/2024a/EL8-ice/software/FlexiBLAS/3.4.4-GCC-13.3.0/include -I/rds/bear-apps/2024a/EL8-ice/software/FlexiBLAS/3.4.4-GCC-13.3.0/include/flexiblas   -fvisibility=hidden  -fpic  -O2 -ftree-vectorize -march=native -fno-math-errno  -c is_recordlist.c -o is_recordlist.o
gcc -std=gnu2x -I"/rds/bear-apps/2024a/EL8-ice/software/R/4.5.0-gfbf-2024a/lib64/R/include" -DNDEBUG -Iyajl/api  -I/rds/bear-apps/2024a/EL8-ice/software/FriBidi/1.0.15-GCCcore-13.3.0/include -I/rds/bear-apps/2024a/EL8-ice/software/HarfBuzz/9.0.0-GCCcore-13.3.0/include -I/rds/bear-apps/2024a/EL8-ice/software/Tk/8.6.14-GCCcore-13.3.0/include -I/rds/bear-apps/2024a/EL8-ice/software/cURL/8.7.1-GCCcore-13.3.0/include -I/rds/bear-apps/2024a/EL8-ice/software/OpenSSL/3/include -I/rds/bear-apps/2024a/EL8-ice/software/libgit2/1.8.1-GCCcore-13.3.0/include -I/rds/bear-apps/2024a/EL8-ice/software/Java/17.0.15/include -I/rds/bear-apps/2024a/EL8-ice/software/LibTIFF/4.6.0-GCCcore-13.3.0/include -I/rds/bear-apps/2024a/EL8-ice/software/libjpeg-turbo/3.0.1-GCCcore-13.3.0/include -I/rds/bear-apps/2024a/EL8-ice/software/libpng/1.6.43-GCCcore-13.3.0/include -I/rds/bear-apps/2024a/EL8-ice/software/PCRE2/10.43-GCCcore-13.3.0/include -I/rds/bear-apps/2024a/EL8-ice/software/SQLite/3.45.3-GCCcore-13.3.0/include -I/rds/bear-apps/2024a/EL8-ice/software/zlib/1.3.1-GCCcore-13.3.0/include -I/rds/bear-apps/2024a/EL8-ice/software/XZ/5.4.5-GCCcore-13.3.0/include -I/rds/bear-apps/2024a/EL8-ice/software/bzip2/1.0.8-GCCcore-13.3.0/include -I/rds/bear-apps/2024a/EL8-ice/software/ncurses/6.5-GCCcore-13.3.0/include -I/rds/bear-apps/2024a/EL8-ice/software/libreadline/8.2-GCCcore-13.3.0/include -I/rds/bear-apps/2024a/EL8-ice/software/cairo/1.18.0-GCCcore-13.3.0/include -I/rds/bear-apps/2024a/EL8-ice/software/libGLU/9.0.3-GCCcore-13.3.0/include -I/rds/bear-apps/2024a/EL8-ice/software/Mesa/24.1.3-GCCcore-13.3.0/include -I/rds/bear-apps/2024a/EL8-ice/software/X11/20240607-GCCcore-13.3.0/include -I/rds/bear-apps/2024a/EL8-ice/software/pkgconf/2.2.0-GCCcore-13.3.0/include -I/rds/bear-apps/2024a/EL8-ice/software/FFTW/3.3.10-GCC-13.3.0/include -I/rds/bear-apps/2024a/EL8-ice/software/FlexiBLAS/3.4.4-GCC-13.3.0/include -I/rds/bear-apps/2024a/EL8-ice/software/FlexiBLAS/3.4.4-GCC-13.3.0/include/flexiblas   -fvisibility=hidden  -fpic  -O2 -ftree-vectorize -march=native -fno-math-errno  -c is_scalarlist.c -o is_scalarlist.o
gcc -std=gnu2x -I"/rds/bear-apps/2024a/EL8-ice/software/R/4.5.0-gfbf-2024a/lib64/R/include" -DNDEBUG -Iyajl/api  -I/rds/bear-apps/2024a/EL8-ice/software/FriBidi/1.0.15-GCCcore-13.3.0/include -I/rds/bear-apps/2024a/EL8-ice/software/HarfBuzz/9.0.0-GCCcore-13.3.0/include -I/rds/bear-apps/2024a/EL8-ice/software/Tk/8.6.14-GCCcore-13.3.0/include -I/rds/bear-apps/2024a/EL8-ice/software/cURL/8.7.1-GCCcore-13.3.0/include -I/rds/bear-apps/2024a/EL8-ice/software/OpenSSL/3/include -I/rds/bear-apps/2024a/EL8-ice/software/libgit2/1.8.1-GCCcore-13.3.0/include -I/rds/bear-apps/2024a/EL8-ice/software/Java/17.0.15/include -I/rds/bear-apps/2024a/EL8-ice/software/LibTIFF/4.6.0-GCCcore-13.3.0/include -I/rds/bear-apps/2024a/EL8-ice/software/libjpeg-turbo/3.0.1-GCCcore-13.3.0/include -I/rds/bear-apps/2024a/EL8-ice/software/libpng/1.6.43-GCCcore-13.3.0/include -I/rds/bear-apps/2024a/EL8-ice/software/PCRE2/10.43-GCCcore-13.3.0/include -I/rds/bear-apps/2024a/EL8-ice/software/SQLite/3.45.3-GCCcore-13.3.0/include -I/rds/bear-apps/2024a/EL8-ice/software/zlib/1.3.1-GCCcore-13.3.0/include -I/rds/bear-apps/2024a/EL8-ice/software/XZ/5.4.5-GCCcore-13.3.0/include -I/rds/bear-apps/2024a/EL8-ice/software/bzip2/1.0.8-GCCcore-13.3.0/include -I/rds/bear-apps/2024a/EL8-ice/software/ncurses/6.5-GCCcore-13.3.0/include -I/rds/bear-apps/2024a/EL8-ice/software/libreadline/8.2-GCCcore-13.3.0/include -I/rds/bear-apps/2024a/EL8-ice/software/cairo/1.18.0-GCCcore-13.3.0/include -I/rds/bear-apps/2024a/EL8-ice/software/libGLU/9.0.3-GCCcore-13.3.0/include -I/rds/bear-apps/2024a/EL8-ice/software/Mesa/24.1.3-GCCcore-13.3.0/include -I/rds/bear-apps/2024a/EL8-ice/software/X11/20240607-GCCcore-13.3.0/include -I/rds/bear-apps/2024a/EL8-ice/software/pkgconf/2.2.0-GCCcore-13.3.0/include -I/rds/bear-apps/2024a/EL8-ice/software/FFTW/3.3.10-GCC-13.3.0/include -I/rds/bear-apps/2024a/EL8-ice/software/FlexiBLAS/3.4.4-GCC-13.3.0/include -I/rds/bear-apps/2024a/EL8-ice/software/FlexiBLAS/3.4.4-GCC-13.3.0/include/flexiblas   -fvisibility=hidden  -fpic  -O2 -ftree-vectorize -march=native -fno-math-errno  -c modp_numtoa.c -o modp_numtoa.o
gcc -std=gnu2x -I"/rds/bear-apps/2024a/EL8-ice/software/R/4.5.0-gfbf-2024a/lib64/R/include" -DNDEBUG -Iyajl/api  -I/rds/bear-apps/2024a/EL8-ice/software/FriBidi/1.0.15-GCCcore-13.3.0/include -I/rds/bear-apps/2024a/EL8-ice/software/HarfBuzz/9.0.0-GCCcore-13.3.0/include -I/rds/bear-apps/2024a/EL8-ice/software/Tk/8.6.14-GCCcore-13.3.0/include -I/rds/bear-apps/2024a/EL8-ice/software/cURL/8.7.1-GCCcore-13.3.0/include -I/rds/bear-apps/2024a/EL8-ice/software/OpenSSL/3/include -I/rds/bear-apps/2024a/EL8-ice/software/libgit2/1.8.1-GCCcore-13.3.0/include -I/rds/bear-apps/2024a/EL8-ice/software/Java/17.0.15/include -I/rds/bear-apps/2024a/EL8-ice/software/LibTIFF/4.6.0-GCCcore-13.3.0/include -I/rds/bear-apps/2024a/EL8-ice/software/libjpeg-turbo/3.0.1-GCCcore-13.3.0/include -I/rds/bear-apps/2024a/EL8-ice/software/libpng/1.6.43-GCCcore-13.3.0/include -I/rds/bear-apps/2024a/EL8-ice/software/PCRE2/10.43-GCCcore-13.3.0/include -I/rds/bear-apps/2024a/EL8-ice/software/SQLite/3.45.3-GCCcore-13.3.0/include -I/rds/bear-apps/2024a/EL8-ice/software/zlib/1.3.1-GCCcore-13.3.0/include -I/rds/bear-apps/2024a/EL8-ice/software/XZ/5.4.5-GCCcore-13.3.0/include -I/rds/bear-apps/2024a/EL8-ice/software/bzip2/1.0.8-GCCcore-13.3.0/include -I/rds/bear-apps/2024a/EL8-ice/software/ncurses/6.5-GCCcore-13.3.0/include -I/rds/bear-apps/2024a/EL8-ice/software/libreadline/8.2-GCCcore-13.3.0/include -I/rds/bear-apps/2024a/EL8-ice/software/cairo/1.18.0-GCCcore-13.3.0/include -I/rds/bear-apps/2024a/EL8-ice/software/libGLU/9.0.3-GCCcore-13.3.0/include -I/rds/bear-apps/2024a/EL8-ice/software/Mesa/24.1.3-GCCcore-13.3.0/include -I/rds/bear-apps/2024a/EL8-ice/software/X11/20240607-GCCcore-13.3.0/include -I/rds/bear-apps/2024a/EL8-ice/software/pkgconf/2.2.0-GCCcore-13.3.0/include -I/rds/bear-apps/2024a/EL8-ice/software/FFTW/3.3.10-GCC-13.3.0/include -I/rds/bear-apps/2024a/EL8-ice/software/FlexiBLAS/3.4.4-GCC-13.3.0/include -I/rds/bear-apps/2024a/EL8-ice/software/FlexiBLAS/3.4.4-GCC-13.3.0/include/flexiblas   -fvisibility=hidden  -fpic  -O2 -ftree-vectorize -march=native -fno-math-errno  -c null_to_na.c -o null_to_na.o
gcc -std=gnu2x -I"/rds/bear-apps/2024a/EL8-ice/software/R/4.5.0-gfbf-2024a/lib64/R/include" -DNDEBUG -Iyajl/api  -I/rds/bear-apps/2024a/EL8-ice/software/FriBidi/1.0.15-GCCcore-13.3.0/include -I/rds/bear-apps/2024a/EL8-ice/software/HarfBuzz/9.0.0-GCCcore-13.3.0/include -I/rds/bear-apps/2024a/EL8-ice/software/Tk/8.6.14-GCCcore-13.3.0/include -I/rds/bear-apps/2024a/EL8-ice/software/cURL/8.7.1-GCCcore-13.3.0/include -I/rds/bear-apps/2024a/EL8-ice/software/OpenSSL/3/include -I/rds/bear-apps/2024a/EL8-ice/software/libgit2/1.8.1-GCCcore-13.3.0/include -I/rds/bear-apps/2024a/EL8-ice/software/Java/17.0.15/include -I/rds/bear-apps/2024a/EL8-ice/software/LibTIFF/4.6.0-GCCcore-13.3.0/include -I/rds/bear-apps/2024a/EL8-ice/software/libjpeg-turbo/3.0.1-GCCcore-13.3.0/include -I/rds/bear-apps/2024a/EL8-ice/software/libpng/1.6.43-GCCcore-13.3.0/include -I/rds/bear-apps/2024a/EL8-ice/software/PCRE2/10.43-GCCcore-13.3.0/include -I/rds/bear-apps/2024a/EL8-ice/software/SQLite/3.45.3-GCCcore-13.3.0/include -I/rds/bear-apps/2024a/EL8-ice/software/zlib/1.3.1-GCCcore-13.3.0/include -I/rds/bear-apps/2024a/EL8-ice/software/XZ/5.4.5-GCCcore-13.3.0/include -I/rds/bear-apps/2024a/EL8-ice/software/bzip2/1.0.8-GCCcore-13.3.0/include -I/rds/bear-apps/2024a/EL8-ice/software/ncurses/6.5-GCCcore-13.3.0/include -I/rds/bear-apps/2024a/EL8-ice/software/libreadline/8.2-GCCcore-13.3.0/include -I/rds/bear-apps/2024a/EL8-ice/software/cairo/1.18.0-GCCcore-13.3.0/include -I/rds/bear-apps/2024a/EL8-ice/software/libGLU/9.0.3-GCCcore-13.3.0/include -I/rds/bear-apps/2024a/EL8-ice/software/Mesa/24.1.3-GCCcore-13.3.0/include -I/rds/bear-apps/2024a/EL8-ice/software/X11/20240607-GCCcore-13.3.0/include -I/rds/bear-apps/2024a/EL8-ice/software/pkgconf/2.2.0-GCCcore-13.3.0/include -I/rds/bear-apps/2024a/EL8-ice/software/FFTW/3.3.10-GCC-13.3.0/include -I/rds/bear-apps/2024a/EL8-ice/software/FlexiBLAS/3.4.4-GCC-13.3.0/include -I/rds/bear-apps/2024a/EL8-ice/software/FlexiBLAS/3.4.4-GCC-13.3.0/include/flexiblas   -fvisibility=hidden  -fpic  -O2 -ftree-vectorize -march=native -fno-math-errno  -c num_to_char.c -o num_to_char.o
gcc -std=gnu2x -I"/rds/bear-apps/2024a/EL8-ice/software/R/4.5.0-gfbf-2024a/lib64/R/include" -DNDEBUG -Iyajl/api  -I/rds/bear-apps/2024a/EL8-ice/software/FriBidi/1.0.15-GCCcore-13.3.0/include -I/rds/bear-apps/2024a/EL8-ice/software/HarfBuzz/9.0.0-GCCcore-13.3.0/include -I/rds/bear-apps/2024a/EL8-ice/software/Tk/8.6.14-GCCcore-13.3.0/include -I/rds/bear-apps/2024a/EL8-ice/software/cURL/8.7.1-GCCcore-13.3.0/include -I/rds/bear-apps/2024a/EL8-ice/software/OpenSSL/3/include -I/rds/bear-apps/2024a/EL8-ice/software/libgit2/1.8.1-GCCcore-13.3.0/include -I/rds/bear-apps/2024a/EL8-ice/software/Java/17.0.15/include -I/rds/bear-apps/2024a/EL8-ice/software/LibTIFF/4.6.0-GCCcore-13.3.0/include -I/rds/bear-apps/2024a/EL8-ice/software/libjpeg-turbo/3.0.1-GCCcore-13.3.0/include -I/rds/bear-apps/2024a/EL8-ice/software/libpng/1.6.43-GCCcore-13.3.0/include -I/rds/bear-apps/2024a/EL8-ice/software/PCRE2/10.43-GCCcore-13.3.0/include -I/rds/bear-apps/2024a/EL8-ice/software/SQLite/3.45.3-GCCcore-13.3.0/include -I/rds/bear-apps/2024a/EL8-ice/software/zlib/1.3.1-GCCcore-13.3.0/include -I/rds/bear-apps/2024a/EL8-ice/software/XZ/5.4.5-GCCcore-13.3.0/include -I/rds/bear-apps/2024a/EL8-ice/software/bzip2/1.0.8-GCCcore-13.3.0/include -I/rds/bear-apps/2024a/EL8-ice/software/ncurses/6.5-GCCcore-13.3.0/include -I/rds/bear-apps/2024a/EL8-ice/software/libreadline/8.2-GCCcore-13.3.0/include -I/rds/bear-apps/2024a/EL8-ice/software/cairo/1.18.0-GCCcore-13.3.0/include -I/rds/bear-apps/2024a/EL8-ice/software/libGLU/9.0.3-GCCcore-13.3.0/include -I/rds/bear-apps/2024a/EL8-ice/software/Mesa/24.1.3-GCCcore-13.3.0/include -I/rds/bear-apps/2024a/EL8-ice/software/X11/20240607-GCCcore-13.3.0/include -I/rds/bear-apps/2024a/EL8-ice/software/pkgconf/2.2.0-GCCcore-13.3.0/include -I/rds/bear-apps/2024a/EL8-ice/software/FFTW/3.3.10-GCC-13.3.0/include -I/rds/bear-apps/2024a/EL8-ice/software/FlexiBLAS/3.4.4-GCC-13.3.0/include -I/rds/bear-apps/2024a/EL8-ice/software/FlexiBLAS/3.4.4-GCC-13.3.0/include/flexiblas   -fvisibility=hidden  -fpic  -O2 -ftree-vectorize -march=native -fno-math-errno  -c parse.c -o parse.o
gcc -std=gnu2x -I"/rds/bear-apps/2024a/EL8-ice/software/R/4.5.0-gfbf-2024a/lib64/R/include" -DNDEBUG -Iyajl/api  -I/rds/bear-apps/2024a/EL8-ice/software/FriBidi/1.0.15-GCCcore-13.3.0/include -I/rds/bear-apps/2024a/EL8-ice/software/HarfBuzz/9.0.0-GCCcore-13.3.0/include -I/rds/bear-apps/2024a/EL8-ice/software/Tk/8.6.14-GCCcore-13.3.0/include -I/rds/bear-apps/2024a/EL8-ice/software/cURL/8.7.1-GCCcore-13.3.0/include -I/rds/bear-apps/2024a/EL8-ice/software/OpenSSL/3/include -I/rds/bear-apps/2024a/EL8-ice/software/libgit2/1.8.1-GCCcore-13.3.0/include -I/rds/bear-apps/2024a/EL8-ice/software/Java/17.0.15/include -I/rds/bear-apps/2024a/EL8-ice/software/LibTIFF/4.6.0-GCCcore-13.3.0/include -I/rds/bear-apps/2024a/EL8-ice/software/libjpeg-turbo/3.0.1-GCCcore-13.3.0/include -I/rds/bear-apps/2024a/EL8-ice/software/libpng/1.6.43-GCCcore-13.3.0/include -I/rds/bear-apps/2024a/EL8-ice/software/PCRE2/10.43-GCCcore-13.3.0/include -I/rds/bear-apps/2024a/EL8-ice/software/SQLite/3.45.3-GCCcore-13.3.0/include -I/rds/bear-apps/2024a/EL8-ice/software/zlib/1.3.1-GCCcore-13.3.0/include -I/rds/bear-apps/2024a/EL8-ice/software/XZ/5.4.5-GCCcore-13.3.0/include -I/rds/bear-apps/2024a/EL8-ice/software/bzip2/1.0.8-GCCcore-13.3.0/include -I/rds/bear-apps/2024a/EL8-ice/software/ncurses/6.5-GCCcore-13.3.0/include -I/rds/bear-apps/2024a/EL8-ice/software/libreadline/8.2-GCCcore-13.3.0/include -I/rds/bear-apps/2024a/EL8-ice/software/cairo/1.18.0-GCCcore-13.3.0/include -I/rds/bear-apps/2024a/EL8-ice/software/libGLU/9.0.3-GCCcore-13.3.0/include -I/rds/bear-apps/2024a/EL8-ice/software/Mesa/24.1.3-GCCcore-13.3.0/include -I/rds/bear-apps/2024a/EL8-ice/software/X11/20240607-GCCcore-13.3.0/include -I/rds/bear-apps/2024a/EL8-ice/software/pkgconf/2.2.0-GCCcore-13.3.0/include -I/rds/bear-apps/2024a/EL8-ice/software/FFTW/3.3.10-GCC-13.3.0/include -I/rds/bear-apps/2024a/EL8-ice/software/FlexiBLAS/3.4.4-GCC-13.3.0/include -I/rds/bear-apps/2024a/EL8-ice/software/FlexiBLAS/3.4.4-GCC-13.3.0/include/flexiblas   -fvisibility=hidden  -fpic  -O2 -ftree-vectorize -march=native -fno-math-errno  -c prettify.c -o prettify.o
gcc -std=gnu2x -I"/rds/bear-apps/2024a/EL8-ice/software/R/4.5.0-gfbf-2024a/lib64/R/include" -DNDEBUG -Iyajl/api  -I/rds/bear-apps/2024a/EL8-ice/software/FriBidi/1.0.15-GCCcore-13.3.0/include -I/rds/bear-apps/2024a/EL8-ice/software/HarfBuzz/9.0.0-GCCcore-13.3.0/include -I/rds/bear-apps/2024a/EL8-ice/software/Tk/8.6.14-GCCcore-13.3.0/include -I/rds/bear-apps/2024a/EL8-ice/software/cURL/8.7.1-GCCcore-13.3.0/include -I/rds/bear-apps/2024a/EL8-ice/software/OpenSSL/3/include -I/rds/bear-apps/2024a/EL8-ice/software/libgit2/1.8.1-GCCcore-13.3.0/include -I/rds/bear-apps/2024a/EL8-ice/software/Java/17.0.15/include -I/rds/bear-apps/2024a/EL8-ice/software/LibTIFF/4.6.0-GCCcore-13.3.0/include -I/rds/bear-apps/2024a/EL8-ice/software/libjpeg-turbo/3.0.1-GCCcore-13.3.0/include -I/rds/bear-apps/2024a/EL8-ice/software/libpng/1.6.43-GCCcore-13.3.0/include -I/rds/bear-apps/2024a/EL8-ice/software/PCRE2/10.43-GCCcore-13.3.0/include -I/rds/bear-apps/2024a/EL8-ice/software/SQLite/3.45.3-GCCcore-13.3.0/include -I/rds/bear-apps/2024a/EL8-ice/software/zlib/1.3.1-GCCcore-13.3.0/include -I/rds/bear-apps/2024a/EL8-ice/software/XZ/5.4.5-GCCcore-13.3.0/include -I/rds/bear-apps/2024a/EL8-ice/software/bzip2/1.0.8-GCCcore-13.3.0/include -I/rds/bear-apps/2024a/EL8-ice/software/ncurses/6.5-GCCcore-13.3.0/include -I/rds/bear-apps/2024a/EL8-ice/software/libreadline/8.2-GCCcore-13.3.0/include -I/rds/bear-apps/2024a/EL8-ice/software/cairo/1.18.0-GCCcore-13.3.0/include -I/rds/bear-apps/2024a/EL8-ice/software/libGLU/9.0.3-GCCcore-13.3.0/include -I/rds/bear-apps/2024a/EL8-ice/software/Mesa/24.1.3-GCCcore-13.3.0/include -I/rds/bear-apps/2024a/EL8-ice/software/X11/20240607-GCCcore-13.3.0/include -I/rds/bear-apps/2024a/EL8-ice/software/pkgconf/2.2.0-GCCcore-13.3.0/include -I/rds/bear-apps/2024a/EL8-ice/software/FFTW/3.3.10-GCC-13.3.0/include -I/rds/bear-apps/2024a/EL8-ice/software/FlexiBLAS/3.4.4-GCC-13.3.0/include -I/rds/bear-apps/2024a/EL8-ice/software/FlexiBLAS/3.4.4-GCC-13.3.0/include/flexiblas   -fvisibility=hidden  -fpic  -O2 -ftree-vectorize -march=native -fno-math-errno  -c push_parser.c -o push_parser.o
gcc -std=gnu2x -I"/rds/bear-apps/2024a/EL8-ice/software/R/4.5.0-gfbf-2024a/lib64/R/include" -DNDEBUG -Iyajl/api  -I/rds/bear-apps/2024a/EL8-ice/software/FriBidi/1.0.15-GCCcore-13.3.0/include -I/rds/bear-apps/2024a/EL8-ice/software/HarfBuzz/9.0.0-GCCcore-13.3.0/include -I/rds/bear-apps/2024a/EL8-ice/software/Tk/8.6.14-GCCcore-13.3.0/include -I/rds/bear-apps/2024a/EL8-ice/software/cURL/8.7.1-GCCcore-13.3.0/include -I/rds/bear-apps/2024a/EL8-ice/software/OpenSSL/3/include -I/rds/bear-apps/2024a/EL8-ice/software/libgit2/1.8.1-GCCcore-13.3.0/include -I/rds/bear-apps/2024a/EL8-ice/software/Java/17.0.15/include -I/rds/bear-apps/2024a/EL8-ice/software/LibTIFF/4.6.0-GCCcore-13.3.0/include -I/rds/bear-apps/2024a/EL8-ice/software/libjpeg-turbo/3.0.1-GCCcore-13.3.0/include -I/rds/bear-apps/2024a/EL8-ice/software/libpng/1.6.43-GCCcore-13.3.0/include -I/rds/bear-apps/2024a/EL8-ice/software/PCRE2/10.43-GCCcore-13.3.0/include -I/rds/bear-apps/2024a/EL8-ice/software/SQLite/3.45.3-GCCcore-13.3.0/include -I/rds/bear-apps/2024a/EL8-ice/software/zlib/1.3.1-GCCcore-13.3.0/include -I/rds/bear-apps/2024a/EL8-ice/software/XZ/5.4.5-GCCcore-13.3.0/include -I/rds/bear-apps/2024a/EL8-ice/software/bzip2/1.0.8-GCCcore-13.3.0/include -I/rds/bear-apps/2024a/EL8-ice/software/ncurses/6.5-GCCcore-13.3.0/include -I/rds/bear-apps/2024a/EL8-ice/software/libreadline/8.2-GCCcore-13.3.0/include -I/rds/bear-apps/2024a/EL8-ice/software/cairo/1.18.0-GCCcore-13.3.0/include -I/rds/bear-apps/2024a/EL8-ice/software/libGLU/9.0.3-GCCcore-13.3.0/include -I/rds/bear-apps/2024a/EL8-ice/software/Mesa/24.1.3-GCCcore-13.3.0/include -I/rds/bear-apps/2024a/EL8-ice/software/X11/20240607-GCCcore-13.3.0/include -I/rds/bear-apps/2024a/EL8-ice/software/pkgconf/2.2.0-GCCcore-13.3.0/include -I/rds/bear-apps/2024a/EL8-ice/software/FFTW/3.3.10-GCC-13.3.0/include -I/rds/bear-apps/2024a/EL8-ice/software/FlexiBLAS/3.4.4-GCC-13.3.0/include -I/rds/bear-apps/2024a/EL8-ice/software/FlexiBLAS/3.4.4-GCC-13.3.0/include/flexiblas   -fvisibility=hidden  -fpic  -O2 -ftree-vectorize -march=native -fno-math-errno  -c r-base64.c -o r-base64.o
gcc -std=gnu2x -I"/rds/bear-apps/2024a/EL8-ice/software/R/4.5.0-gfbf-2024a/lib64/R/include" -DNDEBUG -Iyajl/api  -I/rds/bear-apps/2024a/EL8-ice/software/FriBidi/1.0.15-GCCcore-13.3.0/include -I/rds/bear-apps/2024a/EL8-ice/software/HarfBuzz/9.0.0-GCCcore-13.3.0/include -I/rds/bear-apps/2024a/EL8-ice/software/Tk/8.6.14-GCCcore-13.3.0/include -I/rds/bear-apps/2024a/EL8-ice/software/cURL/8.7.1-GCCcore-13.3.0/include -I/rds/bear-apps/2024a/EL8-ice/software/OpenSSL/3/include -I/rds/bear-apps/2024a/EL8-ice/software/libgit2/1.8.1-GCCcore-13.3.0/include -I/rds/bear-apps/2024a/EL8-ice/software/Java/17.0.15/include -I/rds/bear-apps/2024a/EL8-ice/software/LibTIFF/4.6.0-GCCcore-13.3.0/include -I/rds/bear-apps/2024a/EL8-ice/software/libjpeg-turbo/3.0.1-GCCcore-13.3.0/include -I/rds/bear-apps/2024a/EL8-ice/software/libpng/1.6.43-GCCcore-13.3.0/include -I/rds/bear-apps/2024a/EL8-ice/software/PCRE2/10.43-GCCcore-13.3.0/include -I/rds/bear-apps/2024a/EL8-ice/software/SQLite/3.45.3-GCCcore-13.3.0/include -I/rds/bear-apps/2024a/EL8-ice/software/zlib/1.3.1-GCCcore-13.3.0/include -I/rds/bear-apps/2024a/EL8-ice/software/XZ/5.4.5-GCCcore-13.3.0/include -I/rds/bear-apps/2024a/EL8-ice/software/bzip2/1.0.8-GCCcore-13.3.0/include -I/rds/bear-apps/2024a/EL8-ice/software/ncurses/6.5-GCCcore-13.3.0/include -I/rds/bear-apps/2024a/EL8-ice/software/libreadline/8.2-GCCcore-13.3.0/include -I/rds/bear-apps/2024a/EL8-ice/software/cairo/1.18.0-GCCcore-13.3.0/include -I/rds/bear-apps/2024a/EL8-ice/software/libGLU/9.0.3-GCCcore-13.3.0/include -I/rds/bear-apps/2024a/EL8-ice/software/Mesa/24.1.3-GCCcore-13.3.0/include -I/rds/bear-apps/2024a/EL8-ice/software/X11/20240607-GCCcore-13.3.0/include -I/rds/bear-apps/2024a/EL8-ice/software/pkgconf/2.2.0-GCCcore-13.3.0/include -I/rds/bear-apps/2024a/EL8-ice/software/FFTW/3.3.10-GCC-13.3.0/include -I/rds/bear-apps/2024a/EL8-ice/software/FlexiBLAS/3.4.4-GCC-13.3.0/include -I/rds/bear-apps/2024a/EL8-ice/software/FlexiBLAS/3.4.4-GCC-13.3.0/include/flexiblas   -fvisibility=hidden  -fpic  -O2 -ftree-vectorize -march=native -fno-math-errno  -c register.c -o register.o
gcc -std=gnu2x -I"/rds/bear-apps/2024a/EL8-ice/software/R/4.5.0-gfbf-2024a/lib64/R/include" -DNDEBUG -Iyajl/api  -I/rds/bear-apps/2024a/EL8-ice/software/FriBidi/1.0.15-GCCcore-13.3.0/include -I/rds/bear-apps/2024a/EL8-ice/software/HarfBuzz/9.0.0-GCCcore-13.3.0/include -I/rds/bear-apps/2024a/EL8-ice/software/Tk/8.6.14-GCCcore-13.3.0/include -I/rds/bear-apps/2024a/EL8-ice/software/cURL/8.7.1-GCCcore-13.3.0/include -I/rds/bear-apps/2024a/EL8-ice/software/OpenSSL/3/include -I/rds/bear-apps/2024a/EL8-ice/software/libgit2/1.8.1-GCCcore-13.3.0/include -I/rds/bear-apps/2024a/EL8-ice/software/Java/17.0.15/include -I/rds/bear-apps/2024a/EL8-ice/software/LibTIFF/4.6.0-GCCcore-13.3.0/include -I/rds/bear-apps/2024a/EL8-ice/software/libjpeg-turbo/3.0.1-GCCcore-13.3.0/include -I/rds/bear-apps/2024a/EL8-ice/software/libpng/1.6.43-GCCcore-13.3.0/include -I/rds/bear-apps/2024a/EL8-ice/software/PCRE2/10.43-GCCcore-13.3.0/include -I/rds/bear-apps/2024a/EL8-ice/software/SQLite/3.45.3-GCCcore-13.3.0/include -I/rds/bear-apps/2024a/EL8-ice/software/zlib/1.3.1-GCCcore-13.3.0/include -I/rds/bear-apps/2024a/EL8-ice/software/XZ/5.4.5-GCCcore-13.3.0/include -I/rds/bear-apps/2024a/EL8-ice/software/bzip2/1.0.8-GCCcore-13.3.0/include -I/rds/bear-apps/2024a/EL8-ice/software/ncurses/6.5-GCCcore-13.3.0/include -I/rds/bear-apps/2024a/EL8-ice/software/libreadline/8.2-GCCcore-13.3.0/include -I/rds/bear-apps/2024a/EL8-ice/software/cairo/1.18.0-GCCcore-13.3.0/include -I/rds/bear-apps/2024a/EL8-ice/software/libGLU/9.0.3-GCCcore-13.3.0/include -I/rds/bear-apps/2024a/EL8-ice/software/Mesa/24.1.3-GCCcore-13.3.0/include -I/rds/bear-apps/2024a/EL8-ice/software/X11/20240607-GCCcore-13.3.0/include -I/rds/bear-apps/2024a/EL8-ice/software/pkgconf/2.2.0-GCCcore-13.3.0/include -I/rds/bear-apps/2024a/EL8-ice/software/FFTW/3.3.10-GCC-13.3.0/include -I/rds/bear-apps/2024a/EL8-ice/software/FlexiBLAS/3.4.4-GCC-13.3.0/include -I/rds/bear-apps/2024a/EL8-ice/software/FlexiBLAS/3.4.4-GCC-13.3.0/include/flexiblas   -fvisibility=hidden  -fpic  -O2 -ftree-vectorize -march=native -fno-math-errno  -c row_collapse.c -o row_collapse.o
gcc -std=gnu2x -I"/rds/bear-apps/2024a/EL8-ice/software/R/4.5.0-gfbf-2024a/lib64/R/include" -DNDEBUG -Iyajl/api  -I/rds/bear-apps/2024a/EL8-ice/software/FriBidi/1.0.15-GCCcore-13.3.0/include -I/rds/bear-apps/2024a/EL8-ice/software/HarfBuzz/9.0.0-GCCcore-13.3.0/include -I/rds/bear-apps/2024a/EL8-ice/software/Tk/8.6.14-GCCcore-13.3.0/include -I/rds/bear-apps/2024a/EL8-ice/software/cURL/8.7.1-GCCcore-13.3.0/include -I/rds/bear-apps/2024a/EL8-ice/software/OpenSSL/3/include -I/rds/bear-apps/2024a/EL8-ice/software/libgit2/1.8.1-GCCcore-13.3.0/include -I/rds/bear-apps/2024a/EL8-ice/software/Java/17.0.15/include -I/rds/bear-apps/2024a/EL8-ice/software/LibTIFF/4.6.0-GCCcore-13.3.0/include -I/rds/bear-apps/2024a/EL8-ice/software/libjpeg-turbo/3.0.1-GCCcore-13.3.0/include -I/rds/bear-apps/2024a/EL8-ice/software/libpng/1.6.43-GCCcore-13.3.0/include -I/rds/bear-apps/2024a/EL8-ice/software/PCRE2/10.43-GCCcore-13.3.0/include -I/rds/bear-apps/2024a/EL8-ice/software/SQLite/3.45.3-GCCcore-13.3.0/include -I/rds/bear-apps/2024a/EL8-ice/software/zlib/1.3.1-GCCcore-13.3.0/include -I/rds/bear-apps/2024a/EL8-ice/software/XZ/5.4.5-GCCcore-13.3.0/include -I/rds/bear-apps/2024a/EL8-ice/software/bzip2/1.0.8-GCCcore-13.3.0/include -I/rds/bear-apps/2024a/EL8-ice/software/ncurses/6.5-GCCcore-13.3.0/include -I/rds/bear-apps/2024a/EL8-ice/software/libreadline/8.2-GCCcore-13.3.0/include -I/rds/bear-apps/2024a/EL8-ice/software/cairo/1.18.0-GCCcore-13.3.0/include -I/rds/bear-apps/2024a/EL8-ice/software/libGLU/9.0.3-GCCcore-13.3.0/include -I/rds/bear-apps/2024a/EL8-ice/software/Mesa/24.1.3-GCCcore-13.3.0/include -I/rds/bear-apps/2024a/EL8-ice/software/X11/20240607-GCCcore-13.3.0/include -I/rds/bear-apps/2024a/EL8-ice/software/pkgconf/2.2.0-GCCcore-13.3.0/include -I/rds/bear-apps/2024a/EL8-ice/software/FFTW/3.3.10-GCC-13.3.0/include -I/rds/bear-apps/2024a/EL8-ice/software/FlexiBLAS/3.4.4-GCC-13.3.0/include -I/rds/bear-apps/2024a/EL8-ice/software/FlexiBLAS/3.4.4-GCC-13.3.0/include/flexiblas   -fvisibility=hidden  -fpic  -O2 -ftree-vectorize -march=native -fno-math-errno  -c transpose_list.c -o transpose_list.o
gcc -std=gnu2x -I"/rds/bear-apps/2024a/EL8-ice/software/R/4.5.0-gfbf-2024a/lib64/R/include" -DNDEBUG -Iyajl/api  -I/rds/bear-apps/2024a/EL8-ice/software/FriBidi/1.0.15-GCCcore-13.3.0/include -I/rds/bear-apps/2024a/EL8-ice/software/HarfBuzz/9.0.0-GCCcore-13.3.0/include -I/rds/bear-apps/2024a/EL8-ice/software/Tk/8.6.14-GCCcore-13.3.0/include -I/rds/bear-apps/2024a/EL8-ice/software/cURL/8.7.1-GCCcore-13.3.0/include -I/rds/bear-apps/2024a/EL8-ice/software/OpenSSL/3/include -I/rds/bear-apps/2024a/EL8-ice/software/libgit2/1.8.1-GCCcore-13.3.0/include -I/rds/bear-apps/2024a/EL8-ice/software/Java/17.0.15/include -I/rds/bear-apps/2024a/EL8-ice/software/LibTIFF/4.6.0-GCCcore-13.3.0/include -I/rds/bear-apps/2024a/EL8-ice/software/libjpeg-turbo/3.0.1-GCCcore-13.3.0/include -I/rds/bear-apps/2024a/EL8-ice/software/libpng/1.6.43-GCCcore-13.3.0/include -I/rds/bear-apps/2024a/EL8-ice/software/PCRE2/10.43-GCCcore-13.3.0/include -I/rds/bear-apps/2024a/EL8-ice/software/SQLite/3.45.3-GCCcore-13.3.0/include -I/rds/bear-apps/2024a/EL8-ice/software/zlib/1.3.1-GCCcore-13.3.0/include -I/rds/bear-apps/2024a/EL8-ice/software/XZ/5.4.5-GCCcore-13.3.0/include -I/rds/bear-apps/2024a/EL8-ice/software/bzip2/1.0.8-GCCcore-13.3.0/include -I/rds/bear-apps/2024a/EL8-ice/software/ncurses/6.5-GCCcore-13.3.0/include -I/rds/bear-apps/2024a/EL8-ice/software/libreadline/8.2-GCCcore-13.3.0/include -I/rds/bear-apps/2024a/EL8-ice/software/cairo/1.18.0-GCCcore-13.3.0/include -I/rds/bear-apps/2024a/EL8-ice/software/libGLU/9.0.3-GCCcore-13.3.0/include -I/rds/bear-apps/2024a/EL8-ice/software/Mesa/24.1.3-GCCcore-13.3.0/include -I/rds/bear-apps/2024a/EL8-ice/software/X11/20240607-GCCcore-13.3.0/include -I/rds/bear-apps/2024a/EL8-ice/software/pkgconf/2.2.0-GCCcore-13.3.0/include -I/rds/bear-apps/2024a/EL8-ice/software/FFTW/3.3.10-GCC-13.3.0/include -I/rds/bear-apps/2024a/EL8-ice/software/FlexiBLAS/3.4.4-GCC-13.3.0/include -I/rds/bear-apps/2024a/EL8-ice/software/FlexiBLAS/3.4.4-GCC-13.3.0/include/flexiblas   -fvisibility=hidden  -fpic  -O2 -ftree-vectorize -march=native -fno-math-errno  -c validate.c -o validate.o
gcc -std=gnu2x -I"/rds/bear-apps/2024a/EL8-ice/software/R/4.5.0-gfbf-2024a/lib64/R/include" -DNDEBUG -Iyajl/api  -I/rds/bear-apps/2024a/EL8-ice/software/FriBidi/1.0.15-GCCcore-13.3.0/include -I/rds/bear-apps/2024a/EL8-ice/software/HarfBuzz/9.0.0-GCCcore-13.3.0/include -I/rds/bear-apps/2024a/EL8-ice/software/Tk/8.6.14-GCCcore-13.3.0/include -I/rds/bear-apps/2024a/EL8-ice/software/cURL/8.7.1-GCCcore-13.3.0/include -I/rds/bear-apps/2024a/EL8-ice/software/OpenSSL/3/include -I/rds/bear-apps/2024a/EL8-ice/software/libgit2/1.8.1-GCCcore-13.3.0/include -I/rds/bear-apps/2024a/EL8-ice/software/Java/17.0.15/include -I/rds/bear-apps/2024a/EL8-ice/software/LibTIFF/4.6.0-GCCcore-13.3.0/include -I/rds/bear-apps/2024a/EL8-ice/software/libjpeg-turbo/3.0.1-GCCcore-13.3.0/include -I/rds/bear-apps/2024a/EL8-ice/software/libpng/1.6.43-GCCcore-13.3.0/include -I/rds/bear-apps/2024a/EL8-ice/software/PCRE2/10.43-GCCcore-13.3.0/include -I/rds/bear-apps/2024a/EL8-ice/software/SQLite/3.45.3-GCCcore-13.3.0/include -I/rds/bear-apps/2024a/EL8-ice/software/zlib/1.3.1-GCCcore-13.3.0/include -I/rds/bear-apps/2024a/EL8-ice/software/XZ/5.4.5-GCCcore-13.3.0/include -I/rds/bear-apps/2024a/EL8-ice/software/bzip2/1.0.8-GCCcore-13.3.0/include -I/rds/bear-apps/2024a/EL8-ice/software/ncurses/6.5-GCCcore-13.3.0/include -I/rds/bear-apps/2024a/EL8-ice/software/libreadline/8.2-GCCcore-13.3.0/include -I/rds/bear-apps/2024a/EL8-ice/software/cairo/1.18.0-GCCcore-13.3.0/include -I/rds/bear-apps/2024a/EL8-ice/software/libGLU/9.0.3-GCCcore-13.3.0/include -I/rds/bear-apps/2024a/EL8-ice/software/Mesa/24.1.3-GCCcore-13.3.0/include -I/rds/bear-apps/2024a/EL8-ice/software/X11/20240607-GCCcore-13.3.0/include -I/rds/bear-apps/2024a/EL8-ice/software/pkgconf/2.2.0-GCCcore-13.3.0/include -I/rds/bear-apps/2024a/EL8-ice/software/FFTW/3.3.10-GCC-13.3.0/include -I/rds/bear-apps/2024a/EL8-ice/software/FlexiBLAS/3.4.4-GCC-13.3.0/include -I/rds/bear-apps/2024a/EL8-ice/software/FlexiBLAS/3.4.4-GCC-13.3.0/include/flexiblas   -fvisibility=hidden  -fpic  -O2 -ftree-vectorize -march=native -fno-math-errno  -c yajl/yajl.c -o yajl/yajl.o
gcc -std=gnu2x -I"/rds/bear-apps/2024a/EL8-ice/software/R/4.5.0-gfbf-2024a/lib64/R/include" -DNDEBUG -Iyajl/api  -I/rds/bear-apps/2024a/EL8-ice/software/FriBidi/1.0.15-GCCcore-13.3.0/include -I/rds/bear-apps/2024a/EL8-ice/software/HarfBuzz/9.0.0-GCCcore-13.3.0/include -I/rds/bear-apps/2024a/EL8-ice/software/Tk/8.6.14-GCCcore-13.3.0/include -I/rds/bear-apps/2024a/EL8-ice/software/cURL/8.7.1-GCCcore-13.3.0/include -I/rds/bear-apps/2024a/EL8-ice/software/OpenSSL/3/include -I/rds/bear-apps/2024a/EL8-ice/software/libgit2/1.8.1-GCCcore-13.3.0/include -I/rds/bear-apps/2024a/EL8-ice/software/Java/17.0.15/include -I/rds/bear-apps/2024a/EL8-ice/software/LibTIFF/4.6.0-GCCcore-13.3.0/include -I/rds/bear-apps/2024a/EL8-ice/software/libjpeg-turbo/3.0.1-GCCcore-13.3.0/include -I/rds/bear-apps/2024a/EL8-ice/software/libpng/1.6.43-GCCcore-13.3.0/include -I/rds/bear-apps/2024a/EL8-ice/software/PCRE2/10.43-GCCcore-13.3.0/include -I/rds/bear-apps/2024a/EL8-ice/software/SQLite/3.45.3-GCCcore-13.3.0/include -I/rds/bear-apps/2024a/EL8-ice/software/zlib/1.3.1-GCCcore-13.3.0/include -I/rds/bear-apps/2024a/EL8-ice/software/XZ/5.4.5-GCCcore-13.3.0/include -I/rds/bear-apps/2024a/EL8-ice/software/bzip2/1.0.8-GCCcore-13.3.0/include -I/rds/bear-apps/2024a/EL8-ice/software/ncurses/6.5-GCCcore-13.3.0/include -I/rds/bear-apps/2024a/EL8-ice/software/libreadline/8.2-GCCcore-13.3.0/include -I/rds/bear-apps/2024a/EL8-ice/software/cairo/1.18.0-GCCcore-13.3.0/include -I/rds/bear-apps/2024a/EL8-ice/software/libGLU/9.0.3-GCCcore-13.3.0/include -I/rds/bear-apps/2024a/EL8-ice/software/Mesa/24.1.3-GCCcore-13.3.0/include -I/rds/bear-apps/2024a/EL8-ice/software/X11/20240607-GCCcore-13.3.0/include -I/rds/bear-apps/2024a/EL8-ice/software/pkgconf/2.2.0-GCCcore-13.3.0/include -I/rds/bear-apps/2024a/EL8-ice/software/FFTW/3.3.10-GCC-13.3.0/include -I/rds/bear-apps/2024a/EL8-ice/software/FlexiBLAS/3.4.4-GCC-13.3.0/include -I/rds/bear-apps/2024a/EL8-ice/software/FlexiBLAS/3.4.4-GCC-13.3.0/include/flexiblas   -fvisibility=hidden  -fpic  -O2 -ftree-vectorize -march=native -fno-math-errno  -c yajl/yajl_alloc.c -o yajl/yajl_alloc.o
gcc -std=gnu2x -I"/rds/bear-apps/2024a/EL8-ice/software/R/4.5.0-gfbf-2024a/lib64/R/include" -DNDEBUG -Iyajl/api  -I/rds/bear-apps/2024a/EL8-ice/software/FriBidi/1.0.15-GCCcore-13.3.0/include -I/rds/bear-apps/2024a/EL8-ice/software/HarfBuzz/9.0.0-GCCcore-13.3.0/include -I/rds/bear-apps/2024a/EL8-ice/software/Tk/8.6.14-GCCcore-13.3.0/include -I/rds/bear-apps/2024a/EL8-ice/software/cURL/8.7.1-GCCcore-13.3.0/include -I/rds/bear-apps/2024a/EL8-ice/software/OpenSSL/3/include -I/rds/bear-apps/2024a/EL8-ice/software/libgit2/1.8.1-GCCcore-13.3.0/include -I/rds/bear-apps/2024a/EL8-ice/software/Java/17.0.15/include -I/rds/bear-apps/2024a/EL8-ice/software/LibTIFF/4.6.0-GCCcore-13.3.0/include -I/rds/bear-apps/2024a/EL8-ice/software/libjpeg-turbo/3.0.1-GCCcore-13.3.0/include -I/rds/bear-apps/2024a/EL8-ice/software/libpng/1.6.43-GCCcore-13.3.0/include -I/rds/bear-apps/2024a/EL8-ice/software/PCRE2/10.43-GCCcore-13.3.0/include -I/rds/bear-apps/2024a/EL8-ice/software/SQLite/3.45.3-GCCcore-13.3.0/include -I/rds/bear-apps/2024a/EL8-ice/software/zlib/1.3.1-GCCcore-13.3.0/include -I/rds/bear-apps/2024a/EL8-ice/software/XZ/5.4.5-GCCcore-13.3.0/include -I/rds/bear-apps/2024a/EL8-ice/software/bzip2/1.0.8-GCCcore-13.3.0/include -I/rds/bear-apps/2024a/EL8-ice/software/ncurses/6.5-GCCcore-13.3.0/include -I/rds/bear-apps/2024a/EL8-ice/software/libreadline/8.2-GCCcore-13.3.0/include -I/rds/bear-apps/2024a/EL8-ice/software/cairo/1.18.0-GCCcore-13.3.0/include -I/rds/bear-apps/2024a/EL8-ice/software/libGLU/9.0.3-GCCcore-13.3.0/include -I/rds/bear-apps/2024a/EL8-ice/software/Mesa/24.1.3-GCCcore-13.3.0/include -I/rds/bear-apps/2024a/EL8-ice/software/X11/20240607-GCCcore-13.3.0/include -I/rds/bear-apps/2024a/EL8-ice/software/pkgconf/2.2.0-GCCcore-13.3.0/include -I/rds/bear-apps/2024a/EL8-ice/software/FFTW/3.3.10-GCC-13.3.0/include -I/rds/bear-apps/2024a/EL8-ice/software/FlexiBLAS/3.4.4-GCC-13.3.0/include -I/rds/bear-apps/2024a/EL8-ice/software/FlexiBLAS/3.4.4-GCC-13.3.0/include/flexiblas   -fvisibility=hidden  -fpic  -O2 -ftree-vectorize -march=native -fno-math-errno  -c yajl/yajl_buf.c -o yajl/yajl_buf.o
gcc -std=gnu2x -I"/rds/bear-apps/2024a/EL8-ice/software/R/4.5.0-gfbf-2024a/lib64/R/include" -DNDEBUG -Iyajl/api  -I/rds/bear-apps/2024a/EL8-ice/software/FriBidi/1.0.15-GCCcore-13.3.0/include -I/rds/bear-apps/2024a/EL8-ice/software/HarfBuzz/9.0.0-GCCcore-13.3.0/include -I/rds/bear-apps/2024a/EL8-ice/software/Tk/8.6.14-GCCcore-13.3.0/include -I/rds/bear-apps/2024a/EL8-ice/software/cURL/8.7.1-GCCcore-13.3.0/include -I/rds/bear-apps/2024a/EL8-ice/software/OpenSSL/3/include -I/rds/bear-apps/2024a/EL8-ice/software/libgit2/1.8.1-GCCcore-13.3.0/include -I/rds/bear-apps/2024a/EL8-ice/software/Java/17.0.15/include -I/rds/bear-apps/2024a/EL8-ice/software/LibTIFF/4.6.0-GCCcore-13.3.0/include -I/rds/bear-apps/2024a/EL8-ice/software/libjpeg-turbo/3.0.1-GCCcore-13.3.0/include -I/rds/bear-apps/2024a/EL8-ice/software/libpng/1.6.43-GCCcore-13.3.0/include -I/rds/bear-apps/2024a/EL8-ice/software/PCRE2/10.43-GCCcore-13.3.0/include -I/rds/bear-apps/2024a/EL8-ice/software/SQLite/3.45.3-GCCcore-13.3.0/include -I/rds/bear-apps/2024a/EL8-ice/software/zlib/1.3.1-GCCcore-13.3.0/include -I/rds/bear-apps/2024a/EL8-ice/software/XZ/5.4.5-GCCcore-13.3.0/include -I/rds/bear-apps/2024a/EL8-ice/software/bzip2/1.0.8-GCCcore-13.3.0/include -I/rds/bear-apps/2024a/EL8-ice/software/ncurses/6.5-GCCcore-13.3.0/include -I/rds/bear-apps/2024a/EL8-ice/software/libreadline/8.2-GCCcore-13.3.0/include -I/rds/bear-apps/2024a/EL8-ice/software/cairo/1.18.0-GCCcore-13.3.0/include -I/rds/bear-apps/2024a/EL8-ice/software/libGLU/9.0.3-GCCcore-13.3.0/include -I/rds/bear-apps/2024a/EL8-ice/software/Mesa/24.1.3-GCCcore-13.3.0/include -I/rds/bear-apps/2024a/EL8-ice/software/X11/20240607-GCCcore-13.3.0/include -I/rds/bear-apps/2024a/EL8-ice/software/pkgconf/2.2.0-GCCcore-13.3.0/include -I/rds/bear-apps/2024a/EL8-ice/software/FFTW/3.3.10-GCC-13.3.0/include -I/rds/bear-apps/2024a/EL8-ice/software/FlexiBLAS/3.4.4-GCC-13.3.0/include -I/rds/bear-apps/2024a/EL8-ice/software/FlexiBLAS/3.4.4-GCC-13.3.0/include/flexiblas   -fvisibility=hidden  -fpic  -O2 -ftree-vectorize -march=native -fno-math-errno  -c yajl/yajl_encode.c -o yajl/yajl_encode.o
gcc -std=gnu2x -I"/rds/bear-apps/2024a/EL8-ice/software/R/4.5.0-gfbf-2024a/lib64/R/include" -DNDEBUG -Iyajl/api  -I/rds/bear-apps/2024a/EL8-ice/software/FriBidi/1.0.15-GCCcore-13.3.0/include -I/rds/bear-apps/2024a/EL8-ice/software/HarfBuzz/9.0.0-GCCcore-13.3.0/include -I/rds/bear-apps/2024a/EL8-ice/software/Tk/8.6.14-GCCcore-13.3.0/include -I/rds/bear-apps/2024a/EL8-ice/software/cURL/8.7.1-GCCcore-13.3.0/include -I/rds/bear-apps/2024a/EL8-ice/software/OpenSSL/3/include -I/rds/bear-apps/2024a/EL8-ice/software/libgit2/1.8.1-GCCcore-13.3.0/include -I/rds/bear-apps/2024a/EL8-ice/software/Java/17.0.15/include -I/rds/bear-apps/2024a/EL8-ice/software/LibTIFF/4.6.0-GCCcore-13.3.0/include -I/rds/bear-apps/2024a/EL8-ice/software/libjpeg-turbo/3.0.1-GCCcore-13.3.0/include -I/rds/bear-apps/2024a/EL8-ice/software/libpng/1.6.43-GCCcore-13.3.0/include -I/rds/bear-apps/2024a/EL8-ice/software/PCRE2/10.43-GCCcore-13.3.0/include -I/rds/bear-apps/2024a/EL8-ice/software/SQLite/3.45.3-GCCcore-13.3.0/include -I/rds/bear-apps/2024a/EL8-ice/software/zlib/1.3.1-GCCcore-13.3.0/include -I/rds/bear-apps/2024a/EL8-ice/software/XZ/5.4.5-GCCcore-13.3.0/include -I/rds/bear-apps/2024a/EL8-ice/software/bzip2/1.0.8-GCCcore-13.3.0/include -I/rds/bear-apps/2024a/EL8-ice/software/ncurses/6.5-GCCcore-13.3.0/include -I/rds/bear-apps/2024a/EL8-ice/software/libreadline/8.2-GCCcore-13.3.0/include -I/rds/bear-apps/2024a/EL8-ice/software/cairo/1.18.0-GCCcore-13.3.0/include -I/rds/bear-apps/2024a/EL8-ice/software/libGLU/9.0.3-GCCcore-13.3.0/include -I/rds/bear-apps/2024a/EL8-ice/software/Mesa/24.1.3-GCCcore-13.3.0/include -I/rds/bear-apps/2024a/EL8-ice/software/X11/20240607-GCCcore-13.3.0/include -I/rds/bear-apps/2024a/EL8-ice/software/pkgconf/2.2.0-GCCcore-13.3.0/include -I/rds/bear-apps/2024a/EL8-ice/software/FFTW/3.3.10-GCC-13.3.0/include -I/rds/bear-apps/2024a/EL8-ice/software/FlexiBLAS/3.4.4-GCC-13.3.0/include -I/rds/bear-apps/2024a/EL8-ice/software/FlexiBLAS/3.4.4-GCC-13.3.0/include/flexiblas   -fvisibility=hidden  -fpic  -O2 -ftree-vectorize -march=native -fno-math-errno  -c yajl/yajl_gen.c -o yajl/yajl_gen.o
gcc -std=gnu2x -I"/rds/bear-apps/2024a/EL8-ice/software/R/4.5.0-gfbf-2024a/lib64/R/include" -DNDEBUG -Iyajl/api  -I/rds/bear-apps/2024a/EL8-ice/software/FriBidi/1.0.15-GCCcore-13.3.0/include -I/rds/bear-apps/2024a/EL8-ice/software/HarfBuzz/9.0.0-GCCcore-13.3.0/include -I/rds/bear-apps/2024a/EL8-ice/software/Tk/8.6.14-GCCcore-13.3.0/include -I/rds/bear-apps/2024a/EL8-ice/software/cURL/8.7.1-GCCcore-13.3.0/include -I/rds/bear-apps/2024a/EL8-ice/software/OpenSSL/3/include -I/rds/bear-apps/2024a/EL8-ice/software/libgit2/1.8.1-GCCcore-13.3.0/include -I/rds/bear-apps/2024a/EL8-ice/software/Java/17.0.15/include -I/rds/bear-apps/2024a/EL8-ice/software/LibTIFF/4.6.0-GCCcore-13.3.0/include -I/rds/bear-apps/2024a/EL8-ice/software/libjpeg-turbo/3.0.1-GCCcore-13.3.0/include -I/rds/bear-apps/2024a/EL8-ice/software/libpng/1.6.43-GCCcore-13.3.0/include -I/rds/bear-apps/2024a/EL8-ice/software/PCRE2/10.43-GCCcore-13.3.0/include -I/rds/bear-apps/2024a/EL8-ice/software/SQLite/3.45.3-GCCcore-13.3.0/include -I/rds/bear-apps/2024a/EL8-ice/software/zlib/1.3.1-GCCcore-13.3.0/include -I/rds/bear-apps/2024a/EL8-ice/software/XZ/5.4.5-GCCcore-13.3.0/include -I/rds/bear-apps/2024a/EL8-ice/software/bzip2/1.0.8-GCCcore-13.3.0/include -I/rds/bear-apps/2024a/EL8-ice/software/ncurses/6.5-GCCcore-13.3.0/include -I/rds/bear-apps/2024a/EL8-ice/software/libreadline/8.2-GCCcore-13.3.0/include -I/rds/bear-apps/2024a/EL8-ice/software/cairo/1.18.0-GCCcore-13.3.0/include -I/rds/bear-apps/2024a/EL8-ice/software/libGLU/9.0.3-GCCcore-13.3.0/include -I/rds/bear-apps/2024a/EL8-ice/software/Mesa/24.1.3-GCCcore-13.3.0/include -I/rds/bear-apps/2024a/EL8-ice/software/X11/20240607-GCCcore-13.3.0/include -I/rds/bear-apps/2024a/EL8-ice/software/pkgconf/2.2.0-GCCcore-13.3.0/include -I/rds/bear-apps/2024a/EL8-ice/software/FFTW/3.3.10-GCC-13.3.0/include -I/rds/bear-apps/2024a/EL8-ice/software/FlexiBLAS/3.4.4-GCC-13.3.0/include -I/rds/bear-apps/2024a/EL8-ice/software/FlexiBLAS/3.4.4-GCC-13.3.0/include/flexiblas   -fvisibility=hidden  -fpic  -O2 -ftree-vectorize -march=native -fno-math-errno  -c yajl/yajl_lex.c -o yajl/yajl_lex.o
gcc -std=gnu2x -I"/rds/bear-apps/2024a/EL8-ice/software/R/4.5.0-gfbf-2024a/lib64/R/include" -DNDEBUG -Iyajl/api  -I/rds/bear-apps/2024a/EL8-ice/software/FriBidi/1.0.15-GCCcore-13.3.0/include -I/rds/bear-apps/2024a/EL8-ice/software/HarfBuzz/9.0.0-GCCcore-13.3.0/include -I/rds/bear-apps/2024a/EL8-ice/software/Tk/8.6.14-GCCcore-13.3.0/include -I/rds/bear-apps/2024a/EL8-ice/software/cURL/8.7.1-GCCcore-13.3.0/include -I/rds/bear-apps/2024a/EL8-ice/software/OpenSSL/3/include -I/rds/bear-apps/2024a/EL8-ice/software/libgit2/1.8.1-GCCcore-13.3.0/include -I/rds/bear-apps/2024a/EL8-ice/software/Java/17.0.15/include -I/rds/bear-apps/2024a/EL8-ice/software/LibTIFF/4.6.0-GCCcore-13.3.0/include -I/rds/bear-apps/2024a/EL8-ice/software/libjpeg-turbo/3.0.1-GCCcore-13.3.0/include -I/rds/bear-apps/2024a/EL8-ice/software/libpng/1.6.43-GCCcore-13.3.0/include -I/rds/bear-apps/2024a/EL8-ice/software/PCRE2/10.43-GCCcore-13.3.0/include -I/rds/bear-apps/2024a/EL8-ice/software/SQLite/3.45.3-GCCcore-13.3.0/include -I/rds/bear-apps/2024a/EL8-ice/software/zlib/1.3.1-GCCcore-13.3.0/include -I/rds/bear-apps/2024a/EL8-ice/software/XZ/5.4.5-GCCcore-13.3.0/include -I/rds/bear-apps/2024a/EL8-ice/software/bzip2/1.0.8-GCCcore-13.3.0/include -I/rds/bear-apps/2024a/EL8-ice/software/ncurses/6.5-GCCcore-13.3.0/include -I/rds/bear-apps/2024a/EL8-ice/software/libreadline/8.2-GCCcore-13.3.0/include -I/rds/bear-apps/2024a/EL8-ice/software/cairo/1.18.0-GCCcore-13.3.0/include -I/rds/bear-apps/2024a/EL8-ice/software/libGLU/9.0.3-GCCcore-13.3.0/include -I/rds/bear-apps/2024a/EL8-ice/software/Mesa/24.1.3-GCCcore-13.3.0/include -I/rds/bear-apps/2024a/EL8-ice/software/X11/20240607-GCCcore-13.3.0/include -I/rds/bear-apps/2024a/EL8-ice/software/pkgconf/2.2.0-GCCcore-13.3.0/include -I/rds/bear-apps/2024a/EL8-ice/software/FFTW/3.3.10-GCC-13.3.0/include -I/rds/bear-apps/2024a/EL8-ice/software/FlexiBLAS/3.4.4-GCC-13.3.0/include -I/rds/bear-apps/2024a/EL8-ice/software/FlexiBLAS/3.4.4-GCC-13.3.0/include/flexiblas   -fvisibility=hidden  -fpic  -O2 -ftree-vectorize -march=native -fno-math-errno  -c yajl/yajl_parser.c -o yajl/yajl_parser.o
gcc -std=gnu2x -I"/rds/bear-apps/2024a/EL8-ice/software/R/4.5.0-gfbf-2024a/lib64/R/include" -DNDEBUG -Iyajl/api  -I/rds/bear-apps/2024a/EL8-ice/software/FriBidi/1.0.15-GCCcore-13.3.0/include -I/rds/bear-apps/2024a/EL8-ice/software/HarfBuzz/9.0.0-GCCcore-13.3.0/include -I/rds/bear-apps/2024a/EL8-ice/software/Tk/8.6.14-GCCcore-13.3.0/include -I/rds/bear-apps/2024a/EL8-ice/software/cURL/8.7.1-GCCcore-13.3.0/include -I/rds/bear-apps/2024a/EL8-ice/software/OpenSSL/3/include -I/rds/bear-apps/2024a/EL8-ice/software/libgit2/1.8.1-GCCcore-13.3.0/include -I/rds/bear-apps/2024a/EL8-ice/software/Java/17.0.15/include -I/rds/bear-apps/2024a/EL8-ice/software/LibTIFF/4.6.0-GCCcore-13.3.0/include -I/rds/bear-apps/2024a/EL8-ice/software/libjpeg-turbo/3.0.1-GCCcore-13.3.0/include -I/rds/bear-apps/2024a/EL8-ice/software/libpng/1.6.43-GCCcore-13.3.0/include -I/rds/bear-apps/2024a/EL8-ice/software/PCRE2/10.43-GCCcore-13.3.0/include -I/rds/bear-apps/2024a/EL8-ice/software/SQLite/3.45.3-GCCcore-13.3.0/include -I/rds/bear-apps/2024a/EL8-ice/software/zlib/1.3.1-GCCcore-13.3.0/include -I/rds/bear-apps/2024a/EL8-ice/software/XZ/5.4.5-GCCcore-13.3.0/include -I/rds/bear-apps/2024a/EL8-ice/software/bzip2/1.0.8-GCCcore-13.3.0/include -I/rds/bear-apps/2024a/EL8-ice/software/ncurses/6.5-GCCcore-13.3.0/include -I/rds/bear-apps/2024a/EL8-ice/software/libreadline/8.2-GCCcore-13.3.0/include -I/rds/bear-apps/2024a/EL8-ice/software/cairo/1.18.0-GCCcore-13.3.0/include -I/rds/bear-apps/2024a/EL8-ice/software/libGLU/9.0.3-GCCcore-13.3.0/include -I/rds/bear-apps/2024a/EL8-ice/software/Mesa/24.1.3-GCCcore-13.3.0/include -I/rds/bear-apps/2024a/EL8-ice/software/X11/20240607-GCCcore-13.3.0/include -I/rds/bear-apps/2024a/EL8-ice/software/pkgconf/2.2.0-GCCcore-13.3.0/include -I/rds/bear-apps/2024a/EL8-ice/software/FFTW/3.3.10-GCC-13.3.0/include -I/rds/bear-apps/2024a/EL8-ice/software/FlexiBLAS/3.4.4-GCC-13.3.0/include -I/rds/bear-apps/2024a/EL8-ice/software/FlexiBLAS/3.4.4-GCC-13.3.0/include/flexiblas   -fvisibility=hidden  -fpic  -O2 -ftree-vectorize -march=native -fno-math-errno  -c yajl/yajl_tree.c -o yajl/yajl_tree.o
ar rcs yajl/libstatyajl.a yajl/yajl.o yajl/yajl_alloc.o yajl/yajl_buf.o yajl/yajl_encode.o yajl/yajl_gen.o yajl/yajl_lex.o yajl/yajl_parser.o yajl/yajl_tree.o
gcc -std=gnu2x -shared -L/rds/bear-apps/2024a/EL8-ice/software/R/4.5.0-gfbf-2024a/lib64/R/lib -L/rds/bear-apps/2024a/EL8-ice/software/FriBidi/1.0.15-GCCcore-13.3.0/lib64 -L/rds/bear-apps/2024a/EL8-ice/software/FriBidi/1.0.15-GCCcore-13.3.0/lib -L/rds/bear-apps/2024a/EL8-ice/software/HarfBuzz/9.0.0-GCCcore-13.3.0/lib64 -L/rds/bear-apps/2024a/EL8-ice/software/HarfBuzz/9.0.0-GCCcore-13.3.0/lib -L/rds/bear-apps/2024a/EL8-ice/software/Tk/8.6.14-GCCcore-13.3.0/lib64 -L/rds/bear-apps/2024a/EL8-ice/software/Tk/8.6.14-GCCcore-13.3.0/lib -L/rds/bear-apps/2024a/EL8-ice/software/cURL/8.7.1-GCCcore-13.3.0/lib64 -L/rds/bear-apps/2024a/EL8-ice/software/cURL/8.7.1-GCCcore-13.3.0/lib -L/rds/bear-apps/2024a/EL8-ice/software/OpenSSL/3/lib64 -L/rds/bear-apps/2024a/EL8-ice/software/OpenSSL/3/lib -L/rds/bear-apps/2024a/EL8-ice/software/libgit2/1.8.1-GCCcore-13.3.0/lib64 -L/rds/bear-apps/2024a/EL8-ice/software/libgit2/1.8.1-GCCcore-13.3.0/lib -L/rds/bear-apps/2024a/EL8-ice/software/Java/17.0.15/lib64 -L/rds/bear-apps/2024a/EL8-ice/software/Java/17.0.15/lib -L/rds/bear-apps/2024a/EL8-ice/software/LibTIFF/4.6.0-GCCcore-13.3.0/lib64 -L/rds/bear-apps/2024a/EL8-ice/software/LibTIFF/4.6.0-GCCcore-13.3.0/lib -L/rds/bear-apps/2024a/EL8-ice/software/libjpeg-turbo/3.0.1-GCCcore-13.3.0/lib64 -L/rds/bear-apps/2024a/EL8-ice/software/libjpeg-turbo/3.0.1-GCCcore-13.3.0/lib -L/rds/bear-apps/2024a/EL8-ice/software/libpng/1.6.43-GCCcore-13.3.0/lib64 -L/rds/bear-apps/2024a/EL8-ice/software/libpng/1.6.43-GCCcore-13.3.0/lib -L/rds/bear-apps/2024a/EL8-ice/software/PCRE2/10.43-GCCcore-13.3.0/lib64 -L/rds/bear-apps/2024a/EL8-ice/software/PCRE2/10.43-GCCcore-13.3.0/lib -L/rds/bear-apps/2024a/EL8-ice/software/SQLite/3.45.3-GCCcore-13.3.0/lib64 -L/rds/bear-apps/2024a/EL8-ice/software/SQLite/3.45.3-GCCcore-13.3.0/lib -L/rds/bear-apps/2024a/EL8-ice/software/zlib/1.3.1-GCCcore-13.3.0/lib64 -L/rds/bear-apps/2024a/EL8-ice/software/zlib/1.3.1-GCCcore-13.3.0/lib -L/rds/bear-apps/2024a/EL8-ice/software/XZ/5.4.5-GCCcore-13.3.0/lib64 -L/rds/bear-apps/2024a/EL8-ice/software/XZ/5.4.5-GCCcore-13.3.0/lib -L/rds/bear-apps/2024a/EL8-ice/software/bzip2/1.0.8-GCCcore-13.3.0/lib64 -L/rds/bear-apps/2024a/EL8-ice/software/bzip2/1.0.8-GCCcore-13.3.0/lib -L/rds/bear-apps/2024a/EL8-ice/software/ncurses/6.5-GCCcore-13.3.0/lib64 -L/rds/bear-apps/2024a/EL8-ice/software/ncurses/6.5-GCCcore-13.3.0/lib -L/rds/bear-apps/2024a/EL8-ice/software/libreadline/8.2-GCCcore-13.3.0/lib64 -L/rds/bear-apps/2024a/EL8-ice/software/libreadline/8.2-GCCcore-13.3.0/lib -L/rds/bear-apps/2024a/EL8-ice/software/cairo/1.18.0-GCCcore-13.3.0/lib64 -L/rds/bear-apps/2024a/EL8-ice/software/cairo/1.18.0-GCCcore-13.3.0/lib -L/rds/bear-apps/2024a/EL8-ice/software/libGLU/9.0.3-GCCcore-13.3.0/lib64 -L/rds/bear-apps/2024a/EL8-ice/software/libGLU/9.0.3-GCCcore-13.3.0/lib -L/rds/bear-apps/2024a/EL8-ice/software/Mesa/24.1.3-GCCcore-13.3.0/lib64 -L/rds/bear-apps/2024a/EL8-ice/software/Mesa/24.1.3-GCCcore-13.3.0/lib -L/rds/bear-apps/2024a/EL8-ice/software/X11/20240607-GCCcore-13.3.0/lib64 -L/rds/bear-apps/2024a/EL8-ice/software/X11/20240607-GCCcore-13.3.0/lib -L/rds/bear-apps/2024a/EL8-ice/software/pkgconf/2.2.0-GCCcore-13.3.0/lib64 -L/rds/bear-apps/2024a/EL8-ice/software/pkgconf/2.2.0-GCCcore-13.3.0/lib -L/rds/bear-apps/2024a/EL8-ice/software/FFTW/3.3.10-GCC-13.3.0/lib64 -L/rds/bear-apps/2024a/EL8-ice/software/FFTW/3.3.10-GCC-13.3.0/lib -L/rds/bear-apps/2024a/EL8-ice/software/FlexiBLAS/3.4.4-GCC-13.3.0/lib64 -L/rds/bear-apps/2024a/EL8-ice/software/FlexiBLAS/3.4.4-GCC-13.3.0/lib -L/rds/bear-apps/2024a/EL8-ice/software/GCCcore/13.3.0/lib64 -L/rds/bear-apps/2024a/EL8-ice/software/GCCcore/13.3.0/lib -o jsonlite.so base64.o collapse_array.o collapse_object.o collapse_pretty.o escape_chars.o integer64_to_na.o is_datelist.o is_recordlist.o is_scalarlist.o modp_numtoa.o null_to_na.o num_to_char.o parse.o prettify.o push_parser.o r-base64.o register.o row_collapse.o transpose_list.o validate.o -Lyajl -lstatyajl -L/rds/bear-apps/2024a/EL8-ice/software/R/4.5.0-gfbf-2024a/lib64/R/lib -lR
installing to /rds/homes/a/axv209/R/library/4.5.0/EL8-ice/00LOCK-jsonlite/00new/jsonlite/libs
** R
** inst
** byte-compile and prepare package for lazy loading
in method for ‘asJSON’ with signature ‘"AsIs"’: no definition for class “AsIs”
in method for ‘asJSON’ with signature ‘"ITime"’: no definition for class “ITime”
in method for ‘asJSON’ with signature ‘"hms"’: no definition for class “hms”
in method for ‘asJSON’ with signature ‘"json"’: no definition for class “json”
in method for ‘asJSON’ with signature ‘"integer64"’: no definition for class “integer64”
in method for ‘asJSON’ with signature ‘"pairlist"’: no definition for class “pairlist”
in method for ‘asJSON’ with signature ‘"blob"’: no definition for class “blob”
in method for ‘asJSON’ with signature ‘"scalar"’: no definition for class “scalar”
in method for ‘asJSON’ with signature ‘"sf"’: no definition for class “sf”
in method for ‘asJSON’ with signature ‘"sfc"’: no definition for class “sfc”
in method for ‘asJSON’ with signature ‘"vctrs_vctr"’: no definition for class “vctrs_vctr”
** help
*** installing help indices
** building package indices
** installing vignettes
** testing if installed package can be loaded from temporary location
** checking absolute paths in shared objects and dynamic libraries
** testing if installed package can be loaded from final location
** testing if installed package keeps a record of temporary installation path
* DONE (jsonlite)

The downloaded source packages are in
	‘/tmp/Rtmpqq1seu/downloaded_packages’
[1] "/rds/homes/a/axv209/R/library/4.5.0/EL8-ice"                             
[2] "/rds/bear-apps/2024a/EL8-ice/software/R/4.5.0-gfbf-2024a/lib64/R/library"
Installing package into ‘/rds/homes/a/axv209/R/library/4.5.0/EL8-ice’
(as ‘lib’ is unspecified)
trying URL 'https://cloud.r-project.org/src/contrib/stringi_1.8.9.tar.gz'
Content type 'application/x-gzip' length 11907881 bytes (11.4 MB)
==================================================
downloaded 11.4 MB

* installing *source* package ‘stringi’ ...
** this is package ‘stringi’ version ‘1.8.9’
** package ‘stringi’ successfully unpacked and MD5 sums checked
** using staged installation
checking for R_HOME... /rds/bear-apps/2024a/EL8-ice/software/R/4.5.0-gfbf-2024a/lib64/R
checking for R... /rds/bear-apps/2024a/EL8-ice/software/R/4.5.0-gfbf-2024a/lib64/R/bin/R
checking for endianness... little
checking for cat... /usr/bin/cat
checking whether the C++ compiler works... yes
checking for C++ compiler default output file name... a.out
checking for suffix of executables... 
checking whether we are cross compiling... no
checking for suffix of object files... o
checking whether the compiler supports GNU C++... yes
checking whether g++ -std=gnu++17 accepts -g... yes
checking whether the C++ compiler supports the 'long long' type... yes
checking whether std::map is available... yes
checking for stdio.h... yes
checking for stdlib.h... yes
checking for string.h... yes
checking for inttypes.h... yes
checking for stdint.h... yes
checking for strings.h... yes
checking for sys/stat.h... yes
checking for sys/types.h... yes
checking for unistd.h... yes
checking for elf.h... yes
checking for pkg-config... /usr/bin/pkg-config
checking with 'pkg-config' for the system ICU4C (icu-i18n icu-uc)... 75.1
checking for ICU4C >= 61... yes
checking for additional CPPFLAGS, LDFLAGS, and LIBS required... done
checking whether an ICU4C-based project can be built... yes
checking programmatically for sufficient U_ICU_VERSION_MAJOR_NUM... yes
checking the capabilities of the ICU data library (ucnv, uloc, utrans)... yes
checking the capabilities of the ICU data library (ucol)... yes
configure: creating ./config.status
config.status: creating src/Makevars
config.status: creating src/uconfig_local.h
config.status: creating src/install.libs.R

*** stringi configure summary:
    ICU_FOUND=1
    STRINGI_CXXSTD=
    STRINGI_CXXFLAGS=-fpic  
    STRINGI_CPPFLAGS=-I.    -UDEBUG -DNDEBUG -DU_HAVE_ELF_H
    STRINGI_LDFLAGS=-L/rds/bear-apps/2024a/EL8-ice/software/ICU/75.1-GCCcore-13.3.0/lib   
    STRINGI_LIBS=-licui18n -licuuc -licudata   

*** Compiler settings used:
    CXX=g++ -std=gnu++17
    LD=g++ -std=gnu++17
    CXXFLAGS=-O2 -ftree-vectorize -march=native -fno-math-errno
    CPPFLAGS=-I/rds/bear-apps/2024a/EL8-ice/software/FriBidi/1.0.15-GCCcore-13.3.0/include -I/rds/bear-apps/2024a/EL8-ice/software/HarfBuzz/9.0.0-GCCcore-13.3.0/include -I/rds/bear-apps/2024a/EL8-ice/software/Tk/8.6.14-GCCcore-13.3.0/include -I/rds/bear-apps/2024a/EL8-ice/software/cURL/8.7.1-GCCcore-13.3.0/include -I/rds/bear-apps/2024a/EL8-ice/software/OpenSSL/3/include -I/rds/bear-apps/2024a/EL8-ice/software/libgit2/1.8.1-GCCcore-13.3.0/include -I/rds/bear-apps/2024a/EL8-ice/software/Java/17.0.15/include -I/rds/bear-apps/2024a/EL8-ice/software/LibTIFF/4.6.0-GCCcore-13.3.0/include -I/rds/bear-apps/2024a/EL8-ice/software/libjpeg-turbo/3.0.1-GCCcore-13.3.0/include -I/rds/bear-apps/2024a/EL8-ice/software/libpng/1.6.43-GCCcore-13.3.0/include -I/rds/bear-apps/2024a/EL8-ice/software/PCRE2/10.43-GCCcore-13.3.0/include -I/rds/bear-apps/2024a/EL8-ice/software/SQLite/3.45.3-GCCcore-13.3.0/include -I/rds/bear-apps/2024a/EL8-ice/software/zlib/1.3.1-GCCcore-13.3.0/include -I/rds/bear-apps/2024a/EL8-ice/software/XZ/5.4.5-GCCcore-13.3.0/include -I/rds/bear-apps/2024a/EL8-ice/software/bzip2/1.0.8-GCCcore-13.3.0/include -I/rds/bear-apps/2024a/EL8-ice/software/ncurses/6.5-GCCcore-13.3.0/include -I/rds/bear-apps/2024a/EL8-ice/software/libreadline/8.2-GCCcore-13.3.0/include -I/rds/bear-apps/2024a/EL8-ice/software/cairo/1.18.0-GCCcore-13.3.0/include -I/rds/bear-apps/2024a/EL8-ice/software/libGLU/9.0.3-GCCcore-13.3.0/include -I/rds/bear-apps/2024a/EL8-ice/software/Mesa/24.1.3-GCCcore-13.3.0/include -I/rds/bear-apps/2024a/EL8-ice/software/X11/20240607-GCCcore-13.3.0/include -I/rds/bear-apps/2024a/EL8-ice/software/pkgconf/2.2.0-GCCcore-13.3.0/include -I/rds/bear-apps/2024a/EL8-ice/software/FFTW/3.3.10-GCC-13.3.0/include -I/rds/bear-apps/2024a/EL8-ice/software/FlexiBLAS/3.4.4-GCC-13.3.0/include -I/rds/bear-apps/2024a/EL8-ice/software/FlexiBLAS/3.4.4-GCC-13.3.0/include/flexiblas
    LDFLAGS=
    LIBS=

** libs
using C++ compiler: ‘g++ (GCC) 13.3.0’
g++ -std=gnu++17 -I"/rds/bear-apps/2024a/EL8-ice/software/R/4.5.0-gfbf-2024a/lib64/R/include" -DNDEBUG -I.    -UDEBUG -DNDEBUG -DU_HAVE_ELF_H  -I/rds/bear-apps/2024a/EL8-ice/software/FriBidi/1.0.15-GCCcore-13.3.0/include -I/rds/bear-apps/2024a/EL8-ice/software/HarfBuzz/9.0.0-GCCcore-13.3.0/include -I/rds/bear-apps/2024a/EL8-ice/software/Tk/8.6.14-GCCcore-13.3.0/include -I/rds/bear-apps/2024a/EL8-ice/software/cURL/8.7.1-GCCcore-13.3.0/include -I/rds/bear-apps/2024a/EL8-ice/software/OpenSSL/3/include -I/rds/bear-apps/2024a/EL8-ice/software/libgit2/1.8.1-GCCcore-13.3.0/include -I/rds/bear-apps/2024a/EL8-ice/software/Java/17.0.15/include -I/rds/bear-apps/2024a/EL8-ice/software/LibTIFF/4.6.0-GCCcore-13.3.0/include -I/rds/bear-apps/2024a/EL8-ice/software/libjpeg-turbo/3.0.1-GCCcore-13.3.0/include -I/rds/bear-apps/2024a/EL8-ice/software/libpng/1.6.43-GCCcore-13.3.0/include -I/rds/bear-apps/2024a/EL8-ice/software/PCRE2/10.43-GCCcore-13.3.0/include -I/rds/bear-apps/2024a/EL8-ice/software/SQLite/3.45.3-GCCcore-13.3.0/include -I/rds/bear-apps/2024a/EL8-ice/software/zlib/1.3.1-GCCcore-13.3.0/include -I/rds/bear-apps/2024a/EL8-ice/software/XZ/5.4.5-GCCcore-13.3.0/include -I/rds/bear-apps/2024a/EL8-ice/software/bzip2/1.0.8-GCCcore-13.3.0/include -I/rds/bear-apps/2024a/EL8-ice/software/ncurses/6.5-GCCcore-13.3.0/include -I/rds/bear-apps/2024a/EL8-ice/software/libreadline/8.2-GCCcore-13.3.0/include -I/rds/bear-apps/2024a/EL8-ice/software/cairo/1.18.0-GCCcore-13.3.0/include -I/rds/bear-apps/2024a/EL8-ice/software/libGLU/9.0.3-GCCcore-13.3.0/include -I/rds/bear-apps/2024a/EL8-ice/software/Mesa/24.1.3-GCCcore-13.3.0/include -I/rds/bear-apps/2024a/EL8-ice/software/X11/20240607-GCCcore-13.3.0/include -I/rds/bear-apps/2024a/EL8-ice/software/pkgconf/2.2.0-GCCcore-13.3.0/include -I/rds/bear-apps/2024a/EL8-ice/software/FFTW/3.3.10-GCC-13.3.0/include -I/rds/bear-apps/2024a/EL8-ice/software/FlexiBLAS/3.4.4-GCC-13.3.0/include -I/rds/bear-apps/2024a/EL8-ice/software/FlexiBLAS/3.4.4-GCC-13.3.0/include/flexiblas   -fpic   -fpic  -O2 -ftree-vectorize -march=native -fno-math-errno   -c stri_brkiter.cpp -o stri_brkiter.o
g++ -std=gnu++17 -I"/rds/bear-apps/2024a/EL8-ice/software/R/4.5.0-gfbf-2024a/lib64/R/include" -DNDEBUG -I.    -UDEBUG -DNDEBUG -DU_HAVE_ELF_H  -I/rds/bear-apps/2024a/EL8-ice/software/FriBidi/1.0.15-GCCcore-13.3.0/include -I/rds/bear-apps/2024a/EL8-ice/software/HarfBuzz/9.0.0-GCCcore-13.3.0/include -I/rds/bear-apps/2024a/EL8-ice/software/Tk/8.6.14-GCCcore-13.3.0/include -I/rds/bear-apps/2024a/EL8-ice/software/cURL/8.7.1-GCCcore-13.3.0/include -I/rds/bear-apps/2024a/EL8-ice/software/OpenSSL/3/include -I/rds/bear-apps/2024a/EL8-ice/software/libgit2/1.8.1-GCCcore-13.3.0/include -I/rds/bear-apps/2024a/EL8-ice/software/Java/17.0.15/include -I/rds/bear-apps/2024a/EL8-ice/software/LibTIFF/4.6.0-GCCcore-13.3.0/include -I/rds/bear-apps/2024a/EL8-ice/software/libjpeg-turbo/3.0.1-GCCcore-13.3.0/include -I/rds/bear-apps/2024a/EL8-ice/software/libpng/1.6.43-GCCcore-13.3.0/include -I/rds/bear-apps/2024a/EL8-ice/software/PCRE2/10.43-GCCcore-13.3.0/include -I/rds/bear-apps/2024a/EL8-ice/software/SQLite/3.45.3-GCCcore-13.3.0/include -I/rds/bear-apps/2024a/EL8-ice/software/zlib/1.3.1-GCCcore-13.3.0/include -I/rds/bear-apps/2024a/EL8-ice/software/XZ/5.4.5-GCCcore-13.3.0/include -I/rds/bear-apps/2024a/EL8-ice/software/bzip2/1.0.8-GCCcore-13.3.0/include -I/rds/bear-apps/2024a/EL8-ice/software/ncurses/6.5-GCCcore-13.3.0/include -I/rds/bear-apps/2024a/EL8-ice/software/libreadline/8.2-GCCcore-13.3.0/include -I/rds/bear-apps/2024a/EL8-ice/software/cairo/1.18.0-GCCcore-13.3.0/include -I/rds/bear-apps/2024a/EL8-ice/software/libGLU/9.0.3-GCCcore-13.3.0/include -I/rds/bear-apps/2024a/EL8-ice/software/Mesa/24.1.3-GCCcore-13.3.0/include -I/rds/bear-apps/2024a/EL8-ice/software/X11/20240607-GCCcore-13.3.0/include -I/rds/bear-apps/2024a/EL8-ice/software/pkgconf/2.2.0-GCCcore-13.3.0/include -I/rds/bear-apps/2024a/EL8-ice/software/FFTW/3.3.10-GCC-13.3.0/include -I/rds/bear-apps/2024a/EL8-ice/software/FlexiBLAS/3.4.4-GCC-13.3.0/include -I/rds/bear-apps/2024a/EL8-ice/software/FlexiBLAS/3.4.4-GCC-13.3.0/include/flexiblas   -fpic   -fpic  -O2 -ftree-vectorize -march=native -fno-math-errno   -c stri_callables.cpp -o stri_callables.o
g++ -std=gnu++17 -I"/rds/bear-apps/2024a/EL8-ice/software/R/4.5.0-gfbf-2024a/lib64/R/include" -DNDEBUG -I.    -UDEBUG -DNDEBUG -DU_HAVE_ELF_H  -I/rds/bear-apps/2024a/EL8-ice/software/FriBidi/1.0.15-GCCcore-13.3.0/include -I/rds/bear-apps/2024a/EL8-ice/software/HarfBuzz/9.0.0-GCCcore-13.3.0/include -I/rds/bear-apps/2024a/EL8-ice/software/Tk/8.6.14-GCCcore-13.3.0/include -I/rds/bear-apps/2024a/EL8-ice/software/cURL/8.7.1-GCCcore-13.3.0/include -I/rds/bear-apps/2024a/EL8-ice/software/OpenSSL/3/include -I/rds/bear-apps/2024a/EL8-ice/software/libgit2/1.8.1-GCCcore-13.3.0/include -I/rds/bear-apps/2024a/EL8-ice/software/Java/17.0.15/include -I/rds/bear-apps/2024a/EL8-ice/software/LibTIFF/4.6.0-GCCcore-13.3.0/include -I/rds/bear-apps/2024a/EL8-ice/software/libjpeg-turbo/3.0.1-GCCcore-13.3.0/include -I/rds/bear-apps/2024a/EL8-ice/software/libpng/1.6.43-GCCcore-13.3.0/include -I/rds/bear-apps/2024a/EL8-ice/software/PCRE2/10.43-GCCcore-13.3.0/include -I/rds/bear-apps/2024a/EL8-ice/software/SQLite/3.45.3-GCCcore-13.3.0/include -I/rds/bear-apps/2024a/EL8-ice/software/zlib/1.3.1-GCCcore-13.3.0/include -I/rds/bear-apps/2024a/EL8-ice/software/XZ/5.4.5-GCCcore-13.3.0/include -I/rds/bear-apps/2024a/EL8-ice/software/bzip2/1.0.8-GCCcore-13.3.0/include -I/rds/bear-apps/2024a/EL8-ice/software/ncurses/6.5-GCCcore-13.3.0/include -I/rds/bear-apps/2024a/EL8-ice/software/libreadline/8.2-GCCcore-13.3.0/include -I/rds/bear-apps/2024a/EL8-ice/software/cairo/1.18.0-GCCcore-13.3.0/include -I/rds/bear-apps/2024a/EL8-ice/software/libGLU/9.0.3-GCCcore-13.3.0/include -I/rds/bear-apps/2024a/EL8-ice/software/Mesa/24.1.3-GCCcore-13.3.0/include -I/rds/bear-apps/2024a/EL8-ice/software/X11/20240607-GCCcore-13.3.0/include -I/rds/bear-apps/2024a/EL8-ice/software/pkgconf/2.2.0-GCCcore-13.3.0/include -I/rds/bear-apps/2024a/EL8-ice/software/FFTW/3.3.10-GCC-13.3.0/include -I/rds/bear-apps/2024a/EL8-ice/software/FlexiBLAS/3.4.4-GCC-13.3.0/include -I/rds/bear-apps/2024a/EL8-ice/software/FlexiBLAS/3.4.4-GCC-13.3.0/include/flexiblas   -fpic   -fpic  -O2 -ftree-vectorize -march=native -fno-math-errno   -c stri_collator.cpp -o stri_collator.o
g++ -std=gnu++17 -I"/rds/bear-apps/2024a/EL8-ice/software/R/4.5.0-gfbf-2024a/lib64/R/include" -DNDEBUG -I.    -UDEBUG -DNDEBUG -DU_HAVE_ELF_H  -I/rds/bear-apps/2024a/EL8-ice/software/FriBidi/1.0.15-GCCcore-13.3.0/include -I/rds/bear-apps/2024a/EL8-ice/software/HarfBuzz/9.0.0-GCCcore-13.3.0/include -I/rds/bear-apps/2024a/EL8-ice/software/Tk/8.6.14-GCCcore-13.3.0/include -I/rds/bear-apps/2024a/EL8-ice/software/cURL/8.7.1-GCCcore-13.3.0/include -I/rds/bear-apps/2024a/EL8-ice/software/OpenSSL/3/include -I/rds/bear-apps/2024a/EL8-ice/software/libgit2/1.8.1-GCCcore-13.3.0/include -I/rds/bear-apps/2024a/EL8-ice/software/Java/17.0.15/include -I/rds/bear-apps/2024a/EL8-ice/software/LibTIFF/4.6.0-GCCcore-13.3.0/include -I/rds/bear-apps/2024a/EL8-ice/software/libjpeg-turbo/3.0.1-GCCcore-13.3.0/include -I/rds/bear-apps/2024a/EL8-ice/software/libpng/1.6.43-GCCcore-13.3.0/include -I/rds/bear-apps/2024a/EL8-ice/software/PCRE2/10.43-GCCcore-13.3.0/include -I/rds/bear-apps/2024a/EL8-ice/software/SQLite/3.45.3-GCCcore-13.3.0/include -I/rds/bear-apps/2024a/EL8-ice/software/zlib/1.3.1-GCCcore-13.3.0/include -I/rds/bear-apps/2024a/EL8-ice/software/XZ/5.4.5-GCCcore-13.3.0/include -I/rds/bear-apps/2024a/EL8-ice/software/bzip2/1.0.8-GCCcore-13.3.0/include -I/rds/bear-apps/2024a/EL8-ice/software/ncurses/6.5-GCCcore-13.3.0/include -I/rds/bear-apps/2024a/EL8-ice/software/libreadline/8.2-GCCcore-13.3.0/include -I/rds/bear-apps/2024a/EL8-ice/software/cairo/1.18.0-GCCcore-13.3.0/include -I/rds/bear-apps/2024a/EL8-ice/software/libGLU/9.0.3-GCCcore-13.3.0/include -I/rds/bear-apps/2024a/EL8-ice/software/Mesa/24.1.3-GCCcore-13.3.0/include -I/rds/bear-apps/2024a/EL8-ice/software/X11/20240607-GCCcore-13.3.0/include -I/rds/bear-apps/2024a/EL8-ice/software/pkgconf/2.2.0-GCCcore-13.3.0/include -I/rds/bear-apps/2024a/EL8-ice/software/FFTW/3.3.10-GCC-13.3.0/include -I/rds/bear-apps/2024a/EL8-ice/software/FlexiBLAS/3.4.4-GCC-13.3.0/include -I/rds/bear-apps/2024a/EL8-ice/software/FlexiBLAS/3.4.4-GCC-13.3.0/include/flexiblas   -fpic   -fpic  -O2 -ftree-vectorize -march=native -fno-math-errno   -c stri_common.cpp -o stri_common.o
g++ -std=gnu++17 -I"/rds/bear-apps/2024a/EL8-ice/software/R/4.5.0-gfbf-2024a/lib64/R/include" -DNDEBUG -I.    -UDEBUG -DNDEBUG -DU_HAVE_ELF_H  -I/rds/bear-apps/2024a/EL8-ice/software/FriBidi/1.0.15-GCCcore-13.3.0/include -I/rds/bear-apps/2024a/EL8-ice/software/HarfBuzz/9.0.0-GCCcore-13.3.0/include -I/rds/bear-apps/2024a/EL8-ice/software/Tk/8.6.14-GCCcore-13.3.0/include -I/rds/bear-apps/2024a/EL8-ice/software/cURL/8.7.1-GCCcore-13.3.0/include -I/rds/bear-apps/2024a/EL8-ice/software/OpenSSL/3/include -I/rds/bear-apps/2024a/EL8-ice/software/libgit2/1.8.1-GCCcore-13.3.0/include -I/rds/bear-apps/2024a/EL8-ice/software/Java/17.0.15/include -I/rds/bear-apps/2024a/EL8-ice/software/LibTIFF/4.6.0-GCCcore-13.3.0/include -I/rds/bear-apps/2024a/EL8-ice/software/libjpeg-turbo/3.0.1-GCCcore-13.3.0/include -I/rds/bear-apps/2024a/EL8-ice/software/libpng/1.6.43-GCCcore-13.3.0/include -I/rds/bear-apps/2024a/EL8-ice/software/PCRE2/10.43-GCCcore-13.3.0/include -I/rds/bear-apps/2024a/EL8-ice/software/SQLite/3.45.3-GCCcore-13.3.0/include -I/rds/bear-apps/2024a/EL8-ice/software/zlib/1.3.1-GCCcore-13.3.0/include -I/rds/bear-apps/2024a/EL8-ice/software/XZ/5.4.5-GCCcore-13.3.0/include -I/rds/bear-apps/2024a/EL8-ice/software/bzip2/1.0.8-GCCcore-13.3.0/include -I/rds/bear-apps/2024a/EL8-ice/software/ncurses/6.5-GCCcore-13.3.0/include -I/rds/bear-apps/2024a/EL8-ice/software/libreadline/8.2-GCCcore-13.3.0/include -I/rds/bear-apps/2024a/EL8-ice/software/cairo/1.18.0-GCCcore-13.3.0/include -I/rds/bear-apps/2024a/EL8-ice/software/libGLU/9.0.3-GCCcore-13.3.0/include -I/rds/bear-apps/2024a/EL8-ice/software/Mesa/24.1.3-GCCcore-13.3.0/include -I/rds/bear-apps/2024a/EL8-ice/software/X11/20240607-GCCcore-13.3.0/include -I/rds/bear-apps/2024a/EL8-ice/software/pkgconf/2.2.0-GCCcore-13.3.0/include -I/rds/bear-apps/2024a/EL8-ice/software/FFTW/3.3.10-GCC-13.3.0/include -I/rds/bear-apps/2024a/EL8-ice/software/FlexiBLAS/3.4.4-GCC-13.3.0/include -I/rds/bear-apps/2024a/EL8-ice/software/FlexiBLAS/3.4.4-GCC-13.3.0/include/flexiblas   -fpic   -fpic  -O2 -ftree-vectorize -march=native -fno-math-errno   -c stri_compare.cpp -o stri_compare.o
g++ -std=gnu++17 -I"/rds/bear-apps/2024a/EL8-ice/software/R/4.5.0-gfbf-2024a/lib64/R/include" -DNDEBUG -I.    -UDEBUG -DNDEBUG -DU_HAVE_ELF_H  -I/rds/bear-apps/2024a/EL8-ice/software/FriBidi/1.0.15-GCCcore-13.3.0/include -I/rds/bear-apps/2024a/EL8-ice/software/HarfBuzz/9.0.0-GCCcore-13.3.0/include -I/rds/bear-apps/2024a/EL8-ice/software/Tk/8.6.14-GCCcore-13.3.0/include -I/rds/bear-apps/2024a/EL8-ice/software/cURL/8.7.1-GCCcore-13.3.0/include -I/rds/bear-apps/2024a/EL8-ice/software/OpenSSL/3/include -I/rds/bear-apps/2024a/EL8-ice/software/libgit2/1.8.1-GCCcore-13.3.0/include -I/rds/bear-apps/2024a/EL8-ice/software/Java/17.0.15/include -I/rds/bear-apps/2024a/EL8-ice/software/LibTIFF/4.6.0-GCCcore-13.3.0/include -I/rds/bear-apps/2024a/EL8-ice/software/libjpeg-turbo/3.0.1-GCCcore-13.3.0/include -I/rds/bear-apps/2024a/EL8-ice/software/libpng/1.6.43-GCCcore-13.3.0/include -I/rds/bear-apps/2024a/EL8-ice/software/PCRE2/10.43-GCCcore-13.3.0/include -I/rds/bear-apps/2024a/EL8-ice/software/SQLite/3.45.3-GCCcore-13.3.0/include -I/rds/bear-apps/2024a/EL8-ice/software/zlib/1.3.1-GCCcore-13.3.0/include -I/rds/bear-apps/2024a/EL8-ice/software/XZ/5.4.5-GCCcore-13.3.0/include -I/rds/bear-apps/2024a/EL8-ice/software/bzip2/1.0.8-GCCcore-13.3.0/include -I/rds/bear-apps/2024a/EL8-ice/software/ncurses/6.5-GCCcore-13.3.0/include -I/rds/bear-apps/2024a/EL8-ice/software/libreadline/8.2-GCCcore-13.3.0/include -I/rds/bear-apps/2024a/EL8-ice/software/cairo/1.18.0-GCCcore-13.3.0/include -I/rds/bear-apps/2024a/EL8-ice/software/libGLU/9.0.3-GCCcore-13.3.0/include -I/rds/bear-apps/2024a/EL8-ice/software/Mesa/24.1.3-GCCcore-13.3.0/include -I/rds/bear-apps/2024a/EL8-ice/software/X11/20240607-GCCcore-13.3.0/include -I/rds/bear-apps/2024a/EL8-ice/software/pkgconf/2.2.0-GCCcore-13.3.0/include -I/rds/bear-apps/2024a/EL8-ice/software/FFTW/3.3.10-GCC-13.3.0/include -I/rds/bear-apps/2024a/EL8-ice/software/FlexiBLAS/3.4.4-GCC-13.3.0/include -I/rds/bear-apps/2024a/EL8-ice/software/FlexiBLAS/3.4.4-GCC-13.3.0/include/flexiblas   -fpic   -fpic  -O2 -ftree-vectorize -march=native -fno-math-errno   -c stri_container_base.cpp -o stri_container_base.o
g++ -std=gnu++17 -I"/rds/bear-apps/2024a/EL8-ice/software/R/4.5.0-gfbf-2024a/lib64/R/include" -DNDEBUG -I.    -UDEBUG -DNDEBUG -DU_HAVE_ELF_H  -I/rds/bear-apps/2024a/EL8-ice/software/FriBidi/1.0.15-GCCcore-13.3.0/include -I/rds/bear-apps/2024a/EL8-ice/software/HarfBuzz/9.0.0-GCCcore-13.3.0/include -I/rds/bear-apps/2024a/EL8-ice/software/Tk/8.6.14-GCCcore-13.3.0/include -I/rds/bear-apps/2024a/EL8-ice/software/cURL/8.7.1-GCCcore-13.3.0/include -I/rds/bear-apps/2024a/EL8-ice/software/OpenSSL/3/include -I/rds/bear-apps/2024a/EL8-ice/software/libgit2/1.8.1-GCCcore-13.3.0/include -I/rds/bear-apps/2024a/EL8-ice/software/Java/17.0.15/include -I/rds/bear-apps/2024a/EL8-ice/software/LibTIFF/4.6.0-GCCcore-13.3.0/include -I/rds/bear-apps/2024a/EL8-ice/software/libjpeg-turbo/3.0.1-GCCcore-13.3.0/include -I/rds/bear-apps/2024a/EL8-ice/software/libpng/1.6.43-GCCcore-13.3.0/include -I/rds/bear-apps/2024a/EL8-ice/software/PCRE2/10.43-GCCcore-13.3.0/include -I/rds/bear-apps/2024a/EL8-ice/software/SQLite/3.45.3-GCCcore-13.3.0/include -I/rds/bear-apps/2024a/EL8-ice/software/zlib/1.3.1-GCCcore-13.3.0/include -I/rds/bear-apps/2024a/EL8-ice/software/XZ/5.4.5-GCCcore-13.3.0/include -I/rds/bear-apps/2024a/EL8-ice/software/bzip2/1.0.8-GCCcore-13.3.0/include -I/rds/bear-apps/2024a/EL8-ice/software/ncurses/6.5-GCCcore-13.3.0/include -I/rds/bear-apps/2024a/EL8-ice/software/libreadline/8.2-GCCcore-13.3.0/include -I/rds/bear-apps/2024a/EL8-ice/software/cairo/1.18.0-GCCcore-13.3.0/include -I/rds/bear-apps/2024a/EL8-ice/software/libGLU/9.0.3-GCCcore-13.3.0/include -I/rds/bear-apps/2024a/EL8-ice/software/Mesa/24.1.3-GCCcore-13.3.0/include -I/rds/bear-apps/2024a/EL8-ice/software/X11/20240607-GCCcore-13.3.0/include -I/rds/bear-apps/2024a/EL8-ice/software/pkgconf/2.2.0-GCCcore-13.3.0/include -I/rds/bear-apps/2024a/EL8-ice/software/FFTW/3.3.10-GCC-13.3.0/include -I/rds/bear-apps/2024a/EL8-ice/software/FlexiBLAS/3.4.4-GCC-13.3.0/include -I/rds/bear-apps/2024a/EL8-ice/software/FlexiBLAS/3.4.4-GCC-13.3.0/include/flexiblas   -fpic   -fpic  -O2 -ftree-vectorize -march=native -fno-math-errno   -c stri_container_bytesearch.cpp -o stri_container_bytesearch.o
g++ -std=gnu++17 -I"/rds/bear-apps/2024a/EL8-ice/software/R/4.5.0-gfbf-2024a/lib64/R/include" -DNDEBUG -I.    -UDEBUG -DNDEBUG -DU_HAVE_ELF_H  -I/rds/bear-apps/2024a/EL8-ice/software/FriBidi/1.0.15-GCCcore-13.3.0/include -I/rds/bear-apps/2024a/EL8-ice/software/HarfBuzz/9.0.0-GCCcore-13.3.0/include -I/rds/bear-apps/2024a/EL8-ice/software/Tk/8.6.14-GCCcore-13.3.0/include -I/rds/bear-apps/2024a/EL8-ice/software/cURL/8.7.1-GCCcore-13.3.0/include -I/rds/bear-apps/2024a/EL8-ice/software/OpenSSL/3/include -I/rds/bear-apps/2024a/EL8-ice/software/libgit2/1.8.1-GCCcore-13.3.0/include -I/rds/bear-apps/2024a/EL8-ice/software/Java/17.0.15/include -I/rds/bear-apps/2024a/EL8-ice/software/LibTIFF/4.6.0-GCCcore-13.3.0/include -I/rds/bear-apps/2024a/EL8-ice/software/libjpeg-turbo/3.0.1-GCCcore-13.3.0/include -I/rds/bear-apps/2024a/EL8-ice/software/libpng/1.6.43-GCCcore-13.3.0/include -I/rds/bear-apps/2024a/EL8-ice/software/PCRE2/10.43-GCCcore-13.3.0/include -I/rds/bear-apps/2024a/EL8-ice/software/SQLite/3.45.3-GCCcore-13.3.0/include -I/rds/bear-apps/2024a/EL8-ice/software/zlib/1.3.1-GCCcore-13.3.0/include -I/rds/bear-apps/2024a/EL8-ice/software/XZ/5.4.5-GCCcore-13.3.0/include -I/rds/bear-apps/2024a/EL8-ice/software/bzip2/1.0.8-GCCcore-13.3.0/include -I/rds/bear-apps/2024a/EL8-ice/software/ncurses/6.5-GCCcore-13.3.0/include -I/rds/bear-apps/2024a/EL8-ice/software/libreadline/8.2-GCCcore-13.3.0/include -I/rds/bear-apps/2024a/EL8-ice/software/cairo/1.18.0-GCCcore-13.3.0/include -I/rds/bear-apps/2024a/EL8-ice/software/libGLU/9.0.3-GCCcore-13.3.0/include -I/rds/bear-apps/2024a/EL8-ice/software/Mesa/24.1.3-GCCcore-13.3.0/include -I/rds/bear-apps/2024a/EL8-ice/software/X11/20240607-GCCcore-13.3.0/include -I/rds/bear-apps/2024a/EL8-ice/software/pkgconf/2.2.0-GCCcore-13.3.0/include -I/rds/bear-apps/2024a/EL8-ice/software/FFTW/3.3.10-GCC-13.3.0/include -I/rds/bear-apps/2024a/EL8-ice/software/FlexiBLAS/3.4.4-GCC-13.3.0/include -I/rds/bear-apps/2024a/EL8-ice/software/FlexiBLAS/3.4.4-GCC-13.3.0/include/flexiblas   -fpic   -fpic  -O2 -ftree-vectorize -march=native -fno-math-errno   -c stri_container_listint.cpp -o stri_container_listint.o
g++ -std=gnu++17 -I"/rds/bear-apps/2024a/EL8-ice/software/R/4.5.0-gfbf-2024a/lib64/R/include" -DNDEBUG -I.    -UDEBUG -DNDEBUG -DU_HAVE_ELF_H  -I/rds/bear-apps/2024a/EL8-ice/software/FriBidi/1.0.15-GCCcore-13.3.0/include -I/rds/bear-apps/2024a/EL8-ice/software/HarfBuzz/9.0.0-GCCcore-13.3.0/include -I/rds/bear-apps/2024a/EL8-ice/software/Tk/8.6.14-GCCcore-13.3.0/include -I/rds/bear-apps/2024a/EL8-ice/software/cURL/8.7.1-GCCcore-13.3.0/include -I/rds/bear-apps/2024a/EL8-ice/software/OpenSSL/3/include -I/rds/bear-apps/2024a/EL8-ice/software/libgit2/1.8.1-GCCcore-13.3.0/include -I/rds/bear-apps/2024a/EL8-ice/software/Java/17.0.15/include -I/rds/bear-apps/2024a/EL8-ice/software/LibTIFF/4.6.0-GCCcore-13.3.0/include -I/rds/bear-apps/2024a/EL8-ice/software/libjpeg-turbo/3.0.1-GCCcore-13.3.0/include -I/rds/bear-apps/2024a/EL8-ice/software/libpng/1.6.43-GCCcore-13.3.0/include -I/rds/bear-apps/2024a/EL8-ice/software/PCRE2/10.43-GCCcore-13.3.0/include -I/rds/bear-apps/2024a/EL8-ice/software/SQLite/3.45.3-GCCcore-13.3.0/include -I/rds/bear-apps/2024a/EL8-ice/software/zlib/1.3.1-GCCcore-13.3.0/include -I/rds/bear-apps/2024a/EL8-ice/software/XZ/5.4.5-GCCcore-13.3.0/include -I/rds/bear-apps/2024a/EL8-ice/software/bzip2/1.0.8-GCCcore-13.3.0/include -I/rds/bear-apps/2024a/EL8-ice/software/ncurses/6.5-GCCcore-13.3.0/include -I/rds/bear-apps/2024a/EL8-ice/software/libreadline/8.2-GCCcore-13.3.0/include -I/rds/bear-apps/2024a/EL8-ice/software/cairo/1.18.0-GCCcore-13.3.0/include -I/rds/bear-apps/2024a/EL8-ice/software/libGLU/9.0.3-GCCcore-13.3.0/include -I/rds/bear-apps/2024a/EL8-ice/software/Mesa/24.1.3-GCCcore-13.3.0/include -I/rds/bear-apps/2024a/EL8-ice/software/X11/20240607-GCCcore-13.3.0/include -I/rds/bear-apps/2024a/EL8-ice/software/pkgconf/2.2.0-GCCcore-13.3.0/include -I/rds/bear-apps/2024a/EL8-ice/software/FFTW/3.3.10-GCC-13.3.0/include -I/rds/bear-apps/2024a/EL8-ice/software/FlexiBLAS/3.4.4-GCC-13.3.0/include -I/rds/bear-apps/2024a/EL8-ice/software/FlexiBLAS/3.4.4-GCC-13.3.0/include/flexiblas   -fpic   -fpic  -O2 -ftree-vectorize -march=native -fno-math-errno   -c stri_container_listraw.cpp -o stri_container_listraw.o
g++ -std=gnu++17 -I"/rds/bear-apps/2024a/EL8-ice/software/R/4.5.0-gfbf-2024a/lib64/R/include" -DNDEBUG -I.    -UDEBUG -DNDEBUG -DU_HAVE_ELF_H  -I/rds/bear-apps/2024a/EL8-ice/software/FriBidi/1.0.15-GCCcore-13.3.0/include -I/rds/bear-apps/2024a/EL8-ice/software/HarfBuzz/9.0.0-GCCcore-13.3.0/include -I/rds/bear-apps/2024a/EL8-ice/software/Tk/8.6.14-GCCcore-13.3.0/include -I/rds/bear-apps/2024a/EL8-ice/software/cURL/8.7.1-GCCcore-13.3.0/include -I/rds/bear-apps/2024a/EL8-ice/software/OpenSSL/3/include -I/rds/bear-apps/2024a/EL8-ice/software/libgit2/1.8.1-GCCcore-13.3.0/include -I/rds/bear-apps/2024a/EL8-ice/software/Java/17.0.15/include -I/rds/bear-apps/2024a/EL8-ice/software/LibTIFF/4.6.0-GCCcore-13.3.0/include -I/rds/bear-apps/2024a/EL8-ice/software/libjpeg-turbo/3.0.1-GCCcore-13.3.0/include -I/rds/bear-apps/2024a/EL8-ice/software/libpng/1.6.43-GCCcore-13.3.0/include -I/rds/bear-apps/2024a/EL8-ice/software/PCRE2/10.43-GCCcore-13.3.0/include -I/rds/bear-apps/2024a/EL8-ice/software/SQLite/3.45.3-GCCcore-13.3.0/include -I/rds/bear-apps/2024a/EL8-ice/software/zlib/1.3.1-GCCcore-13.3.0/include -I/rds/bear-apps/2024a/EL8-ice/software/XZ/5.4.5-GCCcore-13.3.0/include -I/rds/bear-apps/2024a/EL8-ice/software/bzip2/1.0.8-GCCcore-13.3.0/include -I/rds/bear-apps/2024a/EL8-ice/software/ncurses/6.5-GCCcore-13.3.0/include -I/rds/bear-apps/2024a/EL8-ice/software/libreadline/8.2-GCCcore-13.3.0/include -I/rds/bear-apps/2024a/EL8-ice/software/cairo/1.18.0-GCCcore-13.3.0/include -I/rds/bear-apps/2024a/EL8-ice/software/libGLU/9.0.3-GCCcore-13.3.0/include -I/rds/bear-apps/2024a/EL8-ice/software/Mesa/24.1.3-GCCcore-13.3.0/include -I/rds/bear-apps/2024a/EL8-ice/software/X11/20240607-GCCcore-13.3.0/include -I/rds/bear-apps/2024a/EL8-ice/software/pkgconf/2.2.0-GCCcore-13.3.0/include -I/rds/bear-apps/2024a/EL8-ice/software/FFTW/3.3.10-GCC-13.3.0/include -I/rds/bear-apps/2024a/EL8-ice/software/FlexiBLAS/3.4.4-GCC-13.3.0/include -I/rds/bear-apps/2024a/EL8-ice/software/FlexiBLAS/3.4.4-GCC-13.3.0/include/flexiblas   -fpic   -fpic  -O2 -ftree-vectorize -march=native -fno-math-errno   -c stri_container_listutf8.cpp -o stri_container_listutf8.o
g++ -std=gnu++17 -I"/rds/bear-apps/2024a/EL8-ice/software/R/4.5.0-gfbf-2024a/lib64/R/include" -DNDEBUG -I.    -UDEBUG -DNDEBUG -DU_HAVE_ELF_H  -I/rds/bear-apps/2024a/EL8-ice/software/FriBidi/1.0.15-GCCcore-13.3.0/include -I/rds/bear-apps/2024a/EL8-ice/software/HarfBuzz/9.0.0-GCCcore-13.3.0/include -I/rds/bear-apps/2024a/EL8-ice/software/Tk/8.6.14-GCCcore-13.3.0/include -I/rds/bear-apps/2024a/EL8-ice/software/cURL/8.7.1-GCCcore-13.3.0/include -I/rds/bear-apps/2024a/EL8-ice/software/OpenSSL/3/include -I/rds/bear-apps/2024a/EL8-ice/software/libgit2/1.8.1-GCCcore-13.3.0/include -I/rds/bear-apps/2024a/EL8-ice/software/Java/17.0.15/include -I/rds/bear-apps/2024a/EL8-ice/software/LibTIFF/4.6.0-GCCcore-13.3.0/include -I/rds/bear-apps/2024a/EL8-ice/software/libjpeg-turbo/3.0.1-GCCcore-13.3.0/include -I/rds/bear-apps/2024a/EL8-ice/software/libpng/1.6.43-GCCcore-13.3.0/include -I/rds/bear-apps/2024a/EL8-ice/software/PCRE2/10.43-GCCcore-13.3.0/include -I/rds/bear-apps/2024a/EL8-ice/software/SQLite/3.45.3-GCCcore-13.3.0/include -I/rds/bear-apps/2024a/EL8-ice/software/zlib/1.3.1-GCCcore-13.3.0/include -I/rds/bear-apps/2024a/EL8-ice/software/XZ/5.4.5-GCCcore-13.3.0/include -I/rds/bear-apps/2024a/EL8-ice/software/bzip2/1.0.8-GCCcore-13.3.0/include -I/rds/bear-apps/2024a/EL8-ice/software/ncurses/6.5-GCCcore-13.3.0/include -I/rds/bear-apps/2024a/EL8-ice/software/libreadline/8.2-GCCcore-13.3.0/include -I/rds/bear-apps/2024a/EL8-ice/software/cairo/1.18.0-GCCcore-13.3.0/include -I/rds/bear-apps/2024a/EL8-ice/software/libGLU/9.0.3-GCCcore-13.3.0/include -I/rds/bear-apps/2024a/EL8-ice/software/Mesa/24.1.3-GCCcore-13.3.0/include -I/rds/bear-apps/2024a/EL8-ice/software/X11/20240607-GCCcore-13.3.0/include -I/rds/bear-apps/2024a/EL8-ice/software/pkgconf/2.2.0-GCCcore-13.3.0/include -I/rds/bear-apps/2024a/EL8-ice/software/FFTW/3.3.10-GCC-13.3.0/include -I/rds/bear-apps/2024a/EL8-ice/software/FlexiBLAS/3.4.4-GCC-13.3.0/include -I/rds/bear-apps/2024a/EL8-ice/software/FlexiBLAS/3.4.4-GCC-13.3.0/include/flexiblas   -fpic   -fpic  -O2 -ftree-vectorize -march=native -fno-math-errno   -c stri_container_regex.cpp -o stri_container_regex.o
g++ -std=gnu++17 -I"/rds/bear-apps/2024a/EL8-ice/software/R/4.5.0-gfbf-2024a/lib64/R/include" -DNDEBUG -I.    -UDEBUG -DNDEBUG -DU_HAVE_ELF_H  -I/rds/bear-apps/2024a/EL8-ice/software/FriBidi/1.0.15-GCCcore-13.3.0/include -I/rds/bear-apps/2024a/EL8-ice/software/HarfBuzz/9.0.0-GCCcore-13.3.0/include -I/rds/bear-apps/2024a/EL8-ice/software/Tk/8.6.14-GCCcore-13.3.0/include -I/rds/bear-apps/2024a/EL8-ice/software/cURL/8.7.1-GCCcore-13.3.0/include -I/rds/bear-apps/2024a/EL8-ice/software/OpenSSL/3/include -I/rds/bear-apps/2024a/EL8-ice/software/libgit2/1.8.1-GCCcore-13.3.0/include -I/rds/bear-apps/2024a/EL8-ice/software/Java/17.0.15/include -I/rds/bear-apps/2024a/EL8-ice/software/LibTIFF/4.6.0-GCCcore-13.3.0/include -I/rds/bear-apps/2024a/EL8-ice/software/libjpeg-turbo/3.0.1-GCCcore-13.3.0/include -I/rds/bear-apps/2024a/EL8-ice/software/libpng/1.6.43-GCCcore-13.3.0/include -I/rds/bear-apps/2024a/EL8-ice/software/PCRE2/10.43-GCCcore-13.3.0/include -I/rds/bear-apps/2024a/EL8-ice/software/SQLite/3.45.3-GCCcore-13.3.0/include -I/rds/bear-apps/2024a/EL8-ice/software/zlib/1.3.1-GCCcore-13.3.0/include -I/rds/bear-apps/2024a/EL8-ice/software/XZ/5.4.5-GCCcore-13.3.0/include -I/rds/bear-apps/2024a/EL8-ice/software/bzip2/1.0.8-GCCcore-13.3.0/include -I/rds/bear-apps/2024a/EL8-ice/software/ncurses/6.5-GCCcore-13.3.0/include -I/rds/bear-apps/2024a/EL8-ice/software/libreadline/8.2-GCCcore-13.3.0/include -I/rds/bear-apps/2024a/EL8-ice/software/cairo/1.18.0-GCCcore-13.3.0/include -I/rds/bear-apps/2024a/EL8-ice/software/libGLU/9.0.3-GCCcore-13.3.0/include -I/rds/bear-apps/2024a/EL8-ice/software/Mesa/24.1.3-GCCcore-13.3.0/include -I/rds/bear-apps/2024a/EL8-ice/software/X11/20240607-GCCcore-13.3.0/include -I/rds/bear-apps/2024a/EL8-ice/software/pkgconf/2.2.0-GCCcore-13.3.0/include -I/rds/bear-apps/2024a/EL8-ice/software/FFTW/3.3.10-GCC-13.3.0/include -I/rds/bear-apps/2024a/EL8-ice/software/FlexiBLAS/3.4.4-GCC-13.3.0/include -I/rds/bear-apps/2024a/EL8-ice/software/FlexiBLAS/3.4.4-GCC-13.3.0/include/flexiblas   -fpic   -fpic  -O2 -ftree-vectorize -march=native -fno-math-errno   -c stri_container_usearch.cpp -o stri_container_usearch.o
g++ -std=gnu++17 -I"/rds/bear-apps/2024a/EL8-ice/software/R/4.5.0-gfbf-2024a/lib64/R/include" -DNDEBUG -I.    -UDEBUG -DNDEBUG -DU_HAVE_ELF_H  -I/rds/bear-apps/2024a/EL8-ice/software/FriBidi/1.0.15-GCCcore-13.3.0/include -I/rds/bear-apps/2024a/EL8-ice/software/HarfBuzz/9.0.0-GCCcore-13.3.0/include -I/rds/bear-apps/2024a/EL8-ice/software/Tk/8.6.14-GCCcore-13.3.0/include -I/rds/bear-apps/2024a/EL8-ice/software/cURL/8.7.1-GCCcore-13.3.0/include -I/rds/bear-apps/2024a/EL8-ice/software/OpenSSL/3/include -I/rds/bear-apps/2024a/EL8-ice/software/libgit2/1.8.1-GCCcore-13.3.0/include -I/rds/bear-apps/2024a/EL8-ice/software/Java/17.0.15/include -I/rds/bear-apps/2024a/EL8-ice/software/LibTIFF/4.6.0-GCCcore-13.3.0/include -I/rds/bear-apps/2024a/EL8-ice/software/libjpeg-turbo/3.0.1-GCCcore-13.3.0/include -I/rds/bear-apps/2024a/EL8-ice/software/libpng/1.6.43-GCCcore-13.3.0/include -I/rds/bear-apps/2024a/EL8-ice/software/PCRE2/10.43-GCCcore-13.3.0/include -I/rds/bear-apps/2024a/EL8-ice/software/SQLite/3.45.3-GCCcore-13.3.0/include -I/rds/bear-apps/2024a/EL8-ice/software/zlib/1.3.1-GCCcore-13.3.0/include -I/rds/bear-apps/2024a/EL8-ice/software/XZ/5.4.5-GCCcore-13.3.0/include -I/rds/bear-apps/2024a/EL8-ice/software/bzip2/1.0.8-GCCcore-13.3.0/include -I/rds/bear-apps/2024a/EL8-ice/software/ncurses/6.5-GCCcore-13.3.0/include -I/rds/bear-apps/2024a/EL8-ice/software/libreadline/8.2-GCCcore-13.3.0/include -I/rds/bear-apps/2024a/EL8-ice/software/cairo/1.18.0-GCCcore-13.3.0/include -I/rds/bear-apps/2024a/EL8-ice/software/libGLU/9.0.3-GCCcore-13.3.0/include -I/rds/bear-apps/2024a/EL8-ice/software/Mesa/24.1.3-GCCcore-13.3.0/include -I/rds/bear-apps/2024a/EL8-ice/software/X11/20240607-GCCcore-13.3.0/include -I/rds/bear-apps/2024a/EL8-ice/software/pkgconf/2.2.0-GCCcore-13.3.0/include -I/rds/bear-apps/2024a/EL8-ice/software/FFTW/3.3.10-GCC-13.3.0/include -I/rds/bear-apps/2024a/EL8-ice/software/FlexiBLAS/3.4.4-GCC-13.3.0/include -I/rds/bear-apps/2024a/EL8-ice/software/FlexiBLAS/3.4.4-GCC-13.3.0/include/flexiblas   -fpic   -fpic  -O2 -ftree-vectorize -march=native -fno-math-errno   -c stri_container_utf16.cpp -o stri_container_utf16.o
g++ -std=gnu++17 -I"/rds/bear-apps/2024a/EL8-ice/software/R/4.5.0-gfbf-2024a/lib64/R/include" -DNDEBUG -I.    -UDEBUG -DNDEBUG -DU_HAVE_ELF_H  -I/rds/bear-apps/2024a/EL8-ice/software/FriBidi/1.0.15-GCCcore-13.3.0/include -I/rds/bear-apps/2024a/EL8-ice/software/HarfBuzz/9.0.0-GCCcore-13.3.0/include -I/rds/bear-apps/2024a/EL8-ice/software/Tk/8.6.14-GCCcore-13.3.0/include -I/rds/bear-apps/2024a/EL8-ice/software/cURL/8.7.1-GCCcore-13.3.0/include -I/rds/bear-apps/2024a/EL8-ice/software/OpenSSL/3/include -I/rds/bear-apps/2024a/EL8-ice/software/libgit2/1.8.1-GCCcore-13.3.0/include -I/rds/bear-apps/2024a/EL8-ice/software/Java/17.0.15/include -I/rds/bear-apps/2024a/EL8-ice/software/LibTIFF/4.6.0-GCCcore-13.3.0/include -I/rds/bear-apps/2024a/EL8-ice/software/libjpeg-turbo/3.0.1-GCCcore-13.3.0/include -I/rds/bear-apps/2024a/EL8-ice/software/libpng/1.6.43-GCCcore-13.3.0/include -I/rds/bear-apps/2024a/EL8-ice/software/PCRE2/10.43-GCCcore-13.3.0/include -I/rds/bear-apps/2024a/EL8-ice/software/SQLite/3.45.3-GCCcore-13.3.0/include -I/rds/bear-apps/2024a/EL8-ice/software/zlib/1.3.1-GCCcore-13.3.0/include -I/rds/bear-apps/2024a/EL8-ice/software/XZ/5.4.5-GCCcore-13.3.0/include -I/rds/bear-apps/2024a/EL8-ice/software/bzip2/1.0.8-GCCcore-13.3.0/include -I/rds/bear-apps/2024a/EL8-ice/software/ncurses/6.5-GCCcore-13.3.0/include -I/rds/bear-apps/2024a/EL8-ice/software/libreadline/8.2-GCCcore-13.3.0/include -I/rds/bear-apps/2024a/EL8-ice/software/cairo/1.18.0-GCCcore-13.3.0/include -I/rds/bear-apps/2024a/EL8-ice/software/libGLU/9.0.3-GCCcore-13.3.0/include -I/rds/bear-apps/2024a/EL8-ice/software/Mesa/24.1.3-GCCcore-13.3.0/include -I/rds/bear-apps/2024a/EL8-ice/software/X11/20240607-GCCcore-13.3.0/include -I/rds/bear-apps/2024a/EL8-ice/software/pkgconf/2.2.0-GCCcore-13.3.0/include -I/rds/bear-apps/2024a/EL8-ice/software/FFTW/3.3.10-GCC-13.3.0/include -I/rds/bear-apps/2024a/EL8-ice/software/FlexiBLAS/3.4.4-GCC-13.3.0/include -I/rds/bear-apps/2024a/EL8-ice/software/FlexiBLAS/3.4.4-GCC-13.3.0/include/flexiblas   -fpic   -fpic  -O2 -ftree-vectorize -march=native -fno-math-errno   -c stri_container_utf8.cpp -o stri_container_utf8.o
g++ -std=gnu++17 -I"/rds/bear-apps/2024a/EL8-ice/software/R/4.5.0-gfbf-2024a/lib64/R/include" -DNDEBUG -I.    -UDEBUG -DNDEBUG -DU_HAVE_ELF_H  -I/rds/bear-apps/2024a/EL8-ice/software/FriBidi/1.0.15-GCCcore-13.3.0/include -I/rds/bear-apps/2024a/EL8-ice/software/HarfBuzz/9.0.0-GCCcore-13.3.0/include -I/rds/bear-apps/2024a/EL8-ice/software/Tk/8.6.14-GCCcore-13.3.0/include -I/rds/bear-apps/2024a/EL8-ice/software/cURL/8.7.1-GCCcore-13.3.0/include -I/rds/bear-apps/2024a/EL8-ice/software/OpenSSL/3/include -I/rds/bear-apps/2024a/EL8-ice/software/libgit2/1.8.1-GCCcore-13.3.0/include -I/rds/bear-apps/2024a/EL8-ice/software/Java/17.0.15/include -I/rds/bear-apps/2024a/EL8-ice/software/LibTIFF/4.6.0-GCCcore-13.3.0/include -I/rds/bear-apps/2024a/EL8-ice/software/libjpeg-turbo/3.0.1-GCCcore-13.3.0/include -I/rds/bear-apps/2024a/EL8-ice/software/libpng/1.6.43-GCCcore-13.3.0/include -I/rds/bear-apps/2024a/EL8-ice/software/PCRE2/10.43-GCCcore-13.3.0/include -I/rds/bear-apps/2024a/EL8-ice/software/SQLite/3.45.3-GCCcore-13.3.0/include -I/rds/bear-apps/2024a/EL8-ice/software/zlib/1.3.1-GCCcore-13.3.0/include -I/rds/bear-apps/2024a/EL8-ice/software/XZ/5.4.5-GCCcore-13.3.0/include -I/rds/bear-apps/2024a/EL8-ice/software/bzip2/1.0.8-GCCcore-13.3.0/include -I/rds/bear-apps/2024a/EL8-ice/software/ncurses/6.5-GCCcore-13.3.0/include -I/rds/bear-apps/2024a/EL8-ice/software/libreadline/8.2-GCCcore-13.3.0/include -I/rds/bear-apps/2024a/EL8-ice/software/cairo/1.18.0-GCCcore-13.3.0/include -I/rds/bear-apps/2024a/EL8-ice/software/libGLU/9.0.3-GCCcore-13.3.0/include -I/rds/bear-apps/2024a/EL8-ice/software/Mesa/24.1.3-GCCcore-13.3.0/include -I/rds/bear-apps/2024a/EL8-ice/software/X11/20240607-GCCcore-13.3.0/include -I/rds/bear-apps/2024a/EL8-ice/software/pkgconf/2.2.0-GCCcore-13.3.0/include -I/rds/bear-apps/2024a/EL8-ice/software/FFTW/3.3.10-GCC-13.3.0/include -I/rds/bear-apps/2024a/EL8-ice/software/FlexiBLAS/3.4.4-GCC-13.3.0/include -I/rds/bear-apps/2024a/EL8-ice/software/FlexiBLAS/3.4.4-GCC-13.3.0/include/flexiblas   -fpic   -fpic  -O2 -ftree-vectorize -march=native -fno-math-errno   -c stri_container_utf8_indexable.cpp -o stri_container_utf8_indexable.o
g++ -std=gnu++17 -I"/rds/bear-apps/2024a/EL8-ice/software/R/4.5.0-gfbf-2024a/lib64/R/include" -DNDEBUG -I.    -UDEBUG -DNDEBUG -DU_HAVE_ELF_H  -I/rds/bear-apps/2024a/EL8-ice/software/FriBidi/1.0.15-GCCcore-13.3.0/include -I/rds/bear-apps/2024a/EL8-ice/software/HarfBuzz/9.0.0-GCCcore-13.3.0/include -I/rds/bear-apps/2024a/EL8-ice/software/Tk/8.6.14-GCCcore-13.3.0/include -I/rds/bear-apps/2024a/EL8-ice/software/cURL/8.7.1-GCCcore-13.3.0/include -I/rds/bear-apps/2024a/EL8-ice/software/OpenSSL/3/include -I/rds/bear-apps/2024a/EL8-ice/software/libgit2/1.8.1-GCCcore-13.3.0/include -I/rds/bear-apps/2024a/EL8-ice/software/Java/17.0.15/include -I/rds/bear-apps/2024a/EL8-ice/software/LibTIFF/4.6.0-GCCcore-13.3.0/include -I/rds/bear-apps/2024a/EL8-ice/software/libjpeg-turbo/3.0.1-GCCcore-13.3.0/include -I/rds/bear-apps/2024a/EL8-ice/software/libpng/1.6.43-GCCcore-13.3.0/include -I/rds/bear-apps/2024a/EL8-ice/software/PCRE2/10.43-GCCcore-13.3.0/include -I/rds/bear-apps/2024a/EL8-ice/software/SQLite/3.45.3-GCCcore-13.3.0/include -I/rds/bear-apps/2024a/EL8-ice/software/zlib/1.3.1-GCCcore-13.3.0/include -I/rds/bear-apps/2024a/EL8-ice/software/XZ/5.4.5-GCCcore-13.3.0/include -I/rds/bear-apps/2024a/EL8-ice/software/bzip2/1.0.8-GCCcore-13.3.0/include -I/rds/bear-apps/2024a/EL8-ice/software/ncurses/6.5-GCCcore-13.3.0/include -I/rds/bear-apps/2024a/EL8-ice/software/libreadline/8.2-GCCcore-13.3.0/include -I/rds/bear-apps/2024a/EL8-ice/software/cairo/1.18.0-GCCcore-13.3.0/include -I/rds/bear-apps/2024a/EL8-ice/software/libGLU/9.0.3-GCCcore-13.3.0/include -I/rds/bear-apps/2024a/EL8-ice/software/Mesa/24.1.3-GCCcore-13.3.0/include -I/rds/bear-apps/2024a/EL8-ice/software/X11/20240607-GCCcore-13.3.0/include -I/rds/bear-apps/2024a/EL8-ice/software/pkgconf/2.2.0-GCCcore-13.3.0/include -I/rds/bear-apps/2024a/EL8-ice/software/FFTW/3.3.10-GCC-13.3.0/include -I/rds/bear-apps/2024a/EL8-ice/software/FlexiBLAS/3.4.4-GCC-13.3.0/include -I/rds/bear-apps/2024a/EL8-ice/software/FlexiBLAS/3.4.4-GCC-13.3.0/include/flexiblas   -fpic   -fpic  -O2 -ftree-vectorize -march=native -fno-math-errno   -c stri_encoding_conversion.cpp -o stri_encoding_conversion.o
g++ -std=gnu++17 -I"/rds/bear-apps/2024a/EL8-ice/software/R/4.5.0-gfbf-2024a/lib64/R/include" -DNDEBUG -I.    -UDEBUG -DNDEBUG -DU_HAVE_ELF_H  -I/rds/bear-apps/2024a/EL8-ice/software/FriBidi/1.0.15-GCCcore-13.3.0/include -I/rds/bear-apps/2024a/EL8-ice/software/HarfBuzz/9.0.0-GCCcore-13.3.0/include -I/rds/bear-apps/2024a/EL8-ice/software/Tk/8.6.14-GCCcore-13.3.0/include -I/rds/bear-apps/2024a/EL8-ice/software/cURL/8.7.1-GCCcore-13.3.0/include -I/rds/bear-apps/2024a/EL8-ice/software/OpenSSL/3/include -I/rds/bear-apps/2024a/EL8-ice/software/libgit2/1.8.1-GCCcore-13.3.0/include -I/rds/bear-apps/2024a/EL8-ice/software/Java/17.0.15/include -I/rds/bear-apps/2024a/EL8-ice/software/LibTIFF/4.6.0-GCCcore-13.3.0/include -I/rds/bear-apps/2024a/EL8-ice/software/libjpeg-turbo/3.0.1-GCCcore-13.3.0/include -I/rds/bear-apps/2024a/EL8-ice/software/libpng/1.6.43-GCCcore-13.3.0/include -I/rds/bear-apps/2024a/EL8-ice/software/PCRE2/10.43-GCCcore-13.3.0/include -I/rds/bear-apps/2024a/EL8-ice/software/SQLite/3.45.3-GCCcore-13.3.0/include -I/rds/bear-apps/2024a/EL8-ice/software/zlib/1.3.1-GCCcore-13.3.0/include -I/rds/bear-apps/2024a/EL8-ice/software/XZ/5.4.5-GCCcore-13.3.0/include -I/rds/bear-apps/2024a/EL8-ice/software/bzip2/1.0.8-GCCcore-13.3.0/include -I/rds/bear-apps/2024a/EL8-ice/software/ncurses/6.5-GCCcore-13.3.0/include -I/rds/bear-apps/2024a/EL8-ice/software/libreadline/8.2-GCCcore-13.3.0/include -I/rds/bear-apps/2024a/EL8-ice/software/cairo/1.18.0-GCCcore-13.3.0/include -I/rds/bear-apps/2024a/EL8-ice/software/libGLU/9.0.3-GCCcore-13.3.0/include -I/rds/bear-apps/2024a/EL8-ice/software/Mesa/24.1.3-GCCcore-13.3.0/include -I/rds/bear-apps/2024a/EL8-ice/software/X11/20240607-GCCcore-13.3.0/include -I/rds/bear-apps/2024a/EL8-ice/software/pkgconf/2.2.0-GCCcore-13.3.0/include -I/rds/bear-apps/2024a/EL8-ice/software/FFTW/3.3.10-GCC-13.3.0/include -I/rds/bear-apps/2024a/EL8-ice/software/FlexiBLAS/3.4.4-GCC-13.3.0/include -I/rds/bear-apps/2024a/EL8-ice/software/FlexiBLAS/3.4.4-GCC-13.3.0/include/flexiblas   -fpic   -fpic  -O2 -ftree-vectorize -march=native -fno-math-errno   -c stri_encoding_detection.cpp -o stri_encoding_detection.o
g++ -std=gnu++17 -I"/rds/bear-apps/2024a/EL8-ice/software/R/4.5.0-gfbf-2024a/lib64/R/include" -DNDEBUG -I.    -UDEBUG -DNDEBUG -DU_HAVE_ELF_H  -I/rds/bear-apps/2024a/EL8-ice/software/FriBidi/1.0.15-GCCcore-13.3.0/include -I/rds/bear-apps/2024a/EL8-ice/software/HarfBuzz/9.0.0-GCCcore-13.3.0/include -I/rds/bear-apps/2024a/EL8-ice/software/Tk/8.6.14-GCCcore-13.3.0/include -I/rds/bear-apps/2024a/EL8-ice/software/cURL/8.7.1-GCCcore-13.3.0/include -I/rds/bear-apps/2024a/EL8-ice/software/OpenSSL/3/include -I/rds/bear-apps/2024a/EL8-ice/software/libgit2/1.8.1-GCCcore-13.3.0/include -I/rds/bear-apps/2024a/EL8-ice/software/Java/17.0.15/include -I/rds/bear-apps/2024a/EL8-ice/software/LibTIFF/4.6.0-GCCcore-13.3.0/include -I/rds/bear-apps/2024a/EL8-ice/software/libjpeg-turbo/3.0.1-GCCcore-13.3.0/include -I/rds/bear-apps/2024a/EL8-ice/software/libpng/1.6.43-GCCcore-13.3.0/include -I/rds/bear-apps/2024a/EL8-ice/software/PCRE2/10.43-GCCcore-13.3.0/include -I/rds/bear-apps/2024a/EL8-ice/software/SQLite/3.45.3-GCCcore-13.3.0/include -I/rds/bear-apps/2024a/EL8-ice/software/zlib/1.3.1-GCCcore-13.3.0/include -I/rds/bear-apps/2024a/EL8-ice/software/XZ/5.4.5-GCCcore-13.3.0/include -I/rds/bear-apps/2024a/EL8-ice/software/bzip2/1.0.8-GCCcore-13.3.0/include -I/rds/bear-apps/2024a/EL8-ice/software/ncurses/6.5-GCCcore-13.3.0/include -I/rds/bear-apps/2024a/EL8-ice/software/libreadline/8.2-GCCcore-13.3.0/include -I/rds/bear-apps/2024a/EL8-ice/software/cairo/1.18.0-GCCcore-13.3.0/include -I/rds/bear-apps/2024a/EL8-ice/software/libGLU/9.0.3-GCCcore-13.3.0/include -I/rds/bear-apps/2024a/EL8-ice/software/Mesa/24.1.3-GCCcore-13.3.0/include -I/rds/bear-apps/2024a/EL8-ice/software/X11/20240607-GCCcore-13.3.0/include -I/rds/bear-apps/2024a/EL8-ice/software/pkgconf/2.2.0-GCCcore-13.3.0/include -I/rds/bear-apps/2024a/EL8-ice/software/FFTW/3.3.10-GCC-13.3.0/include -I/rds/bear-apps/2024a/EL8-ice/software/FlexiBLAS/3.4.4-GCC-13.3.0/include -I/rds/bear-apps/2024a/EL8-ice/software/FlexiBLAS/3.4.4-GCC-13.3.0/include/flexiblas   -fpic   -fpic  -O2 -ftree-vectorize -march=native -fno-math-errno   -c stri_encoding_management.cpp -o stri_encoding_management.o
g++ -std=gnu++17 -I"/rds/bear-apps/2024a/EL8-ice/software/R/4.5.0-gfbf-2024a/lib64/R/include" -DNDEBUG -I.    -UDEBUG -DNDEBUG -DU_HAVE_ELF_H  -I/rds/bear-apps/2024a/EL8-ice/software/FriBidi/1.0.15-GCCcore-13.3.0/include -I/rds/bear-apps/2024a/EL8-ice/software/HarfBuzz/9.0.0-GCCcore-13.3.0/include -I/rds/bear-apps/2024a/EL8-ice/software/Tk/8.6.14-GCCcore-13.3.0/include -I/rds/bear-apps/2024a/EL8-ice/software/cURL/8.7.1-GCCcore-13.3.0/include -I/rds/bear-apps/2024a/EL8-ice/software/OpenSSL/3/include -I/rds/bear-apps/2024a/EL8-ice/software/libgit2/1.8.1-GCCcore-13.3.0/include -I/rds/bear-apps/2024a/EL8-ice/software/Java/17.0.15/include -I/rds/bear-apps/2024a/EL8-ice/software/LibTIFF/4.6.0-GCCcore-13.3.0/include -I/rds/bear-apps/2024a/EL8-ice/software/libjpeg-turbo/3.0.1-GCCcore-13.3.0/include -I/rds/bear-apps/2024a/EL8-ice/software/libpng/1.6.43-GCCcore-13.3.0/include -I/rds/bear-apps/2024a/EL8-ice/software/PCRE2/10.43-GCCcore-13.3.0/include -I/rds/bear-apps/2024a/EL8-ice/software/SQLite/3.45.3-GCCcore-13.3.0/include -I/rds/bear-apps/2024a/EL8-ice/software/zlib/1.3.1-GCCcore-13.3.0/include -I/rds/bear-apps/2024a/EL8-ice/software/XZ/5.4.5-GCCcore-13.3.0/include -I/rds/bear-apps/2024a/EL8-ice/software/bzip2/1.0.8-GCCcore-13.3.0/include -I/rds/bear-apps/2024a/EL8-ice/software/ncurses/6.5-GCCcore-13.3.0/include -I/rds/bear-apps/2024a/EL8-ice/software/libreadline/8.2-GCCcore-13.3.0/include -I/rds/bear-apps/2024a/EL8-ice/software/cairo/1.18.0-GCCcore-13.3.0/include -I/rds/bear-apps/2024a/EL8-ice/software/libGLU/9.0.3-GCCcore-13.3.0/include -I/rds/bear-apps/2024a/EL8-ice/software/Mesa/24.1.3-GCCcore-13.3.0/include -I/rds/bear-apps/2024a/EL8-ice/software/X11/20240607-GCCcore-13.3.0/include -I/rds/bear-apps/2024a/EL8-ice/software/pkgconf/2.2.0-GCCcore-13.3.0/include -I/rds/bear-apps/2024a/EL8-ice/software/FFTW/3.3.10-GCC-13.3.0/include -I/rds/bear-apps/2024a/EL8-ice/software/FlexiBLAS/3.4.4-GCC-13.3.0/include -I/rds/bear-apps/2024a/EL8-ice/software/FlexiBLAS/3.4.4-GCC-13.3.0/include/flexiblas   -fpic   -fpic  -O2 -ftree-vectorize -march=native -fno-math-errno   -c stri_escape.cpp -o stri_escape.o
g++ -std=gnu++17 -I"/rds/bear-apps/2024a/EL8-ice/software/R/4.5.0-gfbf-2024a/lib64/R/include" -DNDEBUG -I.    -UDEBUG -DNDEBUG -DU_HAVE_ELF_H  -I/rds/bear-apps/2024a/EL8-ice/software/FriBidi/1.0.15-GCCcore-13.3.0/include -I/rds/bear-apps/2024a/EL8-ice/software/HarfBuzz/9.0.0-GCCcore-13.3.0/include -I/rds/bear-apps/2024a/EL8-ice/software/Tk/8.6.14-GCCcore-13.3.0/include -I/rds/bear-apps/2024a/EL8-ice/software/cURL/8.7.1-GCCcore-13.3.0/include -I/rds/bear-apps/2024a/EL8-ice/software/OpenSSL/3/include -I/rds/bear-apps/2024a/EL8-ice/software/libgit2/1.8.1-GCCcore-13.3.0/include -I/rds/bear-apps/2024a/EL8-ice/software/Java/17.0.15/include -I/rds/bear-apps/2024a/EL8-ice/software/LibTIFF/4.6.0-GCCcore-13.3.0/include -I/rds/bear-apps/2024a/EL8-ice/software/libjpeg-turbo/3.0.1-GCCcore-13.3.0/include -I/rds/bear-apps/2024a/EL8-ice/software/libpng/1.6.43-GCCcore-13.3.0/include -I/rds/bear-apps/2024a/EL8-ice/software/PCRE2/10.43-GCCcore-13.3.0/include -I/rds/bear-apps/2024a/EL8-ice/software/SQLite/3.45.3-GCCcore-13.3.0/include -I/rds/bear-apps/2024a/EL8-ice/software/zlib/1.3.1-GCCcore-13.3.0/include -I/rds/bear-apps/2024a/EL8-ice/software/XZ/5.4.5-GCCcore-13.3.0/include -I/rds/bear-apps/2024a/EL8-ice/software/bzip2/1.0.8-GCCcore-13.3.0/include -I/rds/bear-apps/2024a/EL8-ice/software/ncurses/6.5-GCCcore-13.3.0/include -I/rds/bear-apps/2024a/EL8-ice/software/libreadline/8.2-GCCcore-13.3.0/include -I/rds/bear-apps/2024a/EL8-ice/software/cairo/1.18.0-GCCcore-13.3.0/include -I/rds/bear-apps/2024a/EL8-ice/software/libGLU/9.0.3-GCCcore-13.3.0/include -I/rds/bear-apps/2024a/EL8-ice/software/Mesa/24.1.3-GCCcore-13.3.0/include -I/rds/bear-apps/2024a/EL8-ice/software/X11/20240607-GCCcore-13.3.0/include -I/rds/bear-apps/2024a/EL8-ice/software/pkgconf/2.2.0-GCCcore-13.3.0/include -I/rds/bear-apps/2024a/EL8-ice/software/FFTW/3.3.10-GCC-13.3.0/include -I/rds/bear-apps/2024a/EL8-ice/software/FlexiBLAS/3.4.4-GCC-13.3.0/include -I/rds/bear-apps/2024a/EL8-ice/software/FlexiBLAS/3.4.4-GCC-13.3.0/include/flexiblas   -fpic   -fpic  -O2 -ftree-vectorize -march=native -fno-math-errno   -c stri_exception.cpp -o stri_exception.o
g++ -std=gnu++17 -I"/rds/bear-apps/2024a/EL8-ice/software/R/4.5.0-gfbf-2024a/lib64/R/include" -DNDEBUG -I.    -UDEBUG -DNDEBUG -DU_HAVE_ELF_H  -I/rds/bear-apps/2024a/EL8-ice/software/FriBidi/1.0.15-GCCcore-13.3.0/include -I/rds/bear-apps/2024a/EL8-ice/software/HarfBuzz/9.0.0-GCCcore-13.3.0/include -I/rds/bear-apps/2024a/EL8-ice/software/Tk/8.6.14-GCCcore-13.3.0/include -I/rds/bear-apps/2024a/EL8-ice/software/cURL/8.7.1-GCCcore-13.3.0/include -I/rds/bear-apps/2024a/EL8-ice/software/OpenSSL/3/include -I/rds/bear-apps/2024a/EL8-ice/software/libgit2/1.8.1-GCCcore-13.3.0/include -I/rds/bear-apps/2024a/EL8-ice/software/Java/17.0.15/include -I/rds/bear-apps/2024a/EL8-ice/software/LibTIFF/4.6.0-GCCcore-13.3.0/include -I/rds/bear-apps/2024a/EL8-ice/software/libjpeg-turbo/3.0.1-GCCcore-13.3.0/include -I/rds/bear-apps/2024a/EL8-ice/software/libpng/1.6.43-GCCcore-13.3.0/include -I/rds/bear-apps/2024a/EL8-ice/software/PCRE2/10.43-GCCcore-13.3.0/include -I/rds/bear-apps/2024a/EL8-ice/software/SQLite/3.45.3-GCCcore-13.3.0/include -I/rds/bear-apps/2024a/EL8-ice/software/zlib/1.3.1-GCCcore-13.3.0/include -I/rds/bear-apps/2024a/EL8-ice/software/XZ/5.4.5-GCCcore-13.3.0/include -I/rds/bear-apps/2024a/EL8-ice/software/bzip2/1.0.8-GCCcore-13.3.0/include -I/rds/bear-apps/2024a/EL8-ice/software/ncurses/6.5-GCCcore-13.3.0/include -I/rds/bear-apps/2024a/EL8-ice/software/libreadline/8.2-GCCcore-13.3.0/include -I/rds/bear-apps/2024a/EL8-ice/software/cairo/1.18.0-GCCcore-13.3.0/include -I/rds/bear-apps/2024a/EL8-ice/software/libGLU/9.0.3-GCCcore-13.3.0/include -I/rds/bear-apps/2024a/EL8-ice/software/Mesa/24.1.3-GCCcore-13.3.0/include -I/rds/bear-apps/2024a/EL8-ice/software/X11/20240607-GCCcore-13.3.0/include -I/rds/bear-apps/2024a/EL8-ice/software/pkgconf/2.2.0-GCCcore-13.3.0/include -I/rds/bear-apps/2024a/EL8-ice/software/FFTW/3.3.10-GCC-13.3.0/include -I/rds/bear-apps/2024a/EL8-ice/software/FlexiBLAS/3.4.4-GCC-13.3.0/include -I/rds/bear-apps/2024a/EL8-ice/software/FlexiBLAS/3.4.4-GCC-13.3.0/include/flexiblas   -fpic   -fpic  -O2 -ftree-vectorize -march=native -fno-math-errno   -c stri_ICU_settings.cpp -o stri_ICU_settings.o
g++ -std=gnu++17 -I"/rds/bear-apps/2024a/EL8-ice/software/R/4.5.0-gfbf-2024a/lib64/R/include" -DNDEBUG -I.    -UDEBUG -DNDEBUG -DU_HAVE_ELF_H  -I/rds/bear-apps/2024a/EL8-ice/software/FriBidi/1.0.15-GCCcore-13.3.0/include -I/rds/bear-apps/2024a/EL8-ice/software/HarfBuzz/9.0.0-GCCcore-13.3.0/include -I/rds/bear-apps/2024a/EL8-ice/software/Tk/8.6.14-GCCcore-13.3.0/include -I/rds/bear-apps/2024a/EL8-ice/software/cURL/8.7.1-GCCcore-13.3.0/include -I/rds/bear-apps/2024a/EL8-ice/software/OpenSSL/3/include -I/rds/bear-apps/2024a/EL8-ice/software/libgit2/1.8.1-GCCcore-13.3.0/include -I/rds/bear-apps/2024a/EL8-ice/software/Java/17.0.15/include -I/rds/bear-apps/2024a/EL8-ice/software/LibTIFF/4.6.0-GCCcore-13.3.0/include -I/rds/bear-apps/2024a/EL8-ice/software/libjpeg-turbo/3.0.1-GCCcore-13.3.0/include -I/rds/bear-apps/2024a/EL8-ice/software/libpng/1.6.43-GCCcore-13.3.0/include -I/rds/bear-apps/2024a/EL8-ice/software/PCRE2/10.43-GCCcore-13.3.0/include -I/rds/bear-apps/2024a/EL8-ice/software/SQLite/3.45.3-GCCcore-13.3.0/include -I/rds/bear-apps/2024a/EL8-ice/software/zlib/1.3.1-GCCcore-13.3.0/include -I/rds/bear-apps/2024a/EL8-ice/software/XZ/5.4.5-GCCcore-13.3.0/include -I/rds/bear-apps/2024a/EL8-ice/software/bzip2/1.0.8-GCCcore-13.3.0/include -I/rds/bear-apps/2024a/EL8-ice/software/ncurses/6.5-GCCcore-13.3.0/include -I/rds/bear-apps/2024a/EL8-ice/software/libreadline/8.2-GCCcore-13.3.0/include -I/rds/bear-apps/2024a/EL8-ice/software/cairo/1.18.0-GCCcore-13.3.0/include -I/rds/bear-apps/2024a/EL8-ice/software/libGLU/9.0.3-GCCcore-13.3.0/include -I/rds/bear-apps/2024a/EL8-ice/software/Mesa/24.1.3-GCCcore-13.3.0/include -I/rds/bear-apps/2024a/EL8-ice/software/X11/20240607-GCCcore-13.3.0/include -I/rds/bear-apps/2024a/EL8-ice/software/pkgconf/2.2.0-GCCcore-13.3.0/include -I/rds/bear-apps/2024a/EL8-ice/software/FFTW/3.3.10-GCC-13.3.0/include -I/rds/bear-apps/2024a/EL8-ice/software/FlexiBLAS/3.4.4-GCC-13.3.0/include -I/rds/bear-apps/2024a/EL8-ice/software/FlexiBLAS/3.4.4-GCC-13.3.0/include/flexiblas   -fpic   -fpic  -O2 -ftree-vectorize -march=native -fno-math-errno   -c stri_join.cpp -o stri_join.o
g++ -std=gnu++17 -I"/rds/bear-apps/2024a/EL8-ice/software/R/4.5.0-gfbf-2024a/lib64/R/include" -DNDEBUG -I.    -UDEBUG -DNDEBUG -DU_HAVE_ELF_H  -I/rds/bear-apps/2024a/EL8-ice/software/FriBidi/1.0.15-GCCcore-13.3.0/include -I/rds/bear-apps/2024a/EL8-ice/software/HarfBuzz/9.0.0-GCCcore-13.3.0/include -I/rds/bear-apps/2024a/EL8-ice/software/Tk/8.6.14-GCCcore-13.3.0/include -I/rds/bear-apps/2024a/EL8-ice/software/cURL/8.7.1-GCCcore-13.3.0/include -I/rds/bear-apps/2024a/EL8-ice/software/OpenSSL/3/include -I/rds/bear-apps/2024a/EL8-ice/software/libgit2/1.8.1-GCCcore-13.3.0/include -I/rds/bear-apps/2024a/EL8-ice/software/Java/17.0.15/include -I/rds/bear-apps/2024a/EL8-ice/software/LibTIFF/4.6.0-GCCcore-13.3.0/include -I/rds/bear-apps/2024a/EL8-ice/software/libjpeg-turbo/3.0.1-GCCcore-13.3.0/include -I/rds/bear-apps/2024a/EL8-ice/software/libpng/1.6.43-GCCcore-13.3.0/include -I/rds/bear-apps/2024a/EL8-ice/software/PCRE2/10.43-GCCcore-13.3.0/include -I/rds/bear-apps/2024a/EL8-ice/software/SQLite/3.45.3-GCCcore-13.3.0/include -I/rds/bear-apps/2024a/EL8-ice/software/zlib/1.3.1-GCCcore-13.3.0/include -I/rds/bear-apps/2024a/EL8-ice/software/XZ/5.4.5-GCCcore-13.3.0/include -I/rds/bear-apps/2024a/EL8-ice/software/bzip2/1.0.8-GCCcore-13.3.0/include -I/rds/bear-apps/2024a/EL8-ice/software/ncurses/6.5-GCCcore-13.3.0/include -I/rds/bear-apps/2024a/EL8-ice/software/libreadline/8.2-GCCcore-13.3.0/include -I/rds/bear-apps/2024a/EL8-ice/software/cairo/1.18.0-GCCcore-13.3.0/include -I/rds/bear-apps/2024a/EL8-ice/software/libGLU/9.0.3-GCCcore-13.3.0/include -I/rds/bear-apps/2024a/EL8-ice/software/Mesa/24.1.3-GCCcore-13.3.0/include -I/rds/bear-apps/2024a/EL8-ice/software/X11/20240607-GCCcore-13.3.0/include -I/rds/bear-apps/2024a/EL8-ice/software/pkgconf/2.2.0-GCCcore-13.3.0/include -I/rds/bear-apps/2024a/EL8-ice/software/FFTW/3.3.10-GCC-13.3.0/include -I/rds/bear-apps/2024a/EL8-ice/software/FlexiBLAS/3.4.4-GCC-13.3.0/include -I/rds/bear-apps/2024a/EL8-ice/software/FlexiBLAS/3.4.4-GCC-13.3.0/include/flexiblas   -fpic   -fpic  -O2 -ftree-vectorize -march=native -fno-math-errno   -c stri_length.cpp -o stri_length.o
g++ -std=gnu++17 -I"/rds/bear-apps/2024a/EL8-ice/software/R/4.5.0-gfbf-2024a/lib64/R/include" -DNDEBUG -I.    -UDEBUG -DNDEBUG -DU_HAVE_ELF_H  -I/rds/bear-apps/2024a/EL8-ice/software/FriBidi/1.0.15-GCCcore-13.3.0/include -I/rds/bear-apps/2024a/EL8-ice/software/HarfBuzz/9.0.0-GCCcore-13.3.0/include -I/rds/bear-apps/2024a/EL8-ice/software/Tk/8.6.14-GCCcore-13.3.0/include -I/rds/bear-apps/2024a/EL8-ice/software/cURL/8.7.1-GCCcore-13.3.0/include -I/rds/bear-apps/2024a/EL8-ice/software/OpenSSL/3/include -I/rds/bear-apps/2024a/EL8-ice/software/libgit2/1.8.1-GCCcore-13.3.0/include -I/rds/bear-apps/2024a/EL8-ice/software/Java/17.0.15/include -I/rds/bear-apps/2024a/EL8-ice/software/LibTIFF/4.6.0-GCCcore-13.3.0/include -I/rds/bear-apps/2024a/EL8-ice/software/libjpeg-turbo/3.0.1-GCCcore-13.3.0/include -I/rds/bear-apps/2024a/EL8-ice/software/libpng/1.6.43-GCCcore-13.3.0/include -I/rds/bear-apps/2024a/EL8-ice/software/PCRE2/10.43-GCCcore-13.3.0/include -I/rds/bear-apps/2024a/EL8-ice/software/SQLite/3.45.3-GCCcore-13.3.0/include -I/rds/bear-apps/2024a/EL8-ice/software/zlib/1.3.1-GCCcore-13.3.0/include -I/rds/bear-apps/2024a/EL8-ice/software/XZ/5.4.5-GCCcore-13.3.0/include -I/rds/bear-apps/2024a/EL8-ice/software/bzip2/1.0.8-GCCcore-13.3.0/include -I/rds/bear-apps/2024a/EL8-ice/software/ncurses/6.5-GCCcore-13.3.0/include -I/rds/bear-apps/2024a/EL8-ice/software/libreadline/8.2-GCCcore-13.3.0/include -I/rds/bear-apps/2024a/EL8-ice/software/cairo/1.18.0-GCCcore-13.3.0/include -I/rds/bear-apps/2024a/EL8-ice/software/libGLU/9.0.3-GCCcore-13.3.0/include -I/rds/bear-apps/2024a/EL8-ice/software/Mesa/24.1.3-GCCcore-13.3.0/include -I/rds/bear-apps/2024a/EL8-ice/software/X11/20240607-GCCcore-13.3.0/include -I/rds/bear-apps/2024a/EL8-ice/software/pkgconf/2.2.0-GCCcore-13.3.0/include -I/rds/bear-apps/2024a/EL8-ice/software/FFTW/3.3.10-GCC-13.3.0/include -I/rds/bear-apps/2024a/EL8-ice/software/FlexiBLAS/3.4.4-GCC-13.3.0/include -I/rds/bear-apps/2024a/EL8-ice/software/FlexiBLAS/3.4.4-GCC-13.3.0/include/flexiblas   -fpic   -fpic  -O2 -ftree-vectorize -march=native -fno-math-errno   -c stri_pad.cpp -o stri_pad.o
g++ -std=gnu++17 -I"/rds/bear-apps/2024a/EL8-ice/software/R/4.5.0-gfbf-2024a/lib64/R/include" -DNDEBUG -I.    -UDEBUG -DNDEBUG -DU_HAVE_ELF_H  -I/rds/bear-apps/2024a/EL8-ice/software/FriBidi/1.0.15-GCCcore-13.3.0/include -I/rds/bear-apps/2024a/EL8-ice/software/HarfBuzz/9.0.0-GCCcore-13.3.0/include -I/rds/bear-apps/2024a/EL8-ice/software/Tk/8.6.14-GCCcore-13.3.0/include -I/rds/bear-apps/2024a/EL8-ice/software/cURL/8.7.1-GCCcore-13.3.0/include -I/rds/bear-apps/2024a/EL8-ice/software/OpenSSL/3/include -I/rds/bear-apps/2024a/EL8-ice/software/libgit2/1.8.1-GCCcore-13.3.0/include -I/rds/bear-apps/2024a/EL8-ice/software/Java/17.0.15/include -I/rds/bear-apps/2024a/EL8-ice/software/LibTIFF/4.6.0-GCCcore-13.3.0/include -I/rds/bear-apps/2024a/EL8-ice/software/libjpeg-turbo/3.0.1-GCCcore-13.3.0/include -I/rds/bear-apps/2024a/EL8-ice/software/libpng/1.6.43-GCCcore-13.3.0/include -I/rds/bear-apps/2024a/EL8-ice/software/PCRE2/10.43-GCCcore-13.3.0/include -I/rds/bear-apps/2024a/EL8-ice/software/SQLite/3.45.3-GCCcore-13.3.0/include -I/rds/bear-apps/2024a/EL8-ice/software/zlib/1.3.1-GCCcore-13.3.0/include -I/rds/bear-apps/2024a/EL8-ice/software/XZ/5.4.5-GCCcore-13.3.0/include -I/rds/bear-apps/2024a/EL8-ice/software/bzip2/1.0.8-GCCcore-13.3.0/include -I/rds/bear-apps/2024a/EL8-ice/software/ncurses/6.5-GCCcore-13.3.0/include -I/rds/bear-apps/2024a/EL8-ice/software/libreadline/8.2-GCCcore-13.3.0/include -I/rds/bear-apps/2024a/EL8-ice/software/cairo/1.18.0-GCCcore-13.3.0/include -I/rds/bear-apps/2024a/EL8-ice/software/libGLU/9.0.3-GCCcore-13.3.0/include -I/rds/bear-apps/2024a/EL8-ice/software/Mesa/24.1.3-GCCcore-13.3.0/include -I/rds/bear-apps/2024a/EL8-ice/software/X11/20240607-GCCcore-13.3.0/include -I/rds/bear-apps/2024a/EL8-ice/software/pkgconf/2.2.0-GCCcore-13.3.0/include -I/rds/bear-apps/2024a/EL8-ice/software/FFTW/3.3.10-GCC-13.3.0/include -I/rds/bear-apps/2024a/EL8-ice/software/FlexiBLAS/3.4.4-GCC-13.3.0/include -I/rds/bear-apps/2024a/EL8-ice/software/FlexiBLAS/3.4.4-GCC-13.3.0/include/flexiblas   -fpic   -fpic  -O2 -ftree-vectorize -march=native -fno-math-errno   -c stri_prepare_arg.cpp -o stri_prepare_arg.o
g++ -std=gnu++17 -I"/rds/bear-apps/2024a/EL8-ice/software/R/4.5.0-gfbf-2024a/lib64/R/include" -DNDEBUG -I.    -UDEBUG -DNDEBUG -DU_HAVE_ELF_H  -I/rds/bear-apps/2024a/EL8-ice/software/FriBidi/1.0.15-GCCcore-13.3.0/include -I/rds/bear-apps/2024a/EL8-ice/software/HarfBuzz/9.0.0-GCCcore-13.3.0/include -I/rds/bear-apps/2024a/EL8-ice/software/Tk/8.6.14-GCCcore-13.3.0/include -I/rds/bear-apps/2024a/EL8-ice/software/cURL/8.7.1-GCCcore-13.3.0/include -I/rds/bear-apps/2024a/EL8-ice/software/OpenSSL/3/include -I/rds/bear-apps/2024a/EL8-ice/software/libgit2/1.8.1-GCCcore-13.3.0/include -I/rds/bear-apps/2024a/EL8-ice/software/Java/17.0.15/include -I/rds/bear-apps/2024a/EL8-ice/software/LibTIFF/4.6.0-GCCcore-13.3.0/include -I/rds/bear-apps/2024a/EL8-ice/software/libjpeg-turbo/3.0.1-GCCcore-13.3.0/include -I/rds/bear-apps/2024a/EL8-ice/software/libpng/1.6.43-GCCcore-13.3.0/include -I/rds/bear-apps/2024a/EL8-ice/software/PCRE2/10.43-GCCcore-13.3.0/include -I/rds/bear-apps/2024a/EL8-ice/software/SQLite/3.45.3-GCCcore-13.3.0/include -I/rds/bear-apps/2024a/EL8-ice/software/zlib/1.3.1-GCCcore-13.3.0/include -I/rds/bear-apps/2024a/EL8-ice/software/XZ/5.4.5-GCCcore-13.3.0/include -I/rds/bear-apps/2024a/EL8-ice/software/bzip2/1.0.8-GCCcore-13.3.0/include -I/rds/bear-apps/2024a/EL8-ice/software/ncurses/6.5-GCCcore-13.3.0/include -I/rds/bear-apps/2024a/EL8-ice/software/libreadline/8.2-GCCcore-13.3.0/include -I/rds/bear-apps/2024a/EL8-ice/software/cairo/1.18.0-GCCcore-13.3.0/include -I/rds/bear-apps/2024a/EL8-ice/software/libGLU/9.0.3-GCCcore-13.3.0/include -I/rds/bear-apps/2024a/EL8-ice/software/Mesa/24.1.3-GCCcore-13.3.0/include -I/rds/bear-apps/2024a/EL8-ice/software/X11/20240607-GCCcore-13.3.0/include -I/rds/bear-apps/2024a/EL8-ice/software/pkgconf/2.2.0-GCCcore-13.3.0/include -I/rds/bear-apps/2024a/EL8-ice/software/FFTW/3.3.10-GCC-13.3.0/include -I/rds/bear-apps/2024a/EL8-ice/software/FlexiBLAS/3.4.4-GCC-13.3.0/include -I/rds/bear-apps/2024a/EL8-ice/software/FlexiBLAS/3.4.4-GCC-13.3.0/include/flexiblas   -fpic   -fpic  -O2 -ftree-vectorize -march=native -fno-math-errno   -c stri_random.cpp -o stri_random.o
g++ -std=gnu++17 -I"/rds/bear-apps/2024a/EL8-ice/software/R/4.5.0-gfbf-2024a/lib64/R/include" -DNDEBUG -I.    -UDEBUG -DNDEBUG -DU_HAVE_ELF_H  -I/rds/bear-apps/2024a/EL8-ice/software/FriBidi/1.0.15-GCCcore-13.3.0/include -I/rds/bear-apps/2024a/EL8-ice/software/HarfBuzz/9.0.0-GCCcore-13.3.0/include -I/rds/bear-apps/2024a/EL8-ice/software/Tk/8.6.14-GCCcore-13.3.0/include -I/rds/bear-apps/2024a/EL8-ice/software/cURL/8.7.1-GCCcore-13.3.0/include -I/rds/bear-apps/2024a/EL8-ice/software/OpenSSL/3/include -I/rds/bear-apps/2024a/EL8-ice/software/libgit2/1.8.1-GCCcore-13.3.0/include -I/rds/bear-apps/2024a/EL8-ice/software/Java/17.0.15/include -I/rds/bear-apps/2024a/EL8-ice/software/LibTIFF/4.6.0-GCCcore-13.3.0/include -I/rds/bear-apps/2024a/EL8-ice/software/libjpeg-turbo/3.0.1-GCCcore-13.3.0/include -I/rds/bear-apps/2024a/EL8-ice/software/libpng/1.6.43-GCCcore-13.3.0/include -I/rds/bear-apps/2024a/EL8-ice/software/PCRE2/10.43-GCCcore-13.3.0/include -I/rds/bear-apps/2024a/EL8-ice/software/SQLite/3.45.3-GCCcore-13.3.0/include -I/rds/bear-apps/2024a/EL8-ice/software/zlib/1.3.1-GCCcore-13.3.0/include -I/rds/bear-apps/2024a/EL8-ice/software/XZ/5.4.5-GCCcore-13.3.0/include -I/rds/bear-apps/2024a/EL8-ice/software/bzip2/1.0.8-GCCcore-13.3.0/include -I/rds/bear-apps/2024a/EL8-ice/software/ncurses/6.5-GCCcore-13.3.0/include -I/rds/bear-apps/2024a/EL8-ice/software/libreadline/8.2-GCCcore-13.3.0/include -I/rds/bear-apps/2024a/EL8-ice/software/cairo/1.18.0-GCCcore-13.3.0/include -I/rds/bear-apps/2024a/EL8-ice/software/libGLU/9.0.3-GCCcore-13.3.0/include -I/rds/bear-apps/2024a/EL8-ice/software/Mesa/24.1.3-GCCcore-13.3.0/include -I/rds/bear-apps/2024a/EL8-ice/software/X11/20240607-GCCcore-13.3.0/include -I/rds/bear-apps/2024a/EL8-ice/software/pkgconf/2.2.0-GCCcore-13.3.0/include -I/rds/bear-apps/2024a/EL8-ice/software/FFTW/3.3.10-GCC-13.3.0/include -I/rds/bear-apps/2024a/EL8-ice/software/FlexiBLAS/3.4.4-GCC-13.3.0/include -I/rds/bear-apps/2024a/EL8-ice/software/FlexiBLAS/3.4.4-GCC-13.3.0/include/flexiblas   -fpic   -fpic  -O2 -ftree-vectorize -march=native -fno-math-errno   -c stri_reverse.cpp -o stri_reverse.o
g++ -std=gnu++17 -I"/rds/bear-apps/2024a/EL8-ice/software/R/4.5.0-gfbf-2024a/lib64/R/include" -DNDEBUG -I.    -UDEBUG -DNDEBUG -DU_HAVE_ELF_H  -I/rds/bear-apps/2024a/EL8-ice/software/FriBidi/1.0.15-GCCcore-13.3.0/include -I/rds/bear-apps/2024a/EL8-ice/software/HarfBuzz/9.0.0-GCCcore-13.3.0/include -I/rds/bear-apps/2024a/EL8-ice/software/Tk/8.6.14-GCCcore-13.3.0/include -I/rds/bear-apps/2024a/EL8-ice/software/cURL/8.7.1-GCCcore-13.3.0/include -I/rds/bear-apps/2024a/EL8-ice/software/OpenSSL/3/include -I/rds/bear-apps/2024a/EL8-ice/software/libgit2/1.8.1-GCCcore-13.3.0/include -I/rds/bear-apps/2024a/EL8-ice/software/Java/17.0.15/include -I/rds/bear-apps/2024a/EL8-ice/software/LibTIFF/4.6.0-GCCcore-13.3.0/include -I/rds/bear-apps/2024a/EL8-ice/software/libjpeg-turbo/3.0.1-GCCcore-13.3.0/include -I/rds/bear-apps/2024a/EL8-ice/software/libpng/1.6.43-GCCcore-13.3.0/include -I/rds/bear-apps/2024a/EL8-ice/software/PCRE2/10.43-GCCcore-13.3.0/include -I/rds/bear-apps/2024a/EL8-ice/software/SQLite/3.45.3-GCCcore-13.3.0/include -I/rds/bear-apps/2024a/EL8-ice/software/zlib/1.3.1-GCCcore-13.3.0/include -I/rds/bear-apps/2024a/EL8-ice/software/XZ/5.4.5-GCCcore-13.3.0/include -I/rds/bear-apps/2024a/EL8-ice/software/bzip2/1.0.8-GCCcore-13.3.0/include -I/rds/bear-apps/2024a/EL8-ice/software/ncurses/6.5-GCCcore-13.3.0/include -I/rds/bear-apps/2024a/EL8-ice/software/libreadline/8.2-GCCcore-13.3.0/include -I/rds/bear-apps/2024a/EL8-ice/software/cairo/1.18.0-GCCcore-13.3.0/include -I/rds/bear-apps/2024a/EL8-ice/software/libGLU/9.0.3-GCCcore-13.3.0/include -I/rds/bear-apps/2024a/EL8-ice/software/Mesa/24.1.3-GCCcore-13.3.0/include -I/rds/bear-apps/2024a/EL8-ice/software/X11/20240607-GCCcore-13.3.0/include -I/rds/bear-apps/2024a/EL8-ice/software/pkgconf/2.2.0-GCCcore-13.3.0/include -I/rds/bear-apps/2024a/EL8-ice/software/FFTW/3.3.10-GCC-13.3.0/include -I/rds/bear-apps/2024a/EL8-ice/software/FlexiBLAS/3.4.4-GCC-13.3.0/include -I/rds/bear-apps/2024a/EL8-ice/software/FlexiBLAS/3.4.4-GCC-13.3.0/include/flexiblas   -fpic   -fpic  -O2 -ftree-vectorize -march=native -fno-math-errno   -c stri_search_class_count.cpp -o stri_search_class_count.o
g++ -std=gnu++17 -I"/rds/bear-apps/2024a/EL8-ice/software/R/4.5.0-gfbf-2024a/lib64/R/include" -DNDEBUG -I.    -UDEBUG -DNDEBUG -DU_HAVE_ELF_H  -I/rds/bear-apps/2024a/EL8-ice/software/FriBidi/1.0.15-GCCcore-13.3.0/include -I/rds/bear-apps/2024a/EL8-ice/software/HarfBuzz/9.0.0-GCCcore-13.3.0/include -I/rds/bear-apps/2024a/EL8-ice/software/Tk/8.6.14-GCCcore-13.3.0/include -I/rds/bear-apps/2024a/EL8-ice/software/cURL/8.7.1-GCCcore-13.3.0/include -I/rds/bear-apps/2024a/EL8-ice/software/OpenSSL/3/include -I/rds/bear-apps/2024a/EL8-ice/software/libgit2/1.8.1-GCCcore-13.3.0/include -I/rds/bear-apps/2024a/EL8-ice/software/Java/17.0.15/include -I/rds/bear-apps/2024a/EL8-ice/software/LibTIFF/4.6.0-GCCcore-13.3.0/include -I/rds/bear-apps/2024a/EL8-ice/software/libjpeg-turbo/3.0.1-GCCcore-13.3.0/include -I/rds/bear-apps/2024a/EL8-ice/software/libpng/1.6.43-GCCcore-13.3.0/include -I/rds/bear-apps/2024a/EL8-ice/software/PCRE2/10.43-GCCcore-13.3.0/include -I/rds/bear-apps/2024a/EL8-ice/software/SQLite/3.45.3-GCCcore-13.3.0/include -I/rds/bear-apps/2024a/EL8-ice/software/zlib/1.3.1-GCCcore-13.3.0/include -I/rds/bear-apps/2024a/EL8-ice/software/XZ/5.4.5-GCCcore-13.3.0/include -I/rds/bear-apps/2024a/EL8-ice/software/bzip2/1.0.8-GCCcore-13.3.0/include -I/rds/bear-apps/2024a/EL8-ice/software/ncurses/6.5-GCCcore-13.3.0/include -I/rds/bear-apps/2024a/EL8-ice/software/libreadline/8.2-GCCcore-13.3.0/include -I/rds/bear-apps/2024a/EL8-ice/software/cairo/1.18.0-GCCcore-13.3.0/include -I/rds/bear-apps/2024a/EL8-ice/software/libGLU/9.0.3-GCCcore-13.3.0/include -I/rds/bear-apps/2024a/EL8-ice/software/Mesa/24.1.3-GCCcore-13.3.0/include -I/rds/bear-apps/2024a/EL8-ice/software/X11/20240607-GCCcore-13.3.0/include -I/rds/bear-apps/2024a/EL8-ice/software/pkgconf/2.2.0-GCCcore-13.3.0/include -I/rds/bear-apps/2024a/EL8-ice/software/FFTW/3.3.10-GCC-13.3.0/include -I/rds/bear-apps/2024a/EL8-ice/software/FlexiBLAS/3.4.4-GCC-13.3.0/include -I/rds/bear-apps/2024a/EL8-ice/software/FlexiBLAS/3.4.4-GCC-13.3.0/include/flexiblas   -fpic   -fpic  -O2 -ftree-vectorize -march=native -fno-math-errno   -c stri_search_class_detect.cpp -o stri_search_class_detect.o
g++ -std=gnu++17 -I"/rds/bear-apps/2024a/EL8-ice/software/R/4.5.0-gfbf-2024a/lib64/R/include" -DNDEBUG -I.    -UDEBUG -DNDEBUG -DU_HAVE_ELF_H  -I/rds/bear-apps/2024a/EL8-ice/software/FriBidi/1.0.15-GCCcore-13.3.0/include -I/rds/bear-apps/2024a/EL8-ice/software/HarfBuzz/9.0.0-GCCcore-13.3.0/include -I/rds/bear-apps/2024a/EL8-ice/software/Tk/8.6.14-GCCcore-13.3.0/include -I/rds/bear-apps/2024a/EL8-ice/software/cURL/8.7.1-GCCcore-13.3.0/include -I/rds/bear-apps/2024a/EL8-ice/software/OpenSSL/3/include -I/rds/bear-apps/2024a/EL8-ice/software/libgit2/1.8.1-GCCcore-13.3.0/include -I/rds/bear-apps/2024a/EL8-ice/software/Java/17.0.15/include -I/rds/bear-apps/2024a/EL8-ice/software/LibTIFF/4.6.0-GCCcore-13.3.0/include -I/rds/bear-apps/2024a/EL8-ice/software/libjpeg-turbo/3.0.1-GCCcore-13.3.0/include -I/rds/bear-apps/2024a/EL8-ice/software/libpng/1.6.43-GCCcore-13.3.0/include -I/rds/bear-apps/2024a/EL8-ice/software/PCRE2/10.43-GCCcore-13.3.0/include -I/rds/bear-apps/2024a/EL8-ice/software/SQLite/3.45.3-GCCcore-13.3.0/include -I/rds/bear-apps/2024a/EL8-ice/software/zlib/1.3.1-GCCcore-13.3.0/include -I/rds/bear-apps/2024a/EL8-ice/software/XZ/5.4.5-GCCcore-13.3.0/include -I/rds/bear-apps/2024a/EL8-ice/software/bzip2/1.0.8-GCCcore-13.3.0/include -I/rds/bear-apps/2024a/EL8-ice/software/ncurses/6.5-GCCcore-13.3.0/include -I/rds/bear-apps/2024a/EL8-ice/software/libreadline/8.2-GCCcore-13.3.0/include -I/rds/bear-apps/2024a/EL8-ice/software/cairo/1.18.0-GCCcore-13.3.0/include -I/rds/bear-apps/2024a/EL8-ice/software/libGLU/9.0.3-GCCcore-13.3.0/include -I/rds/bear-apps/2024a/EL8-ice/software/Mesa/24.1.3-GCCcore-13.3.0/include -I/rds/bear-apps/2024a/EL8-ice/software/X11/20240607-GCCcore-13.3.0/include -I/rds/bear-apps/2024a/EL8-ice/software/pkgconf/2.2.0-GCCcore-13.3.0/include -I/rds/bear-apps/2024a/EL8-ice/software/FFTW/3.3.10-GCC-13.3.0/include -I/rds/bear-apps/2024a/EL8-ice/software/FlexiBLAS/3.4.4-GCC-13.3.0/include -I/rds/bear-apps/2024a/EL8-ice/software/FlexiBLAS/3.4.4-GCC-13.3.0/include/flexiblas   -fpic   -fpic  -O2 -ftree-vectorize -march=native -fno-math-errno   -c stri_search_class_extract.cpp -o stri_search_class_extract.o
g++ -std=gnu++17 -I"/rds/bear-apps/2024a/EL8-ice/software/R/4.5.0-gfbf-2024a/lib64/R/include" -DNDEBUG -I.    -UDEBUG -DNDEBUG -DU_HAVE_ELF_H  -I/rds/bear-apps/2024a/EL8-ice/software/FriBidi/1.0.15-GCCcore-13.3.0/include -I/rds/bear-apps/2024a/EL8-ice/software/HarfBuzz/9.0.0-GCCcore-13.3.0/include -I/rds/bear-apps/2024a/EL8-ice/software/Tk/8.6.14-GCCcore-13.3.0/include -I/rds/bear-apps/2024a/EL8-ice/software/cURL/8.7.1-GCCcore-13.3.0/include -I/rds/bear-apps/2024a/EL8-ice/software/OpenSSL/3/include -I/rds/bear-apps/2024a/EL8-ice/software/libgit2/1.8.1-GCCcore-13.3.0/include -I/rds/bear-apps/2024a/EL8-ice/software/Java/17.0.15/include -I/rds/bear-apps/2024a/EL8-ice/software/LibTIFF/4.6.0-GCCcore-13.3.0/include -I/rds/bear-apps/2024a/EL8-ice/software/libjpeg-turbo/3.0.1-GCCcore-13.3.0/include -I/rds/bear-apps/2024a/EL8-ice/software/libpng/1.6.43-GCCcore-13.3.0/include -I/rds/bear-apps/2024a/EL8-ice/software/PCRE2/10.43-GCCcore-13.3.0/include -I/rds/bear-apps/2024a/EL8-ice/software/SQLite/3.45.3-GCCcore-13.3.0/include -I/rds/bear-apps/2024a/EL8-ice/software/zlib/1.3.1-GCCcore-13.3.0/include -I/rds/bear-apps/2024a/EL8-ice/software/XZ/5.4.5-GCCcore-13.3.0/include -I/rds/bear-apps/2024a/EL8-ice/software/bzip2/1.0.8-GCCcore-13.3.0/include -I/rds/bear-apps/2024a/EL8-ice/software/ncurses/6.5-GCCcore-13.3.0/include -I/rds/bear-apps/2024a/EL8-ice/software/libreadline/8.2-GCCcore-13.3.0/include -I/rds/bear-apps/2024a/EL8-ice/software/cairo/1.18.0-GCCcore-13.3.0/include -I/rds/bear-apps/2024a/EL8-ice/software/libGLU/9.0.3-GCCcore-13.3.0/include -I/rds/bear-apps/2024a/EL8-ice/software/Mesa/24.1.3-GCCcore-13.3.0/include -I/rds/bear-apps/2024a/EL8-ice/software/X11/20240607-GCCcore-13.3.0/include -I/rds/bear-apps/2024a/EL8-ice/software/pkgconf/2.2.0-GCCcore-13.3.0/include -I/rds/bear-apps/2024a/EL8-ice/software/FFTW/3.3.10-GCC-13.3.0/include -I/rds/bear-apps/2024a/EL8-ice/software/FlexiBLAS/3.4.4-GCC-13.3.0/include -I/rds/bear-apps/2024a/EL8-ice/software/FlexiBLAS/3.4.4-GCC-13.3.0/include/flexiblas   -fpic   -fpic  -O2 -ftree-vectorize -march=native -fno-math-errno   -c stri_search_class_locate.cpp -o stri_search_class_locate.o
g++ -std=gnu++17 -I"/rds/bear-apps/2024a/EL8-ice/software/R/4.5.0-gfbf-2024a/lib64/R/include" -DNDEBUG -I.    -UDEBUG -DNDEBUG -DU_HAVE_ELF_H  -I/rds/bear-apps/2024a/EL8-ice/software/FriBidi/1.0.15-GCCcore-13.3.0/include -I/rds/bear-apps/2024a/EL8-ice/software/HarfBuzz/9.0.0-GCCcore-13.3.0/include -I/rds/bear-apps/2024a/EL8-ice/software/Tk/8.6.14-GCCcore-13.3.0/include -I/rds/bear-apps/2024a/EL8-ice/software/cURL/8.7.1-GCCcore-13.3.0/include -I/rds/bear-apps/2024a/EL8-ice/software/OpenSSL/3/include -I/rds/bear-apps/2024a/EL8-ice/software/libgit2/1.8.1-GCCcore-13.3.0/include -I/rds/bear-apps/2024a/EL8-ice/software/Java/17.0.15/include -I/rds/bear-apps/2024a/EL8-ice/software/LibTIFF/4.6.0-GCCcore-13.3.0/include -I/rds/bear-apps/2024a/EL8-ice/software/libjpeg-turbo/3.0.1-GCCcore-13.3.0/include -I/rds/bear-apps/2024a/EL8-ice/software/libpng/1.6.43-GCCcore-13.3.0/include -I/rds/bear-apps/2024a/EL8-ice/software/PCRE2/10.43-GCCcore-13.3.0/include -I/rds/bear-apps/2024a/EL8-ice/software/SQLite/3.45.3-GCCcore-13.3.0/include -I/rds/bear-apps/2024a/EL8-ice/software/zlib/1.3.1-GCCcore-13.3.0/include -I/rds/bear-apps/2024a/EL8-ice/software/XZ/5.4.5-GCCcore-13.3.0/include -I/rds/bear-apps/2024a/EL8-ice/software/bzip2/1.0.8-GCCcore-13.3.0/include -I/rds/bear-apps/2024a/EL8-ice/software/ncurses/6.5-GCCcore-13.3.0/include -I/rds/bear-apps/2024a/EL8-ice/software/libreadline/8.2-GCCcore-13.3.0/include -I/rds/bear-apps/2024a/EL8-ice/software/cairo/1.18.0-GCCcore-13.3.0/include -I/rds/bear-apps/2024a/EL8-ice/software/libGLU/9.0.3-GCCcore-13.3.0/include -I/rds/bear-apps/2024a/EL8-ice/software/Mesa/24.1.3-GCCcore-13.3.0/include -I/rds/bear-apps/2024a/EL8-ice/software/X11/20240607-GCCcore-13.3.0/include -I/rds/bear-apps/2024a/EL8-ice/software/pkgconf/2.2.0-GCCcore-13.3.0/include -I/rds/bear-apps/2024a/EL8-ice/software/FFTW/3.3.10-GCC-13.3.0/include -I/rds/bear-apps/2024a/EL8-ice/software/FlexiBLAS/3.4.4-GCC-13.3.0/include -I/rds/bear-apps/2024a/EL8-ice/software/FlexiBLAS/3.4.4-GCC-13.3.0/include/flexiblas   -fpic   -fpic  -O2 -ftree-vectorize -march=native -fno-math-errno   -c stri_search_class_replace.cpp -o stri_search_class_replace.o
g++ -std=gnu++17 -I"/rds/bear-apps/2024a/EL8-ice/software/R/4.5.0-gfbf-2024a/lib64/R/include" -DNDEBUG -I.    -UDEBUG -DNDEBUG -DU_HAVE_ELF_H  -I/rds/bear-apps/2024a/EL8-ice/software/FriBidi/1.0.15-GCCcore-13.3.0/include -I/rds/bear-apps/2024a/EL8-ice/software/HarfBuzz/9.0.0-GCCcore-13.3.0/include -I/rds/bear-apps/2024a/EL8-ice/software/Tk/8.6.14-GCCcore-13.3.0/include -I/rds/bear-apps/2024a/EL8-ice/software/cURL/8.7.1-GCCcore-13.3.0/include -I/rds/bear-apps/2024a/EL8-ice/software/OpenSSL/3/include -I/rds/bear-apps/2024a/EL8-ice/software/libgit2/1.8.1-GCCcore-13.3.0/include -I/rds/bear-apps/2024a/EL8-ice/software/Java/17.0.15/include -I/rds/bear-apps/2024a/EL8-ice/software/LibTIFF/4.6.0-GCCcore-13.3.0/include -I/rds/bear-apps/2024a/EL8-ice/software/libjpeg-turbo/3.0.1-GCCcore-13.3.0/include -I/rds/bear-apps/2024a/EL8-ice/software/libpng/1.6.43-GCCcore-13.3.0/include -I/rds/bear-apps/2024a/EL8-ice/software/PCRE2/10.43-GCCcore-13.3.0/include -I/rds/bear-apps/2024a/EL8-ice/software/SQLite/3.45.3-GCCcore-13.3.0/include -I/rds/bear-apps/2024a/EL8-ice/software/zlib/1.3.1-GCCcore-13.3.0/include -I/rds/bear-apps/2024a/EL8-ice/software/XZ/5.4.5-GCCcore-13.3.0/include -I/rds/bear-apps/2024a/EL8-ice/software/bzip2/1.0.8-GCCcore-13.3.0/include -I/rds/bear-apps/2024a/EL8-ice/software/ncurses/6.5-GCCcore-13.3.0/include -I/rds/bear-apps/2024a/EL8-ice/software/libreadline/8.2-GCCcore-13.3.0/include -I/rds/bear-apps/2024a/EL8-ice/software/cairo/1.18.0-GCCcore-13.3.0/include -I/rds/bear-apps/2024a/EL8-ice/software/libGLU/9.0.3-GCCcore-13.3.0/include -I/rds/bear-apps/2024a/EL8-ice/software/Mesa/24.1.3-GCCcore-13.3.0/include -I/rds/bear-apps/2024a/EL8-ice/software/X11/20240607-GCCcore-13.3.0/include -I/rds/bear-apps/2024a/EL8-ice/software/pkgconf/2.2.0-GCCcore-13.3.0/include -I/rds/bear-apps/2024a/EL8-ice/software/FFTW/3.3.10-GCC-13.3.0/include -I/rds/bear-apps/2024a/EL8-ice/software/FlexiBLAS/3.4.4-GCC-13.3.0/include -I/rds/bear-apps/2024a/EL8-ice/software/FlexiBLAS/3.4.4-GCC-13.3.0/include/flexiblas   -fpic   -fpic  -O2 -ftree-vectorize -march=native -fno-math-errno   -c stri_search_class_split.cpp -o stri_search_class_split.o
g++ -std=gnu++17 -I"/rds/bear-apps/2024a/EL8-ice/software/R/4.5.0-gfbf-2024a/lib64/R/include" -DNDEBUG -I.    -UDEBUG -DNDEBUG -DU_HAVE_ELF_H  -I/rds/bear-apps/2024a/EL8-ice/software/FriBidi/1.0.15-GCCcore-13.3.0/include -I/rds/bear-apps/2024a/EL8-ice/software/HarfBuzz/9.0.0-GCCcore-13.3.0/include -I/rds/bear-apps/2024a/EL8-ice/software/Tk/8.6.14-GCCcore-13.3.0/include -I/rds/bear-apps/2024a/EL8-ice/software/cURL/8.7.1-GCCcore-13.3.0/include -I/rds/bear-apps/2024a/EL8-ice/software/OpenSSL/3/include -I/rds/bear-apps/2024a/EL8-ice/software/libgit2/1.8.1-GCCcore-13.3.0/include -I/rds/bear-apps/2024a/EL8-ice/software/Java/17.0.15/include -I/rds/bear-apps/2024a/EL8-ice/software/LibTIFF/4.6.0-GCCcore-13.3.0/include -I/rds/bear-apps/2024a/EL8-ice/software/libjpeg-turbo/3.0.1-GCCcore-13.3.0/include -I/rds/bear-apps/2024a/EL8-ice/software/libpng/1.6.43-GCCcore-13.3.0/include -I/rds/bear-apps/2024a/EL8-ice/software/PCRE2/10.43-GCCcore-13.3.0/include -I/rds/bear-apps/2024a/EL8-ice/software/SQLite/3.45.3-GCCcore-13.3.0/include -I/rds/bear-apps/2024a/EL8-ice/software/zlib/1.3.1-GCCcore-13.3.0/include -I/rds/bear-apps/2024a/EL8-ice/software/XZ/5.4.5-GCCcore-13.3.0/include -I/rds/bear-apps/2024a/EL8-ice/software/bzip2/1.0.8-GCCcore-13.3.0/include -I/rds/bear-apps/2024a/EL8-ice/software/ncurses/6.5-GCCcore-13.3.0/include -I/rds/bear-apps/2024a/EL8-ice/software/libreadline/8.2-GCCcore-13.3.0/include -I/rds/bear-apps/2024a/EL8-ice/software/cairo/1.18.0-GCCcore-13.3.0/include -I/rds/bear-apps/2024a/EL8-ice/software/libGLU/9.0.3-GCCcore-13.3.0/include -I/rds/bear-apps/2024a/EL8-ice/software/Mesa/24.1.3-GCCcore-13.3.0/include -I/rds/bear-apps/2024a/EL8-ice/software/X11/20240607-GCCcore-13.3.0/include -I/rds/bear-apps/2024a/EL8-ice/software/pkgconf/2.2.0-GCCcore-13.3.0/include -I/rds/bear-apps/2024a/EL8-ice/software/FFTW/3.3.10-GCC-13.3.0/include -I/rds/bear-apps/2024a/EL8-ice/software/FlexiBLAS/3.4.4-GCC-13.3.0/include -I/rds/bear-apps/2024a/EL8-ice/software/FlexiBLAS/3.4.4-GCC-13.3.0/include/flexiblas   -fpic   -fpic  -O2 -ftree-vectorize -march=native -fno-math-errno   -c stri_search_class_startsendswith.cpp -o stri_search_class_startsendswith.o
g++ -std=gnu++17 -I"/rds/bear-apps/2024a/EL8-ice/software/R/4.5.0-gfbf-2024a/lib64/R/include" -DNDEBUG -I.    -UDEBUG -DNDEBUG -DU_HAVE_ELF_H  -I/rds/bear-apps/2024a/EL8-ice/software/FriBidi/1.0.15-GCCcore-13.3.0/include -I/rds/bear-apps/2024a/EL8-ice/software/HarfBuzz/9.0.0-GCCcore-13.3.0/include -I/rds/bear-apps/2024a/EL8-ice/software/Tk/8.6.14-GCCcore-13.3.0/include -I/rds/bear-apps/2024a/EL8-ice/software/cURL/8.7.1-GCCcore-13.3.0/include -I/rds/bear-apps/2024a/EL8-ice/software/OpenSSL/3/include -I/rds/bear-apps/2024a/EL8-ice/software/libgit2/1.8.1-GCCcore-13.3.0/include -I/rds/bear-apps/2024a/EL8-ice/software/Java/17.0.15/include -I/rds/bear-apps/2024a/EL8-ice/software/LibTIFF/4.6.0-GCCcore-13.3.0/include -I/rds/bear-apps/2024a/EL8-ice/software/libjpeg-turbo/3.0.1-GCCcore-13.3.0/include -I/rds/bear-apps/2024a/EL8-ice/software/libpng/1.6.43-GCCcore-13.3.0/include -I/rds/bear-apps/2024a/EL8-ice/software/PCRE2/10.43-GCCcore-13.3.0/include -I/rds/bear-apps/2024a/EL8-ice/software/SQLite/3.45.3-GCCcore-13.3.0/include -I/rds/bear-apps/2024a/EL8-ice/software/zlib/1.3.1-GCCcore-13.3.0/include -I/rds/bear-apps/2024a/EL8-ice/software/XZ/5.4.5-GCCcore-13.3.0/include -I/rds/bear-apps/2024a/EL8-ice/software/bzip2/1.0.8-GCCcore-13.3.0/include -I/rds/bear-apps/2024a/EL8-ice/software/ncurses/6.5-GCCcore-13.3.0/include -I/rds/bear-apps/2024a/EL8-ice/software/libreadline/8.2-GCCcore-13.3.0/include -I/rds/bear-apps/2024a/EL8-ice/software/cairo/1.18.0-GCCcore-13.3.0/include -I/rds/bear-apps/2024a/EL8-ice/software/libGLU/9.0.3-GCCcore-13.3.0/include -I/rds/bear-apps/2024a/EL8-ice/software/Mesa/24.1.3-GCCcore-13.3.0/include -I/rds/bear-apps/2024a/EL8-ice/software/X11/20240607-GCCcore-13.3.0/include -I/rds/bear-apps/2024a/EL8-ice/software/pkgconf/2.2.0-GCCcore-13.3.0/include -I/rds/bear-apps/2024a/EL8-ice/software/FFTW/3.3.10-GCC-13.3.0/include -I/rds/bear-apps/2024a/EL8-ice/software/FlexiBLAS/3.4.4-GCC-13.3.0/include -I/rds/bear-apps/2024a/EL8-ice/software/FlexiBLAS/3.4.4-GCC-13.3.0/include/flexiblas   -fpic   -fpic  -O2 -ftree-vectorize -march=native -fno-math-errno   -c stri_search_class_subset.cpp -o stri_search_class_subset.o
g++ -std=gnu++17 -I"/rds/bear-apps/2024a/EL8-ice/software/R/4.5.0-gfbf-2024a/lib64/R/include" -DNDEBUG -I.    -UDEBUG -DNDEBUG -DU_HAVE_ELF_H  -I/rds/bear-apps/2024a/EL8-ice/software/FriBidi/1.0.15-GCCcore-13.3.0/include -I/rds/bear-apps/2024a/EL8-ice/software/HarfBuzz/9.0.0-GCCcore-13.3.0/include -I/rds/bear-apps/2024a/EL8-ice/software/Tk/8.6.14-GCCcore-13.3.0/include -I/rds/bear-apps/2024a/EL8-ice/software/cURL/8.7.1-GCCcore-13.3.0/include -I/rds/bear-apps/2024a/EL8-ice/software/OpenSSL/3/include -I/rds/bear-apps/2024a/EL8-ice/software/libgit2/1.8.1-GCCcore-13.3.0/include -I/rds/bear-apps/2024a/EL8-ice/software/Java/17.0.15/include -I/rds/bear-apps/2024a/EL8-ice/software/LibTIFF/4.6.0-GCCcore-13.3.0/include -I/rds/bear-apps/2024a/EL8-ice/software/libjpeg-turbo/3.0.1-GCCcore-13.3.0/include -I/rds/bear-apps/2024a/EL8-ice/software/libpng/1.6.43-GCCcore-13.3.0/include -I/rds/bear-apps/2024a/EL8-ice/software/PCRE2/10.43-GCCcore-13.3.0/include -I/rds/bear-apps/2024a/EL8-ice/software/SQLite/3.45.3-GCCcore-13.3.0/include -I/rds/bear-apps/2024a/EL8-ice/software/zlib/1.3.1-GCCcore-13.3.0/include -I/rds/bear-apps/2024a/EL8-ice/software/XZ/5.4.5-GCCcore-13.3.0/include -I/rds/bear-apps/2024a/EL8-ice/software/bzip2/1.0.8-GCCcore-13.3.0/include -I/rds/bear-apps/2024a/EL8-ice/software/ncurses/6.5-GCCcore-13.3.0/include -I/rds/bear-apps/2024a/EL8-ice/software/libreadline/8.2-GCCcore-13.3.0/include -I/rds/bear-apps/2024a/EL8-ice/software/cairo/1.18.0-GCCcore-13.3.0/include -I/rds/bear-apps/2024a/EL8-ice/software/libGLU/9.0.3-GCCcore-13.3.0/include -I/rds/bear-apps/2024a/EL8-ice/software/Mesa/24.1.3-GCCcore-13.3.0/include -I/rds/bear-apps/2024a/EL8-ice/software/X11/20240607-GCCcore-13.3.0/include -I/rds/bear-apps/2024a/EL8-ice/software/pkgconf/2.2.0-GCCcore-13.3.0/include -I/rds/bear-apps/2024a/EL8-ice/software/FFTW/3.3.10-GCC-13.3.0/include -I/rds/bear-apps/2024a/EL8-ice/software/FlexiBLAS/3.4.4-GCC-13.3.0/include -I/rds/bear-apps/2024a/EL8-ice/software/FlexiBLAS/3.4.4-GCC-13.3.0/include/flexiblas   -fpic   -fpic  -O2 -ftree-vectorize -march=native -fno-math-errno   -c stri_search_class_trim.cpp -o stri_search_class_trim.o
g++ -std=gnu++17 -I"/rds/bear-apps/2024a/EL8-ice/software/R/4.5.0-gfbf-2024a/lib64/R/include" -DNDEBUG -I.    -UDEBUG -DNDEBUG -DU_HAVE_ELF_H  -I/rds/bear-apps/2024a/EL8-ice/software/FriBidi/1.0.15-GCCcore-13.3.0/include -I/rds/bear-apps/2024a/EL8-ice/software/HarfBuzz/9.0.0-GCCcore-13.3.0/include -I/rds/bear-apps/2024a/EL8-ice/software/Tk/8.6.14-GCCcore-13.3.0/include -I/rds/bear-apps/2024a/EL8-ice/software/cURL/8.7.1-GCCcore-13.3.0/include -I/rds/bear-apps/2024a/EL8-ice/software/OpenSSL/3/include -I/rds/bear-apps/2024a/EL8-ice/software/libgit2/1.8.1-GCCcore-13.3.0/include -I/rds/bear-apps/2024a/EL8-ice/software/Java/17.0.15/include -I/rds/bear-apps/2024a/EL8-ice/software/LibTIFF/4.6.0-GCCcore-13.3.0/include -I/rds/bear-apps/2024a/EL8-ice/software/libjpeg-turbo/3.0.1-GCCcore-13.3.0/include -I/rds/bear-apps/2024a/EL8-ice/software/libpng/1.6.43-GCCcore-13.3.0/include -I/rds/bear-apps/2024a/EL8-ice/software/PCRE2/10.43-GCCcore-13.3.0/include -I/rds/bear-apps/2024a/EL8-ice/software/SQLite/3.45.3-GCCcore-13.3.0/include -I/rds/bear-apps/2024a/EL8-ice/software/zlib/1.3.1-GCCcore-13.3.0/include -I/rds/bear-apps/2024a/EL8-ice/software/XZ/5.4.5-GCCcore-13.3.0/include -I/rds/bear-apps/2024a/EL8-ice/software/bzip2/1.0.8-GCCcore-13.3.0/include -I/rds/bear-apps/2024a/EL8-ice/software/ncurses/6.5-GCCcore-13.3.0/include -I/rds/bear-apps/2024a/EL8-ice/software/libreadline/8.2-GCCcore-13.3.0/include -I/rds/bear-apps/2024a/EL8-ice/software/cairo/1.18.0-GCCcore-13.3.0/include -I/rds/bear-apps/2024a/EL8-ice/software/libGLU/9.0.3-GCCcore-13.3.0/include -I/rds/bear-apps/2024a/EL8-ice/software/Mesa/24.1.3-GCCcore-13.3.0/include -I/rds/bear-apps/2024a/EL8-ice/software/X11/20240607-GCCcore-13.3.0/include -I/rds/bear-apps/2024a/EL8-ice/software/pkgconf/2.2.0-GCCcore-13.3.0/include -I/rds/bear-apps/2024a/EL8-ice/software/FFTW/3.3.10-GCC-13.3.0/include -I/rds/bear-apps/2024a/EL8-ice/software/FlexiBLAS/3.4.4-GCC-13.3.0/include -I/rds/bear-apps/2024a/EL8-ice/software/FlexiBLAS/3.4.4-GCC-13.3.0/include/flexiblas   -fpic   -fpic  -O2 -ftree-vectorize -march=native -fno-math-errno   -c stri_search_common.cpp -o stri_search_common.o
g++ -std=gnu++17 -I"/rds/bear-apps/2024a/EL8-ice/software/R/4.5.0-gfbf-2024a/lib64/R/include" -DNDEBUG -I.    -UDEBUG -DNDEBUG -DU_HAVE_ELF_H  -I/rds/bear-apps/2024a/EL8-ice/software/FriBidi/1.0.15-GCCcore-13.3.0/include -I/rds/bear-apps/2024a/EL8-ice/software/HarfBuzz/9.0.0-GCCcore-13.3.0/include -I/rds/bear-apps/2024a/EL8-ice/software/Tk/8.6.14-GCCcore-13.3.0/include -I/rds/bear-apps/2024a/EL8-ice/software/cURL/8.7.1-GCCcore-13.3.0/include -I/rds/bear-apps/2024a/EL8-ice/software/OpenSSL/3/include -I/rds/bear-apps/2024a/EL8-ice/software/libgit2/1.8.1-GCCcore-13.3.0/include -I/rds/bear-apps/2024a/EL8-ice/software/Java/17.0.15/include -I/rds/bear-apps/2024a/EL8-ice/software/LibTIFF/4.6.0-GCCcore-13.3.0/include -I/rds/bear-apps/2024a/EL8-ice/software/libjpeg-turbo/3.0.1-GCCcore-13.3.0/include -I/rds/bear-apps/2024a/EL8-ice/software/libpng/1.6.43-GCCcore-13.3.0/include -I/rds/bear-apps/2024a/EL8-ice/software/PCRE2/10.43-GCCcore-13.3.0/include -I/rds/bear-apps/2024a/EL8-ice/software/SQLite/3.45.3-GCCcore-13.3.0/include -I/rds/bear-apps/2024a/EL8-ice/software/zlib/1.3.1-GCCcore-13.3.0/include -I/rds/bear-apps/2024a/EL8-ice/software/XZ/5.4.5-GCCcore-13.3.0/include -I/rds/bear-apps/2024a/EL8-ice/software/bzip2/1.0.8-GCCcore-13.3.0/include -I/rds/bear-apps/2024a/EL8-ice/software/ncurses/6.5-GCCcore-13.3.0/include -I/rds/bear-apps/2024a/EL8-ice/software/libreadline/8.2-GCCcore-13.3.0/include -I/rds/bear-apps/2024a/EL8-ice/software/cairo/1.18.0-GCCcore-13.3.0/include -I/rds/bear-apps/2024a/EL8-ice/software/libGLU/9.0.3-GCCcore-13.3.0/include -I/rds/bear-apps/2024a/EL8-ice/software/Mesa/24.1.3-GCCcore-13.3.0/include -I/rds/bear-apps/2024a/EL8-ice/software/X11/20240607-GCCcore-13.3.0/include -I/rds/bear-apps/2024a/EL8-ice/software/pkgconf/2.2.0-GCCcore-13.3.0/include -I/rds/bear-apps/2024a/EL8-ice/software/FFTW/3.3.10-GCC-13.3.0/include -I/rds/bear-apps/2024a/EL8-ice/software/FlexiBLAS/3.4.4-GCC-13.3.0/include -I/rds/bear-apps/2024a/EL8-ice/software/FlexiBLAS/3.4.4-GCC-13.3.0/include/flexiblas   -fpic   -fpic  -O2 -ftree-vectorize -march=native -fno-math-errno   -c stri_search_coll_count.cpp -o stri_search_coll_count.o
g++ -std=gnu++17 -I"/rds/bear-apps/2024a/EL8-ice/software/R/4.5.0-gfbf-2024a/lib64/R/include" -DNDEBUG -I.    -UDEBUG -DNDEBUG -DU_HAVE_ELF_H  -I/rds/bear-apps/2024a/EL8-ice/software/FriBidi/1.0.15-GCCcore-13.3.0/include -I/rds/bear-apps/2024a/EL8-ice/software/HarfBuzz/9.0.0-GCCcore-13.3.0/include -I/rds/bear-apps/2024a/EL8-ice/software/Tk/8.6.14-GCCcore-13.3.0/include -I/rds/bear-apps/2024a/EL8-ice/software/cURL/8.7.1-GCCcore-13.3.0/include -I/rds/bear-apps/2024a/EL8-ice/software/OpenSSL/3/include -I/rds/bear-apps/2024a/EL8-ice/software/libgit2/1.8.1-GCCcore-13.3.0/include -I/rds/bear-apps/2024a/EL8-ice/software/Java/17.0.15/include -I/rds/bear-apps/2024a/EL8-ice/software/LibTIFF/4.6.0-GCCcore-13.3.0/include -I/rds/bear-apps/2024a/EL8-ice/software/libjpeg-turbo/3.0.1-GCCcore-13.3.0/include -I/rds/bear-apps/2024a/EL8-ice/software/libpng/1.6.43-GCCcore-13.3.0/include -I/rds/bear-apps/2024a/EL8-ice/software/PCRE2/10.43-GCCcore-13.3.0/include -I/rds/bear-apps/2024a/EL8-ice/software/SQLite/3.45.3-GCCcore-13.3.0/include -I/rds/bear-apps/2024a/EL8-ice/software/zlib/1.3.1-GCCcore-13.3.0/include -I/rds/bear-apps/2024a/EL8-ice/software/XZ/5.4.5-GCCcore-13.3.0/include -I/rds/bear-apps/2024a/EL8-ice/software/bzip2/1.0.8-GCCcore-13.3.0/include -I/rds/bear-apps/2024a/EL8-ice/software/ncurses/6.5-GCCcore-13.3.0/include -I/rds/bear-apps/2024a/EL8-ice/software/libreadline/8.2-GCCcore-13.3.0/include -I/rds/bear-apps/2024a/EL8-ice/software/cairo/1.18.0-GCCcore-13.3.0/include -I/rds/bear-apps/2024a/EL8-ice/software/libGLU/9.0.3-GCCcore-13.3.0/include -I/rds/bear-apps/2024a/EL8-ice/software/Mesa/24.1.3-GCCcore-13.3.0/include -I/rds/bear-apps/2024a/EL8-ice/software/X11/20240607-GCCcore-13.3.0/include -I/rds/bear-apps/2024a/EL8-ice/software/pkgconf/2.2.0-GCCcore-13.3.0/include -I/rds/bear-apps/2024a/EL8-ice/software/FFTW/3.3.10-GCC-13.3.0/include -I/rds/bear-apps/2024a/EL8-ice/software/FlexiBLAS/3.4.4-GCC-13.3.0/include -I/rds/bear-apps/2024a/EL8-ice/software/FlexiBLAS/3.4.4-GCC-13.3.0/include/flexiblas   -fpic   -fpic  -O2 -ftree-vectorize -march=native -fno-math-errno   -c stri_search_coll_detect.cpp -o stri_search_coll_detect.o
g++ -std=gnu++17 -I"/rds/bear-apps/2024a/EL8-ice/software/R/4.5.0-gfbf-2024a/lib64/R/include" -DNDEBUG -I.    -UDEBUG -DNDEBUG -DU_HAVE_ELF_H  -I/rds/bear-apps/2024a/EL8-ice/software/FriBidi/1.0.15-GCCcore-13.3.0/include -I/rds/bear-apps/2024a/EL8-ice/software/HarfBuzz/9.0.0-GCCcore-13.3.0/include -I/rds/bear-apps/2024a/EL8-ice/software/Tk/8.6.14-GCCcore-13.3.0/include -I/rds/bear-apps/2024a/EL8-ice/software/cURL/8.7.1-GCCcore-13.3.0/include -I/rds/bear-apps/2024a/EL8-ice/software/OpenSSL/3/include -I/rds/bear-apps/2024a/EL8-ice/software/libgit2/1.8.1-GCCcore-13.3.0/include -I/rds/bear-apps/2024a/EL8-ice/software/Java/17.0.15/include -I/rds/bear-apps/2024a/EL8-ice/software/LibTIFF/4.6.0-GCCcore-13.3.0/include -I/rds/bear-apps/2024a/EL8-ice/software/libjpeg-turbo/3.0.1-GCCcore-13.3.0/include -I/rds/bear-apps/2024a/EL8-ice/software/libpng/1.6.43-GCCcore-13.3.0/include -I/rds/bear-apps/2024a/EL8-ice/software/PCRE2/10.43-GCCcore-13.3.0/include -I/rds/bear-apps/2024a/EL8-ice/software/SQLite/3.45.3-GCCcore-13.3.0/include -I/rds/bear-apps/2024a/EL8-ice/software/zlib/1.3.1-GCCcore-13.3.0/include -I/rds/bear-apps/2024a/EL8-ice/software/XZ/5.4.5-GCCcore-13.3.0/include -I/rds/bear-apps/2024a/EL8-ice/software/bzip2/1.0.8-GCCcore-13.3.0/include -I/rds/bear-apps/2024a/EL8-ice/software/ncurses/6.5-GCCcore-13.3.0/include -I/rds/bear-apps/2024a/EL8-ice/software/libreadline/8.2-GCCcore-13.3.0/include -I/rds/bear-apps/2024a/EL8-ice/software/cairo/1.18.0-GCCcore-13.3.0/include -I/rds/bear-apps/2024a/EL8-ice/software/libGLU/9.0.3-GCCcore-13.3.0/include -I/rds/bear-apps/2024a/EL8-ice/software/Mesa/24.1.3-GCCcore-13.3.0/include -I/rds/bear-apps/2024a/EL8-ice/software/X11/20240607-GCCcore-13.3.0/include -I/rds/bear-apps/2024a/EL8-ice/software/pkgconf/2.2.0-GCCcore-13.3.0/include -I/rds/bear-apps/2024a/EL8-ice/software/FFTW/3.3.10-GCC-13.3.0/include -I/rds/bear-apps/2024a/EL8-ice/software/FlexiBLAS/3.4.4-GCC-13.3.0/include -I/rds/bear-apps/2024a/EL8-ice/software/FlexiBLAS/3.4.4-GCC-13.3.0/include/flexiblas   -fpic   -fpic  -O2 -ftree-vectorize -march=native -fno-math-errno   -c stri_search_coll_extract.cpp -o stri_search_coll_extract.o
g++ -std=gnu++17 -I"/rds/bear-apps/2024a/EL8-ice/software/R/4.5.0-gfbf-2024a/lib64/R/include" -DNDEBUG -I.    -UDEBUG -DNDEBUG -DU_HAVE_ELF_H  -I/rds/bear-apps/2024a/EL8-ice/software/FriBidi/1.0.15-GCCcore-13.3.0/include -I/rds/bear-apps/2024a/EL8-ice/software/HarfBuzz/9.0.0-GCCcore-13.3.0/include -I/rds/bear-apps/2024a/EL8-ice/software/Tk/8.6.14-GCCcore-13.3.0/include -I/rds/bear-apps/2024a/EL8-ice/software/cURL/8.7.1-GCCcore-13.3.0/include -I/rds/bear-apps/2024a/EL8-ice/software/OpenSSL/3/include -I/rds/bear-apps/2024a/EL8-ice/software/libgit2/1.8.1-GCCcore-13.3.0/include -I/rds/bear-apps/2024a/EL8-ice/software/Java/17.0.15/include -I/rds/bear-apps/2024a/EL8-ice/software/LibTIFF/4.6.0-GCCcore-13.3.0/include -I/rds/bear-apps/2024a/EL8-ice/software/libjpeg-turbo/3.0.1-GCCcore-13.3.0/include -I/rds/bear-apps/2024a/EL8-ice/software/libpng/1.6.43-GCCcore-13.3.0/include -I/rds/bear-apps/2024a/EL8-ice/software/PCRE2/10.43-GCCcore-13.3.0/include -I/rds/bear-apps/2024a/EL8-ice/software/SQLite/3.45.3-GCCcore-13.3.0/include -I/rds/bear-apps/2024a/EL8-ice/software/zlib/1.3.1-GCCcore-13.3.0/include -I/rds/bear-apps/2024a/EL8-ice/software/XZ/5.4.5-GCCcore-13.3.0/include -I/rds/bear-apps/2024a/EL8-ice/software/bzip2/1.0.8-GCCcore-13.3.0/include -I/rds/bear-apps/2024a/EL8-ice/software/ncurses/6.5-GCCcore-13.3.0/include -I/rds/bear-apps/2024a/EL8-ice/software/libreadline/8.2-GCCcore-13.3.0/include -I/rds/bear-apps/2024a/EL8-ice/software/cairo/1.18.0-GCCcore-13.3.0/include -I/rds/bear-apps/2024a/EL8-ice/software/libGLU/9.0.3-GCCcore-13.3.0/include -I/rds/bear-apps/2024a/EL8-ice/software/Mesa/24.1.3-GCCcore-13.3.0/include -I/rds/bear-apps/2024a/EL8-ice/software/X11/20240607-GCCcore-13.3.0/include -I/rds/bear-apps/2024a/EL8-ice/software/pkgconf/2.2.0-GCCcore-13.3.0/include -I/rds/bear-apps/2024a/EL8-ice/software/FFTW/3.3.10-GCC-13.3.0/include -I/rds/bear-apps/2024a/EL8-ice/software/FlexiBLAS/3.4.4-GCC-13.3.0/include -I/rds/bear-apps/2024a/EL8-ice/software/FlexiBLAS/3.4.4-GCC-13.3.0/include/flexiblas   -fpic   -fpic  -O2 -ftree-vectorize -march=native -fno-math-errno   -c stri_search_coll_locate.cpp -o stri_search_coll_locate.o
g++ -std=gnu++17 -I"/rds/bear-apps/2024a/EL8-ice/software/R/4.5.0-gfbf-2024a/lib64/R/include" -DNDEBUG -I.    -UDEBUG -DNDEBUG -DU_HAVE_ELF_H  -I/rds/bear-apps/2024a/EL8-ice/software/FriBidi/1.0.15-GCCcore-13.3.0/include -I/rds/bear-apps/2024a/EL8-ice/software/HarfBuzz/9.0.0-GCCcore-13.3.0/include -I/rds/bear-apps/2024a/EL8-ice/software/Tk/8.6.14-GCCcore-13.3.0/include -I/rds/bear-apps/2024a/EL8-ice/software/cURL/8.7.1-GCCcore-13.3.0/include -I/rds/bear-apps/2024a/EL8-ice/software/OpenSSL/3/include -I/rds/bear-apps/2024a/EL8-ice/software/libgit2/1.8.1-GCCcore-13.3.0/include -I/rds/bear-apps/2024a/EL8-ice/software/Java/17.0.15/include -I/rds/bear-apps/2024a/EL8-ice/software/LibTIFF/4.6.0-GCCcore-13.3.0/include -I/rds/bear-apps/2024a/EL8-ice/software/libjpeg-turbo/3.0.1-GCCcore-13.3.0/include -I/rds/bear-apps/2024a/EL8-ice/software/libpng/1.6.43-GCCcore-13.3.0/include -I/rds/bear-apps/2024a/EL8-ice/software/PCRE2/10.43-GCCcore-13.3.0/include -I/rds/bear-apps/2024a/EL8-ice/software/SQLite/3.45.3-GCCcore-13.3.0/include -I/rds/bear-apps/2024a/EL8-ice/software/zlib/1.3.1-GCCcore-13.3.0/include -I/rds/bear-apps/2024a/EL8-ice/software/XZ/5.4.5-GCCcore-13.3.0/include -I/rds/bear-apps/2024a/EL8-ice/software/bzip2/1.0.8-GCCcore-13.3.0/include -I/rds/bear-apps/2024a/EL8-ice/software/ncurses/6.5-GCCcore-13.3.0/include -I/rds/bear-apps/2024a/EL8-ice/software/libreadline/8.2-GCCcore-13.3.0/include -I/rds/bear-apps/2024a/EL8-ice/software/cairo/1.18.0-GCCcore-13.3.0/include -I/rds/bear-apps/2024a/EL8-ice/software/libGLU/9.0.3-GCCcore-13.3.0/include -I/rds/bear-apps/2024a/EL8-ice/software/Mesa/24.1.3-GCCcore-13.3.0/include -I/rds/bear-apps/2024a/EL8-ice/software/X11/20240607-GCCcore-13.3.0/include -I/rds/bear-apps/2024a/EL8-ice/software/pkgconf/2.2.0-GCCcore-13.3.0/include -I/rds/bear-apps/2024a/EL8-ice/software/FFTW/3.3.10-GCC-13.3.0/include -I/rds/bear-apps/2024a/EL8-ice/software/FlexiBLAS/3.4.4-GCC-13.3.0/include -I/rds/bear-apps/2024a/EL8-ice/software/FlexiBLAS/3.4.4-GCC-13.3.0/include/flexiblas   -fpic   -fpic  -O2 -ftree-vectorize -march=native -fno-math-errno   -c stri_search_coll_replace.cpp -o stri_search_coll_replace.o
g++ -std=gnu++17 -I"/rds/bear-apps/2024a/EL8-ice/software/R/4.5.0-gfbf-2024a/lib64/R/include" -DNDEBUG -I.    -UDEBUG -DNDEBUG -DU_HAVE_ELF_H  -I/rds/bear-apps/2024a/EL8-ice/software/FriBidi/1.0.15-GCCcore-13.3.0/include -I/rds/bear-apps/2024a/EL8-ice/software/HarfBuzz/9.0.0-GCCcore-13.3.0/include -I/rds/bear-apps/2024a/EL8-ice/software/Tk/8.6.14-GCCcore-13.3.0/include -I/rds/bear-apps/2024a/EL8-ice/software/cURL/8.7.1-GCCcore-13.3.0/include -I/rds/bear-apps/2024a/EL8-ice/software/OpenSSL/3/include -I/rds/bear-apps/2024a/EL8-ice/software/libgit2/1.8.1-GCCcore-13.3.0/include -I/rds/bear-apps/2024a/EL8-ice/software/Java/17.0.15/include -I/rds/bear-apps/2024a/EL8-ice/software/LibTIFF/4.6.0-GCCcore-13.3.0/include -I/rds/bear-apps/2024a/EL8-ice/software/libjpeg-turbo/3.0.1-GCCcore-13.3.0/include -I/rds/bear-apps/2024a/EL8-ice/software/libpng/1.6.43-GCCcore-13.3.0/include -I/rds/bear-apps/2024a/EL8-ice/software/PCRE2/10.43-GCCcore-13.3.0/include -I/rds/bear-apps/2024a/EL8-ice/software/SQLite/3.45.3-GCCcore-13.3.0/include -I/rds/bear-apps/2024a/EL8-ice/software/zlib/1.3.1-GCCcore-13.3.0/include -I/rds/bear-apps/2024a/EL8-ice/software/XZ/5.4.5-GCCcore-13.3.0/include -I/rds/bear-apps/2024a/EL8-ice/software/bzip2/1.0.8-GCCcore-13.3.0/include -I/rds/bear-apps/2024a/EL8-ice/software/ncurses/6.5-GCCcore-13.3.0/include -I/rds/bear-apps/2024a/EL8-ice/software/libreadline/8.2-GCCcore-13.3.0/include -I/rds/bear-apps/2024a/EL8-ice/software/cairo/1.18.0-GCCcore-13.3.0/include -I/rds/bear-apps/2024a/EL8-ice/software/libGLU/9.0.3-GCCcore-13.3.0/include -I/rds/bear-apps/2024a/EL8-ice/software/Mesa/24.1.3-GCCcore-13.3.0/include -I/rds/bear-apps/2024a/EL8-ice/software/X11/20240607-GCCcore-13.3.0/include -I/rds/bear-apps/2024a/EL8-ice/software/pkgconf/2.2.0-GCCcore-13.3.0/include -I/rds/bear-apps/2024a/EL8-ice/software/FFTW/3.3.10-GCC-13.3.0/include -I/rds/bear-apps/2024a/EL8-ice/software/FlexiBLAS/3.4.4-GCC-13.3.0/include -I/rds/bear-apps/2024a/EL8-ice/software/FlexiBLAS/3.4.4-GCC-13.3.0/include/flexiblas   -fpic   -fpic  -O2 -ftree-vectorize -march=native -fno-math-errno   -c stri_search_coll_split.cpp -o stri_search_coll_split.o
g++ -std=gnu++17 -I"/rds/bear-apps/2024a/EL8-ice/software/R/4.5.0-gfbf-2024a/lib64/R/include" -DNDEBUG -I.    -UDEBUG -DNDEBUG -DU_HAVE_ELF_H  -I/rds/bear-apps/2024a/EL8-ice/software/FriBidi/1.0.15-GCCcore-13.3.0/include -I/rds/bear-apps/2024a/EL8-ice/software/HarfBuzz/9.0.0-GCCcore-13.3.0/include -I/rds/bear-apps/2024a/EL8-ice/software/Tk/8.6.14-GCCcore-13.3.0/include -I/rds/bear-apps/2024a/EL8-ice/software/cURL/8.7.1-GCCcore-13.3.0/include -I/rds/bear-apps/2024a/EL8-ice/software/OpenSSL/3/include -I/rds/bear-apps/2024a/EL8-ice/software/libgit2/1.8.1-GCCcore-13.3.0/include -I/rds/bear-apps/2024a/EL8-ice/software/Java/17.0.15/include -I/rds/bear-apps/2024a/EL8-ice/software/LibTIFF/4.6.0-GCCcore-13.3.0/include -I/rds/bear-apps/2024a/EL8-ice/software/libjpeg-turbo/3.0.1-GCCcore-13.3.0/include -I/rds/bear-apps/2024a/EL8-ice/software/libpng/1.6.43-GCCcore-13.3.0/include -I/rds/bear-apps/2024a/EL8-ice/software/PCRE2/10.43-GCCcore-13.3.0/include -I/rds/bear-apps/2024a/EL8-ice/software/SQLite/3.45.3-GCCcore-13.3.0/include -I/rds/bear-apps/2024a/EL8-ice/software/zlib/1.3.1-GCCcore-13.3.0/include -I/rds/bear-apps/2024a/EL8-ice/software/XZ/5.4.5-GCCcore-13.3.0/include -I/rds/bear-apps/2024a/EL8-ice/software/bzip2/1.0.8-GCCcore-13.3.0/include -I/rds/bear-apps/2024a/EL8-ice/software/ncurses/6.5-GCCcore-13.3.0/include -I/rds/bear-apps/2024a/EL8-ice/software/libreadline/8.2-GCCcore-13.3.0/include -I/rds/bear-apps/2024a/EL8-ice/software/cairo/1.18.0-GCCcore-13.3.0/include -I/rds/bear-apps/2024a/EL8-ice/software/libGLU/9.0.3-GCCcore-13.3.0/include -I/rds/bear-apps/2024a/EL8-ice/software/Mesa/24.1.3-GCCcore-13.3.0/include -I/rds/bear-apps/2024a/EL8-ice/software/X11/20240607-GCCcore-13.3.0/include -I/rds/bear-apps/2024a/EL8-ice/software/pkgconf/2.2.0-GCCcore-13.3.0/include -I/rds/bear-apps/2024a/EL8-ice/software/FFTW/3.3.10-GCC-13.3.0/include -I/rds/bear-apps/2024a/EL8-ice/software/FlexiBLAS/3.4.4-GCC-13.3.0/include -I/rds/bear-apps/2024a/EL8-ice/software/FlexiBLAS/3.4.4-GCC-13.3.0/include/flexiblas   -fpic   -fpic  -O2 -ftree-vectorize -march=native -fno-math-errno   -c stri_search_coll_startsendswith.cpp -o stri_search_coll_startsendswith.o
g++ -std=gnu++17 -I"/rds/bear-apps/2024a/EL8-ice/software/R/4.5.0-gfbf-2024a/lib64/R/include" -DNDEBUG -I.    -UDEBUG -DNDEBUG -DU_HAVE_ELF_H  -I/rds/bear-apps/2024a/EL8-ice/software/FriBidi/1.0.15-GCCcore-13.3.0/include -I/rds/bear-apps/2024a/EL8-ice/software/HarfBuzz/9.0.0-GCCcore-13.3.0/include -I/rds/bear-apps/2024a/EL8-ice/software/Tk/8.6.14-GCCcore-13.3.0/include -I/rds/bear-apps/2024a/EL8-ice/software/cURL/8.7.1-GCCcore-13.3.0/include -I/rds/bear-apps/2024a/EL8-ice/software/OpenSSL/3/include -I/rds/bear-apps/2024a/EL8-ice/software/libgit2/1.8.1-GCCcore-13.3.0/include -I/rds/bear-apps/2024a/EL8-ice/software/Java/17.0.15/include -I/rds/bear-apps/2024a/EL8-ice/software/LibTIFF/4.6.0-GCCcore-13.3.0/include -I/rds/bear-apps/2024a/EL8-ice/software/libjpeg-turbo/3.0.1-GCCcore-13.3.0/include -I/rds/bear-apps/2024a/EL8-ice/software/libpng/1.6.43-GCCcore-13.3.0/include -I/rds/bear-apps/2024a/EL8-ice/software/PCRE2/10.43-GCCcore-13.3.0/include -I/rds/bear-apps/2024a/EL8-ice/software/SQLite/3.45.3-GCCcore-13.3.0/include -I/rds/bear-apps/2024a/EL8-ice/software/zlib/1.3.1-GCCcore-13.3.0/include -I/rds/bear-apps/2024a/EL8-ice/software/XZ/5.4.5-GCCcore-13.3.0/include -I/rds/bear-apps/2024a/EL8-ice/software/bzip2/1.0.8-GCCcore-13.3.0/include -I/rds/bear-apps/2024a/EL8-ice/software/ncurses/6.5-GCCcore-13.3.0/include -I/rds/bear-apps/2024a/EL8-ice/software/libreadline/8.2-GCCcore-13.3.0/include -I/rds/bear-apps/2024a/EL8-ice/software/cairo/1.18.0-GCCcore-13.3.0/include -I/rds/bear-apps/2024a/EL8-ice/software/libGLU/9.0.3-GCCcore-13.3.0/include -I/rds/bear-apps/2024a/EL8-ice/software/Mesa/24.1.3-GCCcore-13.3.0/include -I/rds/bear-apps/2024a/EL8-ice/software/X11/20240607-GCCcore-13.3.0/include -I/rds/bear-apps/2024a/EL8-ice/software/pkgconf/2.2.0-GCCcore-13.3.0/include -I/rds/bear-apps/2024a/EL8-ice/software/FFTW/3.3.10-GCC-13.3.0/include -I/rds/bear-apps/2024a/EL8-ice/software/FlexiBLAS/3.4.4-GCC-13.3.0/include -I/rds/bear-apps/2024a/EL8-ice/software/FlexiBLAS/3.4.4-GCC-13.3.0/include/flexiblas   -fpic   -fpic  -O2 -ftree-vectorize -march=native -fno-math-errno   -c stri_search_coll_subset.cpp -o stri_search_coll_subset.o
g++ -std=gnu++17 -I"/rds/bear-apps/2024a/EL8-ice/software/R/4.5.0-gfbf-2024a/lib64/R/include" -DNDEBUG -I.    -UDEBUG -DNDEBUG -DU_HAVE_ELF_H  -I/rds/bear-apps/2024a/EL8-ice/software/FriBidi/1.0.15-GCCcore-13.3.0/include -I/rds/bear-apps/2024a/EL8-ice/software/HarfBuzz/9.0.0-GCCcore-13.3.0/include -I/rds/bear-apps/2024a/EL8-ice/software/Tk/8.6.14-GCCcore-13.3.0/include -I/rds/bear-apps/2024a/EL8-ice/software/cURL/8.7.1-GCCcore-13.3.0/include -I/rds/bear-apps/2024a/EL8-ice/software/OpenSSL/3/include -I/rds/bear-apps/2024a/EL8-ice/software/libgit2/1.8.1-GCCcore-13.3.0/include -I/rds/bear-apps/2024a/EL8-ice/software/Java/17.0.15/include -I/rds/bear-apps/2024a/EL8-ice/software/LibTIFF/4.6.0-GCCcore-13.3.0/include -I/rds/bear-apps/2024a/EL8-ice/software/libjpeg-turbo/3.0.1-GCCcore-13.3.0/include -I/rds/bear-apps/2024a/EL8-ice/software/libpng/1.6.43-GCCcore-13.3.0/include -I/rds/bear-apps/2024a/EL8-ice/software/PCRE2/10.43-GCCcore-13.3.0/include -I/rds/bear-apps/2024a/EL8-ice/software/SQLite/3.45.3-GCCcore-13.3.0/include -I/rds/bear-apps/2024a/EL8-ice/software/zlib/1.3.1-GCCcore-13.3.0/include -I/rds/bear-apps/2024a/EL8-ice/software/XZ/5.4.5-GCCcore-13.3.0/include -I/rds/bear-apps/2024a/EL8-ice/software/bzip2/1.0.8-GCCcore-13.3.0/include -I/rds/bear-apps/2024a/EL8-ice/software/ncurses/6.5-GCCcore-13.3.0/include -I/rds/bear-apps/2024a/EL8-ice/software/libreadline/8.2-GCCcore-13.3.0/include -I/rds/bear-apps/2024a/EL8-ice/software/cairo/1.18.0-GCCcore-13.3.0/include -I/rds/bear-apps/2024a/EL8-ice/software/libGLU/9.0.3-GCCcore-13.3.0/include -I/rds/bear-apps/2024a/EL8-ice/software/Mesa/24.1.3-GCCcore-13.3.0/include -I/rds/bear-apps/2024a/EL8-ice/software/X11/20240607-GCCcore-13.3.0/include -I/rds/bear-apps/2024a/EL8-ice/software/pkgconf/2.2.0-GCCcore-13.3.0/include -I/rds/bear-apps/2024a/EL8-ice/software/FFTW/3.3.10-GCC-13.3.0/include -I/rds/bear-apps/2024a/EL8-ice/software/FlexiBLAS/3.4.4-GCC-13.3.0/include -I/rds/bear-apps/2024a/EL8-ice/software/FlexiBLAS/3.4.4-GCC-13.3.0/include/flexiblas   -fpic   -fpic  -O2 -ftree-vectorize -march=native -fno-math-errno   -c stri_search_boundaries_count.cpp -o stri_search_boundaries_count.o
g++ -std=gnu++17 -I"/rds/bear-apps/2024a/EL8-ice/software/R/4.5.0-gfbf-2024a/lib64/R/include" -DNDEBUG -I.    -UDEBUG -DNDEBUG -DU_HAVE_ELF_H  -I/rds/bear-apps/2024a/EL8-ice/software/FriBidi/1.0.15-GCCcore-13.3.0/include -I/rds/bear-apps/2024a/EL8-ice/software/HarfBuzz/9.0.0-GCCcore-13.3.0/include -I/rds/bear-apps/2024a/EL8-ice/software/Tk/8.6.14-GCCcore-13.3.0/include -I/rds/bear-apps/2024a/EL8-ice/software/cURL/8.7.1-GCCcore-13.3.0/include -I/rds/bear-apps/2024a/EL8-ice/software/OpenSSL/3/include -I/rds/bear-apps/2024a/EL8-ice/software/libgit2/1.8.1-GCCcore-13.3.0/include -I/rds/bear-apps/2024a/EL8-ice/software/Java/17.0.15/include -I/rds/bear-apps/2024a/EL8-ice/software/LibTIFF/4.6.0-GCCcore-13.3.0/include -I/rds/bear-apps/2024a/EL8-ice/software/libjpeg-turbo/3.0.1-GCCcore-13.3.0/include -I/rds/bear-apps/2024a/EL8-ice/software/libpng/1.6.43-GCCcore-13.3.0/include -I/rds/bear-apps/2024a/EL8-ice/software/PCRE2/10.43-GCCcore-13.3.0/include -I/rds/bear-apps/2024a/EL8-ice/software/SQLite/3.45.3-GCCcore-13.3.0/include -I/rds/bear-apps/2024a/EL8-ice/software/zlib/1.3.1-GCCcore-13.3.0/include -I/rds/bear-apps/2024a/EL8-ice/software/XZ/5.4.5-GCCcore-13.3.0/include -I/rds/bear-apps/2024a/EL8-ice/software/bzip2/1.0.8-GCCcore-13.3.0/include -I/rds/bear-apps/2024a/EL8-ice/software/ncurses/6.5-GCCcore-13.3.0/include -I/rds/bear-apps/2024a/EL8-ice/software/libreadline/8.2-GCCcore-13.3.0/include -I/rds/bear-apps/2024a/EL8-ice/software/cairo/1.18.0-GCCcore-13.3.0/include -I/rds/bear-apps/2024a/EL8-ice/software/libGLU/9.0.3-GCCcore-13.3.0/include -I/rds/bear-apps/2024a/EL8-ice/software/Mesa/24.1.3-GCCcore-13.3.0/include -I/rds/bear-apps/2024a/EL8-ice/software/X11/20240607-GCCcore-13.3.0/include -I/rds/bear-apps/2024a/EL8-ice/software/pkgconf/2.2.0-GCCcore-13.3.0/include -I/rds/bear-apps/2024a/EL8-ice/software/FFTW/3.3.10-GCC-13.3.0/include -I/rds/bear-apps/2024a/EL8-ice/software/FlexiBLAS/3.4.4-GCC-13.3.0/include -I/rds/bear-apps/2024a/EL8-ice/software/FlexiBLAS/3.4.4-GCC-13.3.0/include/flexiblas   -fpic   -fpic  -O2 -ftree-vectorize -march=native -fno-math-errno   -c stri_search_boundaries_extract.cpp -o stri_search_boundaries_extract.o
g++ -std=gnu++17 -I"/rds/bear-apps/2024a/EL8-ice/software/R/4.5.0-gfbf-2024a/lib64/R/include" -DNDEBUG -I.    -UDEBUG -DNDEBUG -DU_HAVE_ELF_H  -I/rds/bear-apps/2024a/EL8-ice/software/FriBidi/1.0.15-GCCcore-13.3.0/include -I/rds/bear-apps/2024a/EL8-ice/software/HarfBuzz/9.0.0-GCCcore-13.3.0/include -I/rds/bear-apps/2024a/EL8-ice/software/Tk/8.6.14-GCCcore-13.3.0/include -I/rds/bear-apps/2024a/EL8-ice/software/cURL/8.7.1-GCCcore-13.3.0/include -I/rds/bear-apps/2024a/EL8-ice/software/OpenSSL/3/include -I/rds/bear-apps/2024a/EL8-ice/software/libgit2/1.8.1-GCCcore-13.3.0/include -I/rds/bear-apps/2024a/EL8-ice/software/Java/17.0.15/include -I/rds/bear-apps/2024a/EL8-ice/software/LibTIFF/4.6.0-GCCcore-13.3.0/include -I/rds/bear-apps/2024a/EL8-ice/software/libjpeg-turbo/3.0.1-GCCcore-13.3.0/include -I/rds/bear-apps/2024a/EL8-ice/software/libpng/1.6.43-GCCcore-13.3.0/include -I/rds/bear-apps/2024a/EL8-ice/software/PCRE2/10.43-GCCcore-13.3.0/include -I/rds/bear-apps/2024a/EL8-ice/software/SQLite/3.45.3-GCCcore-13.3.0/include -I/rds/bear-apps/2024a/EL8-ice/software/zlib/1.3.1-GCCcore-13.3.0/include -I/rds/bear-apps/2024a/EL8-ice/software/XZ/5.4.5-GCCcore-13.3.0/include -I/rds/bear-apps/2024a/EL8-ice/software/bzip2/1.0.8-GCCcore-13.3.0/include -I/rds/bear-apps/2024a/EL8-ice/software/ncurses/6.5-GCCcore-13.3.0/include -I/rds/bear-apps/2024a/EL8-ice/software/libreadline/8.2-GCCcore-13.3.0/include -I/rds/bear-apps/2024a/EL8-ice/software/cairo/1.18.0-GCCcore-13.3.0/include -I/rds/bear-apps/2024a/EL8-ice/software/libGLU/9.0.3-GCCcore-13.3.0/include -I/rds/bear-apps/2024a/EL8-ice/software/Mesa/24.1.3-GCCcore-13.3.0/include -I/rds/bear-apps/2024a/EL8-ice/software/X11/20240607-GCCcore-13.3.0/include -I/rds/bear-apps/2024a/EL8-ice/software/pkgconf/2.2.0-GCCcore-13.3.0/include -I/rds/bear-apps/2024a/EL8-ice/software/FFTW/3.3.10-GCC-13.3.0/include -I/rds/bear-apps/2024a/EL8-ice/software/FlexiBLAS/3.4.4-GCC-13.3.0/include -I/rds/bear-apps/2024a/EL8-ice/software/FlexiBLAS/3.4.4-GCC-13.3.0/include/flexiblas   -fpic   -fpic  -O2 -ftree-vectorize -march=native -fno-math-errno   -c stri_search_boundaries_locate.cpp -o stri_search_boundaries_locate.o
g++ -std=gnu++17 -I"/rds/bear-apps/2024a/EL8-ice/software/R/4.5.0-gfbf-2024a/lib64/R/include" -DNDEBUG -I.    -UDEBUG -DNDEBUG -DU_HAVE_ELF_H  -I/rds/bear-apps/2024a/EL8-ice/software/FriBidi/1.0.15-GCCcore-13.3.0/include -I/rds/bear-apps/2024a/EL8-ice/software/HarfBuzz/9.0.0-GCCcore-13.3.0/include -I/rds/bear-apps/2024a/EL8-ice/software/Tk/8.6.14-GCCcore-13.3.0/include -I/rds/bear-apps/2024a/EL8-ice/software/cURL/8.7.1-GCCcore-13.3.0/include -I/rds/bear-apps/2024a/EL8-ice/software/OpenSSL/3/include -I/rds/bear-apps/2024a/EL8-ice/software/libgit2/1.8.1-GCCcore-13.3.0/include -I/rds/bear-apps/2024a/EL8-ice/software/Java/17.0.15/include -I/rds/bear-apps/2024a/EL8-ice/software/LibTIFF/4.6.0-GCCcore-13.3.0/include -I/rds/bear-apps/2024a/EL8-ice/software/libjpeg-turbo/3.0.1-GCCcore-13.3.0/include -I/rds/bear-apps/2024a/EL8-ice/software/libpng/1.6.43-GCCcore-13.3.0/include -I/rds/bear-apps/2024a/EL8-ice/software/PCRE2/10.43-GCCcore-13.3.0/include -I/rds/bear-apps/2024a/EL8-ice/software/SQLite/3.45.3-GCCcore-13.3.0/include -I/rds/bear-apps/2024a/EL8-ice/software/zlib/1.3.1-GCCcore-13.3.0/include -I/rds/bear-apps/2024a/EL8-ice/software/XZ/5.4.5-GCCcore-13.3.0/include -I/rds/bear-apps/2024a/EL8-ice/software/bzip2/1.0.8-GCCcore-13.3.0/include -I/rds/bear-apps/2024a/EL8-ice/software/ncurses/6.5-GCCcore-13.3.0/include -I/rds/bear-apps/2024a/EL8-ice/software/libreadline/8.2-GCCcore-13.3.0/include -I/rds/bear-apps/2024a/EL8-ice/software/cairo/1.18.0-GCCcore-13.3.0/include -I/rds/bear-apps/2024a/EL8-ice/software/libGLU/9.0.3-GCCcore-13.3.0/include -I/rds/bear-apps/2024a/EL8-ice/software/Mesa/24.1.3-GCCcore-13.3.0/include -I/rds/bear-apps/2024a/EL8-ice/software/X11/20240607-GCCcore-13.3.0/include -I/rds/bear-apps/2024a/EL8-ice/software/pkgconf/2.2.0-GCCcore-13.3.0/include -I/rds/bear-apps/2024a/EL8-ice/software/FFTW/3.3.10-GCC-13.3.0/include -I/rds/bear-apps/2024a/EL8-ice/software/FlexiBLAS/3.4.4-GCC-13.3.0/include -I/rds/bear-apps/2024a/EL8-ice/software/FlexiBLAS/3.4.4-GCC-13.3.0/include/flexiblas   -fpic   -fpic  -O2 -ftree-vectorize -march=native -fno-math-errno   -c stri_search_boundaries_split.cpp -o stri_search_boundaries_split.o
g++ -std=gnu++17 -I"/rds/bear-apps/2024a/EL8-ice/software/R/4.5.0-gfbf-2024a/lib64/R/include" -DNDEBUG -I.    -UDEBUG -DNDEBUG -DU_HAVE_ELF_H  -I/rds/bear-apps/2024a/EL8-ice/software/FriBidi/1.0.15-GCCcore-13.3.0/include -I/rds/bear-apps/2024a/EL8-ice/software/HarfBuzz/9.0.0-GCCcore-13.3.0/include -I/rds/bear-apps/2024a/EL8-ice/software/Tk/8.6.14-GCCcore-13.3.0/include -I/rds/bear-apps/2024a/EL8-ice/software/cURL/8.7.1-GCCcore-13.3.0/include -I/rds/bear-apps/2024a/EL8-ice/software/OpenSSL/3/include -I/rds/bear-apps/2024a/EL8-ice/software/libgit2/1.8.1-GCCcore-13.3.0/include -I/rds/bear-apps/2024a/EL8-ice/software/Java/17.0.15/include -I/rds/bear-apps/2024a/EL8-ice/software/LibTIFF/4.6.0-GCCcore-13.3.0/include -I/rds/bear-apps/2024a/EL8-ice/software/libjpeg-turbo/3.0.1-GCCcore-13.3.0/include -I/rds/bear-apps/2024a/EL8-ice/software/libpng/1.6.43-GCCcore-13.3.0/include -I/rds/bear-apps/2024a/EL8-ice/software/PCRE2/10.43-GCCcore-13.3.0/include -I/rds/bear-apps/2024a/EL8-ice/software/SQLite/3.45.3-GCCcore-13.3.0/include -I/rds/bear-apps/2024a/EL8-ice/software/zlib/1.3.1-GCCcore-13.3.0/include -I/rds/bear-apps/2024a/EL8-ice/software/XZ/5.4.5-GCCcore-13.3.0/include -I/rds/bear-apps/2024a/EL8-ice/software/bzip2/1.0.8-GCCcore-13.3.0/include -I/rds/bear-apps/2024a/EL8-ice/software/ncurses/6.5-GCCcore-13.3.0/include -I/rds/bear-apps/2024a/EL8-ice/software/libreadline/8.2-GCCcore-13.3.0/include -I/rds/bear-apps/2024a/EL8-ice/software/cairo/1.18.0-GCCcore-13.3.0/include -I/rds/bear-apps/2024a/EL8-ice/software/libGLU/9.0.3-GCCcore-13.3.0/include -I/rds/bear-apps/2024a/EL8-ice/software/Mesa/24.1.3-GCCcore-13.3.0/include -I/rds/bear-apps/2024a/EL8-ice/software/X11/20240607-GCCcore-13.3.0/include -I/rds/bear-apps/2024a/EL8-ice/software/pkgconf/2.2.0-GCCcore-13.3.0/include -I/rds/bear-apps/2024a/EL8-ice/software/FFTW/3.3.10-GCC-13.3.0/include -I/rds/bear-apps/2024a/EL8-ice/software/FlexiBLAS/3.4.4-GCC-13.3.0/include -I/rds/bear-apps/2024a/EL8-ice/software/FlexiBLAS/3.4.4-GCC-13.3.0/include/flexiblas   -fpic   -fpic  -O2 -ftree-vectorize -march=native -fno-math-errno   -c stri_search_fixed_count.cpp -o stri_search_fixed_count.o
g++ -std=gnu++17 -I"/rds/bear-apps/2024a/EL8-ice/software/R/4.5.0-gfbf-2024a/lib64/R/include" -DNDEBUG -I.    -UDEBUG -DNDEBUG -DU_HAVE_ELF_H  -I/rds/bear-apps/2024a/EL8-ice/software/FriBidi/1.0.15-GCCcore-13.3.0/include -I/rds/bear-apps/2024a/EL8-ice/software/HarfBuzz/9.0.0-GCCcore-13.3.0/include -I/rds/bear-apps/2024a/EL8-ice/software/Tk/8.6.14-GCCcore-13.3.0/include -I/rds/bear-apps/2024a/EL8-ice/software/cURL/8.7.1-GCCcore-13.3.0/include -I/rds/bear-apps/2024a/EL8-ice/software/OpenSSL/3/include -I/rds/bear-apps/2024a/EL8-ice/software/libgit2/1.8.1-GCCcore-13.3.0/include -I/rds/bear-apps/2024a/EL8-ice/software/Java/17.0.15/include -I/rds/bear-apps/2024a/EL8-ice/software/LibTIFF/4.6.0-GCCcore-13.3.0/include -I/rds/bear-apps/2024a/EL8-ice/software/libjpeg-turbo/3.0.1-GCCcore-13.3.0/include -I/rds/bear-apps/2024a/EL8-ice/software/libpng/1.6.43-GCCcore-13.3.0/include -I/rds/bear-apps/2024a/EL8-ice/software/PCRE2/10.43-GCCcore-13.3.0/include -I/rds/bear-apps/2024a/EL8-ice/software/SQLite/3.45.3-GCCcore-13.3.0/include -I/rds/bear-apps/2024a/EL8-ice/software/zlib/1.3.1-GCCcore-13.3.0/include -I/rds/bear-apps/2024a/EL8-ice/software/XZ/5.4.5-GCCcore-13.3.0/include -I/rds/bear-apps/2024a/EL8-ice/software/bzip2/1.0.8-GCCcore-13.3.0/include -I/rds/bear-apps/2024a/EL8-ice/software/ncurses/6.5-GCCcore-13.3.0/include -I/rds/bear-apps/2024a/EL8-ice/software/libreadline/8.2-GCCcore-13.3.0/include -I/rds/bear-apps/2024a/EL8-ice/software/cairo/1.18.0-GCCcore-13.3.0/include -I/rds/bear-apps/2024a/EL8-ice/software/libGLU/9.0.3-GCCcore-13.3.0/include -I/rds/bear-apps/2024a/EL8-ice/software/Mesa/24.1.3-GCCcore-13.3.0/include -I/rds/bear-apps/2024a/EL8-ice/software/X11/20240607-GCCcore-13.3.0/include -I/rds/bear-apps/2024a/EL8-ice/software/pkgconf/2.2.0-GCCcore-13.3.0/include -I/rds/bear-apps/2024a/EL8-ice/software/FFTW/3.3.10-GCC-13.3.0/include -I/rds/bear-apps/2024a/EL8-ice/software/FlexiBLAS/3.4.4-GCC-13.3.0/include -I/rds/bear-apps/2024a/EL8-ice/software/FlexiBLAS/3.4.4-GCC-13.3.0/include/flexiblas   -fpic   -fpic  -O2 -ftree-vectorize -march=native -fno-math-errno   -c stri_search_fixed_detect.cpp -o stri_search_fixed_detect.o
g++ -std=gnu++17 -I"/rds/bear-apps/2024a/EL8-ice/software/R/4.5.0-gfbf-2024a/lib64/R/include" -DNDEBUG -I.    -UDEBUG -DNDEBUG -DU_HAVE_ELF_H  -I/rds/bear-apps/2024a/EL8-ice/software/FriBidi/1.0.15-GCCcore-13.3.0/include -I/rds/bear-apps/2024a/EL8-ice/software/HarfBuzz/9.0.0-GCCcore-13.3.0/include -I/rds/bear-apps/2024a/EL8-ice/software/Tk/8.6.14-GCCcore-13.3.0/include -I/rds/bear-apps/2024a/EL8-ice/software/cURL/8.7.1-GCCcore-13.3.0/include -I/rds/bear-apps/2024a/EL8-ice/software/OpenSSL/3/include -I/rds/bear-apps/2024a/EL8-ice/software/libgit2/1.8.1-GCCcore-13.3.0/include -I/rds/bear-apps/2024a/EL8-ice/software/Java/17.0.15/include -I/rds/bear-apps/2024a/EL8-ice/software/LibTIFF/4.6.0-GCCcore-13.3.0/include -I/rds/bear-apps/2024a/EL8-ice/software/libjpeg-turbo/3.0.1-GCCcore-13.3.0/include -I/rds/bear-apps/2024a/EL8-ice/software/libpng/1.6.43-GCCcore-13.3.0/include -I/rds/bear-apps/2024a/EL8-ice/software/PCRE2/10.43-GCCcore-13.3.0/include -I/rds/bear-apps/2024a/EL8-ice/software/SQLite/3.45.3-GCCcore-13.3.0/include -I/rds/bear-apps/2024a/EL8-ice/software/zlib/1.3.1-GCCcore-13.3.0/include -I/rds/bear-apps/2024a/EL8-ice/software/XZ/5.4.5-GCCcore-13.3.0/include -I/rds/bear-apps/2024a/EL8-ice/software/bzip2/1.0.8-GCCcore-13.3.0/include -I/rds/bear-apps/2024a/EL8-ice/software/ncurses/6.5-GCCcore-13.3.0/include -I/rds/bear-apps/2024a/EL8-ice/software/libreadline/8.2-GCCcore-13.3.0/include -I/rds/bear-apps/2024a/EL8-ice/software/cairo/1.18.0-GCCcore-13.3.0/include -I/rds/bear-apps/2024a/EL8-ice/software/libGLU/9.0.3-GCCcore-13.3.0/include -I/rds/bear-apps/2024a/EL8-ice/software/Mesa/24.1.3-GCCcore-13.3.0/include -I/rds/bear-apps/2024a/EL8-ice/software/X11/20240607-GCCcore-13.3.0/include -I/rds/bear-apps/2024a/EL8-ice/software/pkgconf/2.2.0-GCCcore-13.3.0/include -I/rds/bear-apps/2024a/EL8-ice/software/FFTW/3.3.10-GCC-13.3.0/include -I/rds/bear-apps/2024a/EL8-ice/software/FlexiBLAS/3.4.4-GCC-13.3.0/include -I/rds/bear-apps/2024a/EL8-ice/software/FlexiBLAS/3.4.4-GCC-13.3.0/include/flexiblas   -fpic   -fpic  -O2 -ftree-vectorize -march=native -fno-math-errno   -c stri_search_fixed_extract.cpp -o stri_search_fixed_extract.o
g++ -std=gnu++17 -I"/rds/bear-apps/2024a/EL8-ice/software/R/4.5.0-gfbf-2024a/lib64/R/include" -DNDEBUG -I.    -UDEBUG -DNDEBUG -DU_HAVE_ELF_H  -I/rds/bear-apps/2024a/EL8-ice/software/FriBidi/1.0.15-GCCcore-13.3.0/include -I/rds/bear-apps/2024a/EL8-ice/software/HarfBuzz/9.0.0-GCCcore-13.3.0/include -I/rds/bear-apps/2024a/EL8-ice/software/Tk/8.6.14-GCCcore-13.3.0/include -I/rds/bear-apps/2024a/EL8-ice/software/cURL/8.7.1-GCCcore-13.3.0/include -I/rds/bear-apps/2024a/EL8-ice/software/OpenSSL/3/include -I/rds/bear-apps/2024a/EL8-ice/software/libgit2/1.8.1-GCCcore-13.3.0/include -I/rds/bear-apps/2024a/EL8-ice/software/Java/17.0.15/include -I/rds/bear-apps/2024a/EL8-ice/software/LibTIFF/4.6.0-GCCcore-13.3.0/include -I/rds/bear-apps/2024a/EL8-ice/software/libjpeg-turbo/3.0.1-GCCcore-13.3.0/include -I/rds/bear-apps/2024a/EL8-ice/software/libpng/1.6.43-GCCcore-13.3.0/include -I/rds/bear-apps/2024a/EL8-ice/software/PCRE2/10.43-GCCcore-13.3.0/include -I/rds/bear-apps/2024a/EL8-ice/software/SQLite/3.45.3-GCCcore-13.3.0/include -I/rds/bear-apps/2024a/EL8-ice/software/zlib/1.3.1-GCCcore-13.3.0/include -I/rds/bear-apps/2024a/EL8-ice/software/XZ/5.4.5-GCCcore-13.3.0/include -I/rds/bear-apps/2024a/EL8-ice/software/bzip2/1.0.8-GCCcore-13.3.0/include -I/rds/bear-apps/2024a/EL8-ice/software/ncurses/6.5-GCCcore-13.3.0/include -I/rds/bear-apps/2024a/EL8-ice/software/libreadline/8.2-GCCcore-13.3.0/include -I/rds/bear-apps/2024a/EL8-ice/software/cairo/1.18.0-GCCcore-13.3.0/include -I/rds/bear-apps/2024a/EL8-ice/software/libGLU/9.0.3-GCCcore-13.3.0/include -I/rds/bear-apps/2024a/EL8-ice/software/Mesa/24.1.3-GCCcore-13.3.0/include -I/rds/bear-apps/2024a/EL8-ice/software/X11/20240607-GCCcore-13.3.0/include -I/rds/bear-apps/2024a/EL8-ice/software/pkgconf/2.2.0-GCCcore-13.3.0/include -I/rds/bear-apps/2024a/EL8-ice/software/FFTW/3.3.10-GCC-13.3.0/include -I/rds/bear-apps/2024a/EL8-ice/software/FlexiBLAS/3.4.4-GCC-13.3.0/include -I/rds/bear-apps/2024a/EL8-ice/software/FlexiBLAS/3.4.4-GCC-13.3.0/include/flexiblas   -fpic   -fpic  -O2 -ftree-vectorize -march=native -fno-math-errno   -c stri_search_fixed_locate.cpp -o stri_search_fixed_locate.o
g++ -std=gnu++17 -I"/rds/bear-apps/2024a/EL8-ice/software/R/4.5.0-gfbf-2024a/lib64/R/include" -DNDEBUG -I.    -UDEBUG -DNDEBUG -DU_HAVE_ELF_H  -I/rds/bear-apps/2024a/EL8-ice/software/FriBidi/1.0.15-GCCcore-13.3.0/include -I/rds/bear-apps/2024a/EL8-ice/software/HarfBuzz/9.0.0-GCCcore-13.3.0/include -I/rds/bear-apps/2024a/EL8-ice/software/Tk/8.6.14-GCCcore-13.3.0/include -I/rds/bear-apps/2024a/EL8-ice/software/cURL/8.7.1-GCCcore-13.3.0/include -I/rds/bear-apps/2024a/EL8-ice/software/OpenSSL/3/include -I/rds/bear-apps/2024a/EL8-ice/software/libgit2/1.8.1-GCCcore-13.3.0/include -I/rds/bear-apps/2024a/EL8-ice/software/Java/17.0.15/include -I/rds/bear-apps/2024a/EL8-ice/software/LibTIFF/4.6.0-GCCcore-13.3.0/include -I/rds/bear-apps/2024a/EL8-ice/software/libjpeg-turbo/3.0.1-GCCcore-13.3.0/include -I/rds/bear-apps/2024a/EL8-ice/software/libpng/1.6.43-GCCcore-13.3.0/include -I/rds/bear-apps/2024a/EL8-ice/software/PCRE2/10.43-GCCcore-13.3.0/include -I/rds/bear-apps/2024a/EL8-ice/software/SQLite/3.45.3-GCCcore-13.3.0/include -I/rds/bear-apps/2024a/EL8-ice/software/zlib/1.3.1-GCCcore-13.3.0/include -I/rds/bear-apps/2024a/EL8-ice/software/XZ/5.4.5-GCCcore-13.3.0/include -I/rds/bear-apps/2024a/EL8-ice/software/bzip2/1.0.8-GCCcore-13.3.0/include -I/rds/bear-apps/2024a/EL8-ice/software/ncurses/6.5-GCCcore-13.3.0/include -I/rds/bear-apps/2024a/EL8-ice/software/libreadline/8.2-GCCcore-13.3.0/include -I/rds/bear-apps/2024a/EL8-ice/software/cairo/1.18.0-GCCcore-13.3.0/include -I/rds/bear-apps/2024a/EL8-ice/software/libGLU/9.0.3-GCCcore-13.3.0/include -I/rds/bear-apps/2024a/EL8-ice/software/Mesa/24.1.3-GCCcore-13.3.0/include -I/rds/bear-apps/2024a/EL8-ice/software/X11/20240607-GCCcore-13.3.0/include -I/rds/bear-apps/2024a/EL8-ice/software/pkgconf/2.2.0-GCCcore-13.3.0/include -I/rds/bear-apps/2024a/EL8-ice/software/FFTW/3.3.10-GCC-13.3.0/include -I/rds/bear-apps/2024a/EL8-ice/software/FlexiBLAS/3.4.4-GCC-13.3.0/include -I/rds/bear-apps/2024a/EL8-ice/software/FlexiBLAS/3.4.4-GCC-13.3.0/include/flexiblas   -fpic   -fpic  -O2 -ftree-vectorize -march=native -fno-math-errno   -c stri_search_fixed_replace.cpp -o stri_search_fixed_replace.o
g++ -std=gnu++17 -I"/rds/bear-apps/2024a/EL8-ice/software/R/4.5.0-gfbf-2024a/lib64/R/include" -DNDEBUG -I.    -UDEBUG -DNDEBUG -DU_HAVE_ELF_H  -I/rds/bear-apps/2024a/EL8-ice/software/FriBidi/1.0.15-GCCcore-13.3.0/include -I/rds/bear-apps/2024a/EL8-ice/software/HarfBuzz/9.0.0-GCCcore-13.3.0/include -I/rds/bear-apps/2024a/EL8-ice/software/Tk/8.6.14-GCCcore-13.3.0/include -I/rds/bear-apps/2024a/EL8-ice/software/cURL/8.7.1-GCCcore-13.3.0/include -I/rds/bear-apps/2024a/EL8-ice/software/OpenSSL/3/include -I/rds/bear-apps/2024a/EL8-ice/software/libgit2/1.8.1-GCCcore-13.3.0/include -I/rds/bear-apps/2024a/EL8-ice/software/Java/17.0.15/include -I/rds/bear-apps/2024a/EL8-ice/software/LibTIFF/4.6.0-GCCcore-13.3.0/include -I/rds/bear-apps/2024a/EL8-ice/software/libjpeg-turbo/3.0.1-GCCcore-13.3.0/include -I/rds/bear-apps/2024a/EL8-ice/software/libpng/1.6.43-GCCcore-13.3.0/include -I/rds/bear-apps/2024a/EL8-ice/software/PCRE2/10.43-GCCcore-13.3.0/include -I/rds/bear-apps/2024a/EL8-ice/software/SQLite/3.45.3-GCCcore-13.3.0/include -I/rds/bear-apps/2024a/EL8-ice/software/zlib/1.3.1-GCCcore-13.3.0/include -I/rds/bear-apps/2024a/EL8-ice/software/XZ/5.4.5-GCCcore-13.3.0/include -I/rds/bear-apps/2024a/EL8-ice/software/bzip2/1.0.8-GCCcore-13.3.0/include -I/rds/bear-apps/2024a/EL8-ice/software/ncurses/6.5-GCCcore-13.3.0/include -I/rds/bear-apps/2024a/EL8-ice/software/libreadline/8.2-GCCcore-13.3.0/include -I/rds/bear-apps/2024a/EL8-ice/software/cairo/1.18.0-GCCcore-13.3.0/include -I/rds/bear-apps/2024a/EL8-ice/software/libGLU/9.0.3-GCCcore-13.3.0/include -I/rds/bear-apps/2024a/EL8-ice/software/Mesa/24.1.3-GCCcore-13.3.0/include -I/rds/bear-apps/2024a/EL8-ice/software/X11/20240607-GCCcore-13.3.0/include -I/rds/bear-apps/2024a/EL8-ice/software/pkgconf/2.2.0-GCCcore-13.3.0/include -I/rds/bear-apps/2024a/EL8-ice/software/FFTW/3.3.10-GCC-13.3.0/include -I/rds/bear-apps/2024a/EL8-ice/software/FlexiBLAS/3.4.4-GCC-13.3.0/include -I/rds/bear-apps/2024a/EL8-ice/software/FlexiBLAS/3.4.4-GCC-13.3.0/include/flexiblas   -fpic   -fpic  -O2 -ftree-vectorize -march=native -fno-math-errno   -c stri_search_fixed_split.cpp -o stri_search_fixed_split.o
g++ -std=gnu++17 -I"/rds/bear-apps/2024a/EL8-ice/software/R/4.5.0-gfbf-2024a/lib64/R/include" -DNDEBUG -I.    -UDEBUG -DNDEBUG -DU_HAVE_ELF_H  -I/rds/bear-apps/2024a/EL8-ice/software/FriBidi/1.0.15-GCCcore-13.3.0/include -I/rds/bear-apps/2024a/EL8-ice/software/HarfBuzz/9.0.0-GCCcore-13.3.0/include -I/rds/bear-apps/2024a/EL8-ice/software/Tk/8.6.14-GCCcore-13.3.0/include -I/rds/bear-apps/2024a/EL8-ice/software/cURL/8.7.1-GCCcore-13.3.0/include -I/rds/bear-apps/2024a/EL8-ice/software/OpenSSL/3/include -I/rds/bear-apps/2024a/EL8-ice/software/libgit2/1.8.1-GCCcore-13.3.0/include -I/rds/bear-apps/2024a/EL8-ice/software/Java/17.0.15/include -I/rds/bear-apps/2024a/EL8-ice/software/LibTIFF/4.6.0-GCCcore-13.3.0/include -I/rds/bear-apps/2024a/EL8-ice/software/libjpeg-turbo/3.0.1-GCCcore-13.3.0/include -I/rds/bear-apps/2024a/EL8-ice/software/libpng/1.6.43-GCCcore-13.3.0/include -I/rds/bear-apps/2024a/EL8-ice/software/PCRE2/10.43-GCCcore-13.3.0/include -I/rds/bear-apps/2024a/EL8-ice/software/SQLite/3.45.3-GCCcore-13.3.0/include -I/rds/bear-apps/2024a/EL8-ice/software/zlib/1.3.1-GCCcore-13.3.0/include -I/rds/bear-apps/2024a/EL8-ice/software/XZ/5.4.5-GCCcore-13.3.0/include -I/rds/bear-apps/2024a/EL8-ice/software/bzip2/1.0.8-GCCcore-13.3.0/include -I/rds/bear-apps/2024a/EL8-ice/software/ncurses/6.5-GCCcore-13.3.0/include -I/rds/bear-apps/2024a/EL8-ice/software/libreadline/8.2-GCCcore-13.3.0/include -I/rds/bear-apps/2024a/EL8-ice/software/cairo/1.18.0-GCCcore-13.3.0/include -I/rds/bear-apps/2024a/EL8-ice/software/libGLU/9.0.3-GCCcore-13.3.0/include -I/rds/bear-apps/2024a/EL8-ice/software/Mesa/24.1.3-GCCcore-13.3.0/include -I/rds/bear-apps/2024a/EL8-ice/software/X11/20240607-GCCcore-13.3.0/include -I/rds/bear-apps/2024a/EL8-ice/software/pkgconf/2.2.0-GCCcore-13.3.0/include -I/rds/bear-apps/2024a/EL8-ice/software/FFTW/3.3.10-GCC-13.3.0/include -I/rds/bear-apps/2024a/EL8-ice/software/FlexiBLAS/3.4.4-GCC-13.3.0/include -I/rds/bear-apps/2024a/EL8-ice/software/FlexiBLAS/3.4.4-GCC-13.3.0/include/flexiblas   -fpic   -fpic  -O2 -ftree-vectorize -march=native -fno-math-errno   -c stri_search_fixed_subset.cpp -o stri_search_fixed_subset.o
g++ -std=gnu++17 -I"/rds/bear-apps/2024a/EL8-ice/software/R/4.5.0-gfbf-2024a/lib64/R/include" -DNDEBUG -I.    -UDEBUG -DNDEBUG -DU_HAVE_ELF_H  -I/rds/bear-apps/2024a/EL8-ice/software/FriBidi/1.0.15-GCCcore-13.3.0/include -I/rds/bear-apps/2024a/EL8-ice/software/HarfBuzz/9.0.0-GCCcore-13.3.0/include -I/rds/bear-apps/2024a/EL8-ice/software/Tk/8.6.14-GCCcore-13.3.0/include -I/rds/bear-apps/2024a/EL8-ice/software/cURL/8.7.1-GCCcore-13.3.0/include -I/rds/bear-apps/2024a/EL8-ice/software/OpenSSL/3/include -I/rds/bear-apps/2024a/EL8-ice/software/libgit2/1.8.1-GCCcore-13.3.0/include -I/rds/bear-apps/2024a/EL8-ice/software/Java/17.0.15/include -I/rds/bear-apps/2024a/EL8-ice/software/LibTIFF/4.6.0-GCCcore-13.3.0/include -I/rds/bear-apps/2024a/EL8-ice/software/libjpeg-turbo/3.0.1-GCCcore-13.3.0/include -I/rds/bear-apps/2024a/EL8-ice/software/libpng/1.6.43-GCCcore-13.3.0/include -I/rds/bear-apps/2024a/EL8-ice/software/PCRE2/10.43-GCCcore-13.3.0/include -I/rds/bear-apps/2024a/EL8-ice/software/SQLite/3.45.3-GCCcore-13.3.0/include -I/rds/bear-apps/2024a/EL8-ice/software/zlib/1.3.1-GCCcore-13.3.0/include -I/rds/bear-apps/2024a/EL8-ice/software/XZ/5.4.5-GCCcore-13.3.0/include -I/rds/bear-apps/2024a/EL8-ice/software/bzip2/1.0.8-GCCcore-13.3.0/include -I/rds/bear-apps/2024a/EL8-ice/software/ncurses/6.5-GCCcore-13.3.0/include -I/rds/bear-apps/2024a/EL8-ice/software/libreadline/8.2-GCCcore-13.3.0/include -I/rds/bear-apps/2024a/EL8-ice/software/cairo/1.18.0-GCCcore-13.3.0/include -I/rds/bear-apps/2024a/EL8-ice/software/libGLU/9.0.3-GCCcore-13.3.0/include -I/rds/bear-apps/2024a/EL8-ice/software/Mesa/24.1.3-GCCcore-13.3.0/include -I/rds/bear-apps/2024a/EL8-ice/software/X11/20240607-GCCcore-13.3.0/include -I/rds/bear-apps/2024a/EL8-ice/software/pkgconf/2.2.0-GCCcore-13.3.0/include -I/rds/bear-apps/2024a/EL8-ice/software/FFTW/3.3.10-GCC-13.3.0/include -I/rds/bear-apps/2024a/EL8-ice/software/FlexiBLAS/3.4.4-GCC-13.3.0/include -I/rds/bear-apps/2024a/EL8-ice/software/FlexiBLAS/3.4.4-GCC-13.3.0/include/flexiblas   -fpic   -fpic  -O2 -ftree-vectorize -march=native -fno-math-errno   -c stri_search_fixed_startsendswith.cpp -o stri_search_fixed_startsendswith.o
g++ -std=gnu++17 -I"/rds/bear-apps/2024a/EL8-ice/software/R/4.5.0-gfbf-2024a/lib64/R/include" -DNDEBUG -I.    -UDEBUG -DNDEBUG -DU_HAVE_ELF_H  -I/rds/bear-apps/2024a/EL8-ice/software/FriBidi/1.0.15-GCCcore-13.3.0/include -I/rds/bear-apps/2024a/EL8-ice/software/HarfBuzz/9.0.0-GCCcore-13.3.0/include -I/rds/bear-apps/2024a/EL8-ice/software/Tk/8.6.14-GCCcore-13.3.0/include -I/rds/bear-apps/2024a/EL8-ice/software/cURL/8.7.1-GCCcore-13.3.0/include -I/rds/bear-apps/2024a/EL8-ice/software/OpenSSL/3/include -I/rds/bear-apps/2024a/EL8-ice/software/libgit2/1.8.1-GCCcore-13.3.0/include -I/rds/bear-apps/2024a/EL8-ice/software/Java/17.0.15/include -I/rds/bear-apps/2024a/EL8-ice/software/LibTIFF/4.6.0-GCCcore-13.3.0/include -I/rds/bear-apps/2024a/EL8-ice/software/libjpeg-turbo/3.0.1-GCCcore-13.3.0/include -I/rds/bear-apps/2024a/EL8-ice/software/libpng/1.6.43-GCCcore-13.3.0/include -I/rds/bear-apps/2024a/EL8-ice/software/PCRE2/10.43-GCCcore-13.3.0/include -I/rds/bear-apps/2024a/EL8-ice/software/SQLite/3.45.3-GCCcore-13.3.0/include -I/rds/bear-apps/2024a/EL8-ice/software/zlib/1.3.1-GCCcore-13.3.0/include -I/rds/bear-apps/2024a/EL8-ice/software/XZ/5.4.5-GCCcore-13.3.0/include -I/rds/bear-apps/2024a/EL8-ice/software/bzip2/1.0.8-GCCcore-13.3.0/include -I/rds/bear-apps/2024a/EL8-ice/software/ncurses/6.5-GCCcore-13.3.0/include -I/rds/bear-apps/2024a/EL8-ice/software/libreadline/8.2-GCCcore-13.3.0/include -I/rds/bear-apps/2024a/EL8-ice/software/cairo/1.18.0-GCCcore-13.3.0/include -I/rds/bear-apps/2024a/EL8-ice/software/libGLU/9.0.3-GCCcore-13.3.0/include -I/rds/bear-apps/2024a/EL8-ice/software/Mesa/24.1.3-GCCcore-13.3.0/include -I/rds/bear-apps/2024a/EL8-ice/software/X11/20240607-GCCcore-13.3.0/include -I/rds/bear-apps/2024a/EL8-ice/software/pkgconf/2.2.0-GCCcore-13.3.0/include -I/rds/bear-apps/2024a/EL8-ice/software/FFTW/3.3.10-GCC-13.3.0/include -I/rds/bear-apps/2024a/EL8-ice/software/FlexiBLAS/3.4.4-GCC-13.3.0/include -I/rds/bear-apps/2024a/EL8-ice/software/FlexiBLAS/3.4.4-GCC-13.3.0/include/flexiblas   -fpic   -fpic  -O2 -ftree-vectorize -march=native -fno-math-errno   -c stri_search_in.cpp -o stri_search_in.o
g++ -std=gnu++17 -I"/rds/bear-apps/2024a/EL8-ice/software/R/4.5.0-gfbf-2024a/lib64/R/include" -DNDEBUG -I.    -UDEBUG -DNDEBUG -DU_HAVE_ELF_H  -I/rds/bear-apps/2024a/EL8-ice/software/FriBidi/1.0.15-GCCcore-13.3.0/include -I/rds/bear-apps/2024a/EL8-ice/software/HarfBuzz/9.0.0-GCCcore-13.3.0/include -I/rds/bear-apps/2024a/EL8-ice/software/Tk/8.6.14-GCCcore-13.3.0/include -I/rds/bear-apps/2024a/EL8-ice/software/cURL/8.7.1-GCCcore-13.3.0/include -I/rds/bear-apps/2024a/EL8-ice/software/OpenSSL/3/include -I/rds/bear-apps/2024a/EL8-ice/software/libgit2/1.8.1-GCCcore-13.3.0/include -I/rds/bear-apps/2024a/EL8-ice/software/Java/17.0.15/include -I/rds/bear-apps/2024a/EL8-ice/software/LibTIFF/4.6.0-GCCcore-13.3.0/include -I/rds/bear-apps/2024a/EL8-ice/software/libjpeg-turbo/3.0.1-GCCcore-13.3.0/include -I/rds/bear-apps/2024a/EL8-ice/software/libpng/1.6.43-GCCcore-13.3.0/include -I/rds/bear-apps/2024a/EL8-ice/software/PCRE2/10.43-GCCcore-13.3.0/include -I/rds/bear-apps/2024a/EL8-ice/software/SQLite/3.45.3-GCCcore-13.3.0/include -I/rds/bear-apps/2024a/EL8-ice/software/zlib/1.3.1-GCCcore-13.3.0/include -I/rds/bear-apps/2024a/EL8-ice/software/XZ/5.4.5-GCCcore-13.3.0/include -I/rds/bear-apps/2024a/EL8-ice/software/bzip2/1.0.8-GCCcore-13.3.0/include -I/rds/bear-apps/2024a/EL8-ice/software/ncurses/6.5-GCCcore-13.3.0/include -I/rds/bear-apps/2024a/EL8-ice/software/libreadline/8.2-GCCcore-13.3.0/include -I/rds/bear-apps/2024a/EL8-ice/software/cairo/1.18.0-GCCcore-13.3.0/include -I/rds/bear-apps/2024a/EL8-ice/software/libGLU/9.0.3-GCCcore-13.3.0/include -I/rds/bear-apps/2024a/EL8-ice/software/Mesa/24.1.3-GCCcore-13.3.0/include -I/rds/bear-apps/2024a/EL8-ice/software/X11/20240607-GCCcore-13.3.0/include -I/rds/bear-apps/2024a/EL8-ice/software/pkgconf/2.2.0-GCCcore-13.3.0/include -I/rds/bear-apps/2024a/EL8-ice/software/FFTW/3.3.10-GCC-13.3.0/include -I/rds/bear-apps/2024a/EL8-ice/software/FlexiBLAS/3.4.4-GCC-13.3.0/include -I/rds/bear-apps/2024a/EL8-ice/software/FlexiBLAS/3.4.4-GCC-13.3.0/include/flexiblas   -fpic   -fpic  -O2 -ftree-vectorize -march=native -fno-math-errno   -c stri_search_other_split.cpp -o stri_search_other_split.o
g++ -std=gnu++17 -I"/rds/bear-apps/2024a/EL8-ice/software/R/4.5.0-gfbf-2024a/lib64/R/include" -DNDEBUG -I.    -UDEBUG -DNDEBUG -DU_HAVE_ELF_H  -I/rds/bear-apps/2024a/EL8-ice/software/FriBidi/1.0.15-GCCcore-13.3.0/include -I/rds/bear-apps/2024a/EL8-ice/software/HarfBuzz/9.0.0-GCCcore-13.3.0/include -I/rds/bear-apps/2024a/EL8-ice/software/Tk/8.6.14-GCCcore-13.3.0/include -I/rds/bear-apps/2024a/EL8-ice/software/cURL/8.7.1-GCCcore-13.3.0/include -I/rds/bear-apps/2024a/EL8-ice/software/OpenSSL/3/include -I/rds/bear-apps/2024a/EL8-ice/software/libgit2/1.8.1-GCCcore-13.3.0/include -I/rds/bear-apps/2024a/EL8-ice/software/Java/17.0.15/include -I/rds/bear-apps/2024a/EL8-ice/software/LibTIFF/4.6.0-GCCcore-13.3.0/include -I/rds/bear-apps/2024a/EL8-ice/software/libjpeg-turbo/3.0.1-GCCcore-13.3.0/include -I/rds/bear-apps/2024a/EL8-ice/software/libpng/1.6.43-GCCcore-13.3.0/include -I/rds/bear-apps/2024a/EL8-ice/software/PCRE2/10.43-GCCcore-13.3.0/include -I/rds/bear-apps/2024a/EL8-ice/software/SQLite/3.45.3-GCCcore-13.3.0/include -I/rds/bear-apps/2024a/EL8-ice/software/zlib/1.3.1-GCCcore-13.3.0/include -I/rds/bear-apps/2024a/EL8-ice/software/XZ/5.4.5-GCCcore-13.3.0/include -I/rds/bear-apps/2024a/EL8-ice/software/bzip2/1.0.8-GCCcore-13.3.0/include -I/rds/bear-apps/2024a/EL8-ice/software/ncurses/6.5-GCCcore-13.3.0/include -I/rds/bear-apps/2024a/EL8-ice/software/libreadline/8.2-GCCcore-13.3.0/include -I/rds/bear-apps/2024a/EL8-ice/software/cairo/1.18.0-GCCcore-13.3.0/include -I/rds/bear-apps/2024a/EL8-ice/software/libGLU/9.0.3-GCCcore-13.3.0/include -I/rds/bear-apps/2024a/EL8-ice/software/Mesa/24.1.3-GCCcore-13.3.0/include -I/rds/bear-apps/2024a/EL8-ice/software/X11/20240607-GCCcore-13.3.0/include -I/rds/bear-apps/2024a/EL8-ice/software/pkgconf/2.2.0-GCCcore-13.3.0/include -I/rds/bear-apps/2024a/EL8-ice/software/FFTW/3.3.10-GCC-13.3.0/include -I/rds/bear-apps/2024a/EL8-ice/software/FlexiBLAS/3.4.4-GCC-13.3.0/include -I/rds/bear-apps/2024a/EL8-ice/software/FlexiBLAS/3.4.4-GCC-13.3.0/include/flexiblas   -fpic   -fpic  -O2 -ftree-vectorize -march=native -fno-math-errno   -c stri_search_regex_count.cpp -o stri_search_regex_count.o
g++ -std=gnu++17 -I"/rds/bear-apps/2024a/EL8-ice/software/R/4.5.0-gfbf-2024a/lib64/R/include" -DNDEBUG -I.    -UDEBUG -DNDEBUG -DU_HAVE_ELF_H  -I/rds/bear-apps/2024a/EL8-ice/software/FriBidi/1.0.15-GCCcore-13.3.0/include -I/rds/bear-apps/2024a/EL8-ice/software/HarfBuzz/9.0.0-GCCcore-13.3.0/include -I/rds/bear-apps/2024a/EL8-ice/software/Tk/8.6.14-GCCcore-13.3.0/include -I/rds/bear-apps/2024a/EL8-ice/software/cURL/8.7.1-GCCcore-13.3.0/include -I/rds/bear-apps/2024a/EL8-ice/software/OpenSSL/3/include -I/rds/bear-apps/2024a/EL8-ice/software/libgit2/1.8.1-GCCcore-13.3.0/include -I/rds/bear-apps/2024a/EL8-ice/software/Java/17.0.15/include -I/rds/bear-apps/2024a/EL8-ice/software/LibTIFF/4.6.0-GCCcore-13.3.0/include -I/rds/bear-apps/2024a/EL8-ice/software/libjpeg-turbo/3.0.1-GCCcore-13.3.0/include -I/rds/bear-apps/2024a/EL8-ice/software/libpng/1.6.43-GCCcore-13.3.0/include -I/rds/bear-apps/2024a/EL8-ice/software/PCRE2/10.43-GCCcore-13.3.0/include -I/rds/bear-apps/2024a/EL8-ice/software/SQLite/3.45.3-GCCcore-13.3.0/include -I/rds/bear-apps/2024a/EL8-ice/software/zlib/1.3.1-GCCcore-13.3.0/include -I/rds/bear-apps/2024a/EL8-ice/software/XZ/5.4.5-GCCcore-13.3.0/include -I/rds/bear-apps/2024a/EL8-ice/software/bzip2/1.0.8-GCCcore-13.3.0/include -I/rds/bear-apps/2024a/EL8-ice/software/ncurses/6.5-GCCcore-13.3.0/include -I/rds/bear-apps/2024a/EL8-ice/software/libreadline/8.2-GCCcore-13.3.0/include -I/rds/bear-apps/2024a/EL8-ice/software/cairo/1.18.0-GCCcore-13.3.0/include -I/rds/bear-apps/2024a/EL8-ice/software/libGLU/9.0.3-GCCcore-13.3.0/include -I/rds/bear-apps/2024a/EL8-ice/software/Mesa/24.1.3-GCCcore-13.3.0/include -I/rds/bear-apps/2024a/EL8-ice/software/X11/20240607-GCCcore-13.3.0/include -I/rds/bear-apps/2024a/EL8-ice/software/pkgconf/2.2.0-GCCcore-13.3.0/include -I/rds/bear-apps/2024a/EL8-ice/software/FFTW/3.3.10-GCC-13.3.0/include -I/rds/bear-apps/2024a/EL8-ice/software/FlexiBLAS/3.4.4-GCC-13.3.0/include -I/rds/bear-apps/2024a/EL8-ice/software/FlexiBLAS/3.4.4-GCC-13.3.0/include/flexiblas   -fpic   -fpic  -O2 -ftree-vectorize -march=native -fno-math-errno   -c stri_search_regex_detect.cpp -o stri_search_regex_detect.o
g++ -std=gnu++17 -I"/rds/bear-apps/2024a/EL8-ice/software/R/4.5.0-gfbf-2024a/lib64/R/include" -DNDEBUG -I.    -UDEBUG -DNDEBUG -DU_HAVE_ELF_H  -I/rds/bear-apps/2024a/EL8-ice/software/FriBidi/1.0.15-GCCcore-13.3.0/include -I/rds/bear-apps/2024a/EL8-ice/software/HarfBuzz/9.0.0-GCCcore-13.3.0/include -I/rds/bear-apps/2024a/EL8-ice/software/Tk/8.6.14-GCCcore-13.3.0/include -I/rds/bear-apps/2024a/EL8-ice/software/cURL/8.7.1-GCCcore-13.3.0/include -I/rds/bear-apps/2024a/EL8-ice/software/OpenSSL/3/include -I/rds/bear-apps/2024a/EL8-ice/software/libgit2/1.8.1-GCCcore-13.3.0/include -I/rds/bear-apps/2024a/EL8-ice/software/Java/17.0.15/include -I/rds/bear-apps/2024a/EL8-ice/software/LibTIFF/4.6.0-GCCcore-13.3.0/include -I/rds/bear-apps/2024a/EL8-ice/software/libjpeg-turbo/3.0.1-GCCcore-13.3.0/include -I/rds/bear-apps/2024a/EL8-ice/software/libpng/1.6.43-GCCcore-13.3.0/include -I/rds/bear-apps/2024a/EL8-ice/software/PCRE2/10.43-GCCcore-13.3.0/include -I/rds/bear-apps/2024a/EL8-ice/software/SQLite/3.45.3-GCCcore-13.3.0/include -I/rds/bear-apps/2024a/EL8-ice/software/zlib/1.3.1-GCCcore-13.3.0/include -I/rds/bear-apps/2024a/EL8-ice/software/XZ/5.4.5-GCCcore-13.3.0/include -I/rds/bear-apps/2024a/EL8-ice/software/bzip2/1.0.8-GCCcore-13.3.0/include -I/rds/bear-apps/2024a/EL8-ice/software/ncurses/6.5-GCCcore-13.3.0/include -I/rds/bear-apps/2024a/EL8-ice/software/libreadline/8.2-GCCcore-13.3.0/include -I/rds/bear-apps/2024a/EL8-ice/software/cairo/1.18.0-GCCcore-13.3.0/include -I/rds/bear-apps/2024a/EL8-ice/software/libGLU/9.0.3-GCCcore-13.3.0/include -I/rds/bear-apps/2024a/EL8-ice/software/Mesa/24.1.3-GCCcore-13.3.0/include -I/rds/bear-apps/2024a/EL8-ice/software/X11/20240607-GCCcore-13.3.0/include -I/rds/bear-apps/2024a/EL8-ice/software/pkgconf/2.2.0-GCCcore-13.3.0/include -I/rds/bear-apps/2024a/EL8-ice/software/FFTW/3.3.10-GCC-13.3.0/include -I/rds/bear-apps/2024a/EL8-ice/software/FlexiBLAS/3.4.4-GCC-13.3.0/include -I/rds/bear-apps/2024a/EL8-ice/software/FlexiBLAS/3.4.4-GCC-13.3.0/include/flexiblas   -fpic   -fpic  -O2 -ftree-vectorize -march=native -fno-math-errno   -c stri_search_regex_extract.cpp -o stri_search_regex_extract.o
g++ -std=gnu++17 -I"/rds/bear-apps/2024a/EL8-ice/software/R/4.5.0-gfbf-2024a/lib64/R/include" -DNDEBUG -I.    -UDEBUG -DNDEBUG -DU_HAVE_ELF_H  -I/rds/bear-apps/2024a/EL8-ice/software/FriBidi/1.0.15-GCCcore-13.3.0/include -I/rds/bear-apps/2024a/EL8-ice/software/HarfBuzz/9.0.0-GCCcore-13.3.0/include -I/rds/bear-apps/2024a/EL8-ice/software/Tk/8.6.14-GCCcore-13.3.0/include -I/rds/bear-apps/2024a/EL8-ice/software/cURL/8.7.1-GCCcore-13.3.0/include -I/rds/bear-apps/2024a/EL8-ice/software/OpenSSL/3/include -I/rds/bear-apps/2024a/EL8-ice/software/libgit2/1.8.1-GCCcore-13.3.0/include -I/rds/bear-apps/2024a/EL8-ice/software/Java/17.0.15/include -I/rds/bear-apps/2024a/EL8-ice/software/LibTIFF/4.6.0-GCCcore-13.3.0/include -I/rds/bear-apps/2024a/EL8-ice/software/libjpeg-turbo/3.0.1-GCCcore-13.3.0/include -I/rds/bear-apps/2024a/EL8-ice/software/libpng/1.6.43-GCCcore-13.3.0/include -I/rds/bear-apps/2024a/EL8-ice/software/PCRE2/10.43-GCCcore-13.3.0/include -I/rds/bear-apps/2024a/EL8-ice/software/SQLite/3.45.3-GCCcore-13.3.0/include -I/rds/bear-apps/2024a/EL8-ice/software/zlib/1.3.1-GCCcore-13.3.0/include -I/rds/bear-apps/2024a/EL8-ice/software/XZ/5.4.5-GCCcore-13.3.0/include -I/rds/bear-apps/2024a/EL8-ice/software/bzip2/1.0.8-GCCcore-13.3.0/include -I/rds/bear-apps/2024a/EL8-ice/software/ncurses/6.5-GCCcore-13.3.0/include -I/rds/bear-apps/2024a/EL8-ice/software/libreadline/8.2-GCCcore-13.3.0/include -I/rds/bear-apps/2024a/EL8-ice/software/cairo/1.18.0-GCCcore-13.3.0/include -I/rds/bear-apps/2024a/EL8-ice/software/libGLU/9.0.3-GCCcore-13.3.0/include -I/rds/bear-apps/2024a/EL8-ice/software/Mesa/24.1.3-GCCcore-13.3.0/include -I/rds/bear-apps/2024a/EL8-ice/software/X11/20240607-GCCcore-13.3.0/include -I/rds/bear-apps/2024a/EL8-ice/software/pkgconf/2.2.0-GCCcore-13.3.0/include -I/rds/bear-apps/2024a/EL8-ice/software/FFTW/3.3.10-GCC-13.3.0/include -I/rds/bear-apps/2024a/EL8-ice/software/FlexiBLAS/3.4.4-GCC-13.3.0/include -I/rds/bear-apps/2024a/EL8-ice/software/FlexiBLAS/3.4.4-GCC-13.3.0/include/flexiblas   -fpic   -fpic  -O2 -ftree-vectorize -march=native -fno-math-errno   -c stri_search_regex_locate.cpp -o stri_search_regex_locate.o
g++ -std=gnu++17 -I"/rds/bear-apps/2024a/EL8-ice/software/R/4.5.0-gfbf-2024a/lib64/R/include" -DNDEBUG -I.    -UDEBUG -DNDEBUG -DU_HAVE_ELF_H  -I/rds/bear-apps/2024a/EL8-ice/software/FriBidi/1.0.15-GCCcore-13.3.0/include -I/rds/bear-apps/2024a/EL8-ice/software/HarfBuzz/9.0.0-GCCcore-13.3.0/include -I/rds/bear-apps/2024a/EL8-ice/software/Tk/8.6.14-GCCcore-13.3.0/include -I/rds/bear-apps/2024a/EL8-ice/software/cURL/8.7.1-GCCcore-13.3.0/include -I/rds/bear-apps/2024a/EL8-ice/software/OpenSSL/3/include -I/rds/bear-apps/2024a/EL8-ice/software/libgit2/1.8.1-GCCcore-13.3.0/include -I/rds/bear-apps/2024a/EL8-ice/software/Java/17.0.15/include -I/rds/bear-apps/2024a/EL8-ice/software/LibTIFF/4.6.0-GCCcore-13.3.0/include -I/rds/bear-apps/2024a/EL8-ice/software/libjpeg-turbo/3.0.1-GCCcore-13.3.0/include -I/rds/bear-apps/2024a/EL8-ice/software/libpng/1.6.43-GCCcore-13.3.0/include -I/rds/bear-apps/2024a/EL8-ice/software/PCRE2/10.43-GCCcore-13.3.0/include -I/rds/bear-apps/2024a/EL8-ice/software/SQLite/3.45.3-GCCcore-13.3.0/include -I/rds/bear-apps/2024a/EL8-ice/software/zlib/1.3.1-GCCcore-13.3.0/include -I/rds/bear-apps/2024a/EL8-ice/software/XZ/5.4.5-GCCcore-13.3.0/include -I/rds/bear-apps/2024a/EL8-ice/software/bzip2/1.0.8-GCCcore-13.3.0/include -I/rds/bear-apps/2024a/EL8-ice/software/ncurses/6.5-GCCcore-13.3.0/include -I/rds/bear-apps/2024a/EL8-ice/software/libreadline/8.2-GCCcore-13.3.0/include -I/rds/bear-apps/2024a/EL8-ice/software/cairo/1.18.0-GCCcore-13.3.0/include -I/rds/bear-apps/2024a/EL8-ice/software/libGLU/9.0.3-GCCcore-13.3.0/include -I/rds/bear-apps/2024a/EL8-ice/software/Mesa/24.1.3-GCCcore-13.3.0/include -I/rds/bear-apps/2024a/EL8-ice/software/X11/20240607-GCCcore-13.3.0/include -I/rds/bear-apps/2024a/EL8-ice/software/pkgconf/2.2.0-GCCcore-13.3.0/include -I/rds/bear-apps/2024a/EL8-ice/software/FFTW/3.3.10-GCC-13.3.0/include -I/rds/bear-apps/2024a/EL8-ice/software/FlexiBLAS/3.4.4-GCC-13.3.0/include -I/rds/bear-apps/2024a/EL8-ice/software/FlexiBLAS/3.4.4-GCC-13.3.0/include/flexiblas   -fpic   -fpic  -O2 -ftree-vectorize -march=native -fno-math-errno   -c stri_search_regex_match.cpp -o stri_search_regex_match.o
g++ -std=gnu++17 -I"/rds/bear-apps/2024a/EL8-ice/software/R/4.5.0-gfbf-2024a/lib64/R/include" -DNDEBUG -I.    -UDEBUG -DNDEBUG -DU_HAVE_ELF_H  -I/rds/bear-apps/2024a/EL8-ice/software/FriBidi/1.0.15-GCCcore-13.3.0/include -I/rds/bear-apps/2024a/EL8-ice/software/HarfBuzz/9.0.0-GCCcore-13.3.0/include -I/rds/bear-apps/2024a/EL8-ice/software/Tk/8.6.14-GCCcore-13.3.0/include -I/rds/bear-apps/2024a/EL8-ice/software/cURL/8.7.1-GCCcore-13.3.0/include -I/rds/bear-apps/2024a/EL8-ice/software/OpenSSL/3/include -I/rds/bear-apps/2024a/EL8-ice/software/libgit2/1.8.1-GCCcore-13.3.0/include -I/rds/bear-apps/2024a/EL8-ice/software/Java/17.0.15/include -I/rds/bear-apps/2024a/EL8-ice/software/LibTIFF/4.6.0-GCCcore-13.3.0/include -I/rds/bear-apps/2024a/EL8-ice/software/libjpeg-turbo/3.0.1-GCCcore-13.3.0/include -I/rds/bear-apps/2024a/EL8-ice/software/libpng/1.6.43-GCCcore-13.3.0/include -I/rds/bear-apps/2024a/EL8-ice/software/PCRE2/10.43-GCCcore-13.3.0/include -I/rds/bear-apps/2024a/EL8-ice/software/SQLite/3.45.3-GCCcore-13.3.0/include -I/rds/bear-apps/2024a/EL8-ice/software/zlib/1.3.1-GCCcore-13.3.0/include -I/rds/bear-apps/2024a/EL8-ice/software/XZ/5.4.5-GCCcore-13.3.0/include -I/rds/bear-apps/2024a/EL8-ice/software/bzip2/1.0.8-GCCcore-13.3.0/include -I/rds/bear-apps/2024a/EL8-ice/software/ncurses/6.5-GCCcore-13.3.0/include -I/rds/bear-apps/2024a/EL8-ice/software/libreadline/8.2-GCCcore-13.3.0/include -I/rds/bear-apps/2024a/EL8-ice/software/cairo/1.18.0-GCCcore-13.3.0/include -I/rds/bear-apps/2024a/EL8-ice/software/libGLU/9.0.3-GCCcore-13.3.0/include -I/rds/bear-apps/2024a/EL8-ice/software/Mesa/24.1.3-GCCcore-13.3.0/include -I/rds/bear-apps/2024a/EL8-ice/software/X11/20240607-GCCcore-13.3.0/include -I/rds/bear-apps/2024a/EL8-ice/software/pkgconf/2.2.0-GCCcore-13.3.0/include -I/rds/bear-apps/2024a/EL8-ice/software/FFTW/3.3.10-GCC-13.3.0/include -I/rds/bear-apps/2024a/EL8-ice/software/FlexiBLAS/3.4.4-GCC-13.3.0/include -I/rds/bear-apps/2024a/EL8-ice/software/FlexiBLAS/3.4.4-GCC-13.3.0/include/flexiblas   -fpic   -fpic  -O2 -ftree-vectorize -march=native -fno-math-errno   -c stri_search_regex_replace.cpp -o stri_search_regex_replace.o
g++ -std=gnu++17 -I"/rds/bear-apps/2024a/EL8-ice/software/R/4.5.0-gfbf-2024a/lib64/R/include" -DNDEBUG -I.    -UDEBUG -DNDEBUG -DU_HAVE_ELF_H  -I/rds/bear-apps/2024a/EL8-ice/software/FriBidi/1.0.15-GCCcore-13.3.0/include -I/rds/bear-apps/2024a/EL8-ice/software/HarfBuzz/9.0.0-GCCcore-13.3.0/include -I/rds/bear-apps/2024a/EL8-ice/software/Tk/8.6.14-GCCcore-13.3.0/include -I/rds/bear-apps/2024a/EL8-ice/software/cURL/8.7.1-GCCcore-13.3.0/include -I/rds/bear-apps/2024a/EL8-ice/software/OpenSSL/3/include -I/rds/bear-apps/2024a/EL8-ice/software/libgit2/1.8.1-GCCcore-13.3.0/include -I/rds/bear-apps/2024a/EL8-ice/software/Java/17.0.15/include -I/rds/bear-apps/2024a/EL8-ice/software/LibTIFF/4.6.0-GCCcore-13.3.0/include -I/rds/bear-apps/2024a/EL8-ice/software/libjpeg-turbo/3.0.1-GCCcore-13.3.0/include -I/rds/bear-apps/2024a/EL8-ice/software/libpng/1.6.43-GCCcore-13.3.0/include -I/rds/bear-apps/2024a/EL8-ice/software/PCRE2/10.43-GCCcore-13.3.0/include -I/rds/bear-apps/2024a/EL8-ice/software/SQLite/3.45.3-GCCcore-13.3.0/include -I/rds/bear-apps/2024a/EL8-ice/software/zlib/1.3.1-GCCcore-13.3.0/include -I/rds/bear-apps/2024a/EL8-ice/software/XZ/5.4.5-GCCcore-13.3.0/include -I/rds/bear-apps/2024a/EL8-ice/software/bzip2/1.0.8-GCCcore-13.3.0/include -I/rds/bear-apps/2024a/EL8-ice/software/ncurses/6.5-GCCcore-13.3.0/include -I/rds/bear-apps/2024a/EL8-ice/software/libreadline/8.2-GCCcore-13.3.0/include -I/rds/bear-apps/2024a/EL8-ice/software/cairo/1.18.0-GCCcore-13.3.0/include -I/rds/bear-apps/2024a/EL8-ice/software/libGLU/9.0.3-GCCcore-13.3.0/include -I/rds/bear-apps/2024a/EL8-ice/software/Mesa/24.1.3-GCCcore-13.3.0/include -I/rds/bear-apps/2024a/EL8-ice/software/X11/20240607-GCCcore-13.3.0/include -I/rds/bear-apps/2024a/EL8-ice/software/pkgconf/2.2.0-GCCcore-13.3.0/include -I/rds/bear-apps/2024a/EL8-ice/software/FFTW/3.3.10-GCC-13.3.0/include -I/rds/bear-apps/2024a/EL8-ice/software/FlexiBLAS/3.4.4-GCC-13.3.0/include -I/rds/bear-apps/2024a/EL8-ice/software/FlexiBLAS/3.4.4-GCC-13.3.0/include/flexiblas   -fpic   -fpic  -O2 -ftree-vectorize -march=native -fno-math-errno   -c stri_search_regex_split.cpp -o stri_search_regex_split.o
g++ -std=gnu++17 -I"/rds/bear-apps/2024a/EL8-ice/software/R/4.5.0-gfbf-2024a/lib64/R/include" -DNDEBUG -I.    -UDEBUG -DNDEBUG -DU_HAVE_ELF_H  -I/rds/bear-apps/2024a/EL8-ice/software/FriBidi/1.0.15-GCCcore-13.3.0/include -I/rds/bear-apps/2024a/EL8-ice/software/HarfBuzz/9.0.0-GCCcore-13.3.0/include -I/rds/bear-apps/2024a/EL8-ice/software/Tk/8.6.14-GCCcore-13.3.0/include -I/rds/bear-apps/2024a/EL8-ice/software/cURL/8.7.1-GCCcore-13.3.0/include -I/rds/bear-apps/2024a/EL8-ice/software/OpenSSL/3/include -I/rds/bear-apps/2024a/EL8-ice/software/libgit2/1.8.1-GCCcore-13.3.0/include -I/rds/bear-apps/2024a/EL8-ice/software/Java/17.0.15/include -I/rds/bear-apps/2024a/EL8-ice/software/LibTIFF/4.6.0-GCCcore-13.3.0/include -I/rds/bear-apps/2024a/EL8-ice/software/libjpeg-turbo/3.0.1-GCCcore-13.3.0/include -I/rds/bear-apps/2024a/EL8-ice/software/libpng/1.6.43-GCCcore-13.3.0/include -I/rds/bear-apps/2024a/EL8-ice/software/PCRE2/10.43-GCCcore-13.3.0/include -I/rds/bear-apps/2024a/EL8-ice/software/SQLite/3.45.3-GCCcore-13.3.0/include -I/rds/bear-apps/2024a/EL8-ice/software/zlib/1.3.1-GCCcore-13.3.0/include -I/rds/bear-apps/2024a/EL8-ice/software/XZ/5.4.5-GCCcore-13.3.0/include -I/rds/bear-apps/2024a/EL8-ice/software/bzip2/1.0.8-GCCcore-13.3.0/include -I/rds/bear-apps/2024a/EL8-ice/software/ncurses/6.5-GCCcore-13.3.0/include -I/rds/bear-apps/2024a/EL8-ice/software/libreadline/8.2-GCCcore-13.3.0/include -I/rds/bear-apps/2024a/EL8-ice/software/cairo/1.18.0-GCCcore-13.3.0/include -I/rds/bear-apps/2024a/EL8-ice/software/libGLU/9.0.3-GCCcore-13.3.0/include -I/rds/bear-apps/2024a/EL8-ice/software/Mesa/24.1.3-GCCcore-13.3.0/include -I/rds/bear-apps/2024a/EL8-ice/software/X11/20240607-GCCcore-13.3.0/include -I/rds/bear-apps/2024a/EL8-ice/software/pkgconf/2.2.0-GCCcore-13.3.0/include -I/rds/bear-apps/2024a/EL8-ice/software/FFTW/3.3.10-GCC-13.3.0/include -I/rds/bear-apps/2024a/EL8-ice/software/FlexiBLAS/3.4.4-GCC-13.3.0/include -I/rds/bear-apps/2024a/EL8-ice/software/FlexiBLAS/3.4.4-GCC-13.3.0/include/flexiblas   -fpic   -fpic  -O2 -ftree-vectorize -march=native -fno-math-errno   -c stri_search_regex_subset.cpp -o stri_search_regex_subset.o
g++ -std=gnu++17 -I"/rds/bear-apps/2024a/EL8-ice/software/R/4.5.0-gfbf-2024a/lib64/R/include" -DNDEBUG -I.    -UDEBUG -DNDEBUG -DU_HAVE_ELF_H  -I/rds/bear-apps/2024a/EL8-ice/software/FriBidi/1.0.15-GCCcore-13.3.0/include -I/rds/bear-apps/2024a/EL8-ice/software/HarfBuzz/9.0.0-GCCcore-13.3.0/include -I/rds/bear-apps/2024a/EL8-ice/software/Tk/8.6.14-GCCcore-13.3.0/include -I/rds/bear-apps/2024a/EL8-ice/software/cURL/8.7.1-GCCcore-13.3.0/include -I/rds/bear-apps/2024a/EL8-ice/software/OpenSSL/3/include -I/rds/bear-apps/2024a/EL8-ice/software/libgit2/1.8.1-GCCcore-13.3.0/include -I/rds/bear-apps/2024a/EL8-ice/software/Java/17.0.15/include -I/rds/bear-apps/2024a/EL8-ice/software/LibTIFF/4.6.0-GCCcore-13.3.0/include -I/rds/bear-apps/2024a/EL8-ice/software/libjpeg-turbo/3.0.1-GCCcore-13.3.0/include -I/rds/bear-apps/2024a/EL8-ice/software/libpng/1.6.43-GCCcore-13.3.0/include -I/rds/bear-apps/2024a/EL8-ice/software/PCRE2/10.43-GCCcore-13.3.0/include -I/rds/bear-apps/2024a/EL8-ice/software/SQLite/3.45.3-GCCcore-13.3.0/include -I/rds/bear-apps/2024a/EL8-ice/software/zlib/1.3.1-GCCcore-13.3.0/include -I/rds/bear-apps/2024a/EL8-ice/software/XZ/5.4.5-GCCcore-13.3.0/include -I/rds/bear-apps/2024a/EL8-ice/software/bzip2/1.0.8-GCCcore-13.3.0/include -I/rds/bear-apps/2024a/EL8-ice/software/ncurses/6.5-GCCcore-13.3.0/include -I/rds/bear-apps/2024a/EL8-ice/software/libreadline/8.2-GCCcore-13.3.0/include -I/rds/bear-apps/2024a/EL8-ice/software/cairo/1.18.0-GCCcore-13.3.0/include -I/rds/bear-apps/2024a/EL8-ice/software/libGLU/9.0.3-GCCcore-13.3.0/include -I/rds/bear-apps/2024a/EL8-ice/software/Mesa/24.1.3-GCCcore-13.3.0/include -I/rds/bear-apps/2024a/EL8-ice/software/X11/20240607-GCCcore-13.3.0/include -I/rds/bear-apps/2024a/EL8-ice/software/pkgconf/2.2.0-GCCcore-13.3.0/include -I/rds/bear-apps/2024a/EL8-ice/software/FFTW/3.3.10-GCC-13.3.0/include -I/rds/bear-apps/2024a/EL8-ice/software/FlexiBLAS/3.4.4-GCC-13.3.0/include -I/rds/bear-apps/2024a/EL8-ice/software/FlexiBLAS/3.4.4-GCC-13.3.0/include/flexiblas   -fpic   -fpic  -O2 -ftree-vectorize -march=native -fno-math-errno   -c stri_sort.cpp -o stri_sort.o
g++ -std=gnu++17 -I"/rds/bear-apps/2024a/EL8-ice/software/R/4.5.0-gfbf-2024a/lib64/R/include" -DNDEBUG -I.    -UDEBUG -DNDEBUG -DU_HAVE_ELF_H  -I/rds/bear-apps/2024a/EL8-ice/software/FriBidi/1.0.15-GCCcore-13.3.0/include -I/rds/bear-apps/2024a/EL8-ice/software/HarfBuzz/9.0.0-GCCcore-13.3.0/include -I/rds/bear-apps/2024a/EL8-ice/software/Tk/8.6.14-GCCcore-13.3.0/include -I/rds/bear-apps/2024a/EL8-ice/software/cURL/8.7.1-GCCcore-13.3.0/include -I/rds/bear-apps/2024a/EL8-ice/software/OpenSSL/3/include -I/rds/bear-apps/2024a/EL8-ice/software/libgit2/1.8.1-GCCcore-13.3.0/include -I/rds/bear-apps/2024a/EL8-ice/software/Java/17.0.15/include -I/rds/bear-apps/2024a/EL8-ice/software/LibTIFF/4.6.0-GCCcore-13.3.0/include -I/rds/bear-apps/2024a/EL8-ice/software/libjpeg-turbo/3.0.1-GCCcore-13.3.0/include -I/rds/bear-apps/2024a/EL8-ice/software/libpng/1.6.43-GCCcore-13.3.0/include -I/rds/bear-apps/2024a/EL8-ice/software/PCRE2/10.43-GCCcore-13.3.0/include -I/rds/bear-apps/2024a/EL8-ice/software/SQLite/3.45.3-GCCcore-13.3.0/include -I/rds/bear-apps/2024a/EL8-ice/software/zlib/1.3.1-GCCcore-13.3.0/include -I/rds/bear-apps/2024a/EL8-ice/software/XZ/5.4.5-GCCcore-13.3.0/include -I/rds/bear-apps/2024a/EL8-ice/software/bzip2/1.0.8-GCCcore-13.3.0/include -I/rds/bear-apps/2024a/EL8-ice/software/ncurses/6.5-GCCcore-13.3.0/include -I/rds/bear-apps/2024a/EL8-ice/software/libreadline/8.2-GCCcore-13.3.0/include -I/rds/bear-apps/2024a/EL8-ice/software/cairo/1.18.0-GCCcore-13.3.0/include -I/rds/bear-apps/2024a/EL8-ice/software/libGLU/9.0.3-GCCcore-13.3.0/include -I/rds/bear-apps/2024a/EL8-ice/software/Mesa/24.1.3-GCCcore-13.3.0/include -I/rds/bear-apps/2024a/EL8-ice/software/X11/20240607-GCCcore-13.3.0/include -I/rds/bear-apps/2024a/EL8-ice/software/pkgconf/2.2.0-GCCcore-13.3.0/include -I/rds/bear-apps/2024a/EL8-ice/software/FFTW/3.3.10-GCC-13.3.0/include -I/rds/bear-apps/2024a/EL8-ice/software/FlexiBLAS/3.4.4-GCC-13.3.0/include -I/rds/bear-apps/2024a/EL8-ice/software/FlexiBLAS/3.4.4-GCC-13.3.0/include/flexiblas   -fpic   -fpic  -O2 -ftree-vectorize -march=native -fno-math-errno   -c stri_sprintf.cpp -o stri_sprintf.o
g++ -std=gnu++17 -I"/rds/bear-apps/2024a/EL8-ice/software/R/4.5.0-gfbf-2024a/lib64/R/include" -DNDEBUG -I.    -UDEBUG -DNDEBUG -DU_HAVE_ELF_H  -I/rds/bear-apps/2024a/EL8-ice/software/FriBidi/1.0.15-GCCcore-13.3.0/include -I/rds/bear-apps/2024a/EL8-ice/software/HarfBuzz/9.0.0-GCCcore-13.3.0/include -I/rds/bear-apps/2024a/EL8-ice/software/Tk/8.6.14-GCCcore-13.3.0/include -I/rds/bear-apps/2024a/EL8-ice/software/cURL/8.7.1-GCCcore-13.3.0/include -I/rds/bear-apps/2024a/EL8-ice/software/OpenSSL/3/include -I/rds/bear-apps/2024a/EL8-ice/software/libgit2/1.8.1-GCCcore-13.3.0/include -I/rds/bear-apps/2024a/EL8-ice/software/Java/17.0.15/include -I/rds/bear-apps/2024a/EL8-ice/software/LibTIFF/4.6.0-GCCcore-13.3.0/include -I/rds/bear-apps/2024a/EL8-ice/software/libjpeg-turbo/3.0.1-GCCcore-13.3.0/include -I/rds/bear-apps/2024a/EL8-ice/software/libpng/1.6.43-GCCcore-13.3.0/include -I/rds/bear-apps/2024a/EL8-ice/software/PCRE2/10.43-GCCcore-13.3.0/include -I/rds/bear-apps/2024a/EL8-ice/software/SQLite/3.45.3-GCCcore-13.3.0/include -I/rds/bear-apps/2024a/EL8-ice/software/zlib/1.3.1-GCCcore-13.3.0/include -I/rds/bear-apps/2024a/EL8-ice/software/XZ/5.4.5-GCCcore-13.3.0/include -I/rds/bear-apps/2024a/EL8-ice/software/bzip2/1.0.8-GCCcore-13.3.0/include -I/rds/bear-apps/2024a/EL8-ice/software/ncurses/6.5-GCCcore-13.3.0/include -I/rds/bear-apps/2024a/EL8-ice/software/libreadline/8.2-GCCcore-13.3.0/include -I/rds/bear-apps/2024a/EL8-ice/software/cairo/1.18.0-GCCcore-13.3.0/include -I/rds/bear-apps/2024a/EL8-ice/software/libGLU/9.0.3-GCCcore-13.3.0/include -I/rds/bear-apps/2024a/EL8-ice/software/Mesa/24.1.3-GCCcore-13.3.0/include -I/rds/bear-apps/2024a/EL8-ice/software/X11/20240607-GCCcore-13.3.0/include -I/rds/bear-apps/2024a/EL8-ice/software/pkgconf/2.2.0-GCCcore-13.3.0/include -I/rds/bear-apps/2024a/EL8-ice/software/FFTW/3.3.10-GCC-13.3.0/include -I/rds/bear-apps/2024a/EL8-ice/software/FlexiBLAS/3.4.4-GCC-13.3.0/include -I/rds/bear-apps/2024a/EL8-ice/software/FlexiBLAS/3.4.4-GCC-13.3.0/include/flexiblas   -fpic   -fpic  -O2 -ftree-vectorize -march=native -fno-math-errno   -c stri_stats.cpp -o stri_stats.o
g++ -std=gnu++17 -I"/rds/bear-apps/2024a/EL8-ice/software/R/4.5.0-gfbf-2024a/lib64/R/include" -DNDEBUG -I.    -UDEBUG -DNDEBUG -DU_HAVE_ELF_H  -I/rds/bear-apps/2024a/EL8-ice/software/FriBidi/1.0.15-GCCcore-13.3.0/include -I/rds/bear-apps/2024a/EL8-ice/software/HarfBuzz/9.0.0-GCCcore-13.3.0/include -I/rds/bear-apps/2024a/EL8-ice/software/Tk/8.6.14-GCCcore-13.3.0/include -I/rds/bear-apps/2024a/EL8-ice/software/cURL/8.7.1-GCCcore-13.3.0/include -I/rds/bear-apps/2024a/EL8-ice/software/OpenSSL/3/include -I/rds/bear-apps/2024a/EL8-ice/software/libgit2/1.8.1-GCCcore-13.3.0/include -I/rds/bear-apps/2024a/EL8-ice/software/Java/17.0.15/include -I/rds/bear-apps/2024a/EL8-ice/software/LibTIFF/4.6.0-GCCcore-13.3.0/include -I/rds/bear-apps/2024a/EL8-ice/software/libjpeg-turbo/3.0.1-GCCcore-13.3.0/include -I/rds/bear-apps/2024a/EL8-ice/software/libpng/1.6.43-GCCcore-13.3.0/include -I/rds/bear-apps/2024a/EL8-ice/software/PCRE2/10.43-GCCcore-13.3.0/include -I/rds/bear-apps/2024a/EL8-ice/software/SQLite/3.45.3-GCCcore-13.3.0/include -I/rds/bear-apps/2024a/EL8-ice/software/zlib/1.3.1-GCCcore-13.3.0/include -I/rds/bear-apps/2024a/EL8-ice/software/XZ/5.4.5-GCCcore-13.3.0/include -I/rds/bear-apps/2024a/EL8-ice/software/bzip2/1.0.8-GCCcore-13.3.0/include -I/rds/bear-apps/2024a/EL8-ice/software/ncurses/6.5-GCCcore-13.3.0/include -I/rds/bear-apps/2024a/EL8-ice/software/libreadline/8.2-GCCcore-13.3.0/include -I/rds/bear-apps/2024a/EL8-ice/software/cairo/1.18.0-GCCcore-13.3.0/include -I/rds/bear-apps/2024a/EL8-ice/software/libGLU/9.0.3-GCCcore-13.3.0/include -I/rds/bear-apps/2024a/EL8-ice/software/Mesa/24.1.3-GCCcore-13.3.0/include -I/rds/bear-apps/2024a/EL8-ice/software/X11/20240607-GCCcore-13.3.0/include -I/rds/bear-apps/2024a/EL8-ice/software/pkgconf/2.2.0-GCCcore-13.3.0/include -I/rds/bear-apps/2024a/EL8-ice/software/FFTW/3.3.10-GCC-13.3.0/include -I/rds/bear-apps/2024a/EL8-ice/software/FlexiBLAS/3.4.4-GCC-13.3.0/include -I/rds/bear-apps/2024a/EL8-ice/software/FlexiBLAS/3.4.4-GCC-13.3.0/include/flexiblas   -fpic   -fpic  -O2 -ftree-vectorize -march=native -fno-math-errno   -c stri_string8.cpp -o stri_string8.o
g++ -std=gnu++17 -I"/rds/bear-apps/2024a/EL8-ice/software/R/4.5.0-gfbf-2024a/lib64/R/include" -DNDEBUG -I.    -UDEBUG -DNDEBUG -DU_HAVE_ELF_H  -I/rds/bear-apps/2024a/EL8-ice/software/FriBidi/1.0.15-GCCcore-13.3.0/include -I/rds/bear-apps/2024a/EL8-ice/software/HarfBuzz/9.0.0-GCCcore-13.3.0/include -I/rds/bear-apps/2024a/EL8-ice/software/Tk/8.6.14-GCCcore-13.3.0/include -I/rds/bear-apps/2024a/EL8-ice/software/cURL/8.7.1-GCCcore-13.3.0/include -I/rds/bear-apps/2024a/EL8-ice/software/OpenSSL/3/include -I/rds/bear-apps/2024a/EL8-ice/software/libgit2/1.8.1-GCCcore-13.3.0/include -I/rds/bear-apps/2024a/EL8-ice/software/Java/17.0.15/include -I/rds/bear-apps/2024a/EL8-ice/software/LibTIFF/4.6.0-GCCcore-13.3.0/include -I/rds/bear-apps/2024a/EL8-ice/software/libjpeg-turbo/3.0.1-GCCcore-13.3.0/include -I/rds/bear-apps/2024a/EL8-ice/software/libpng/1.6.43-GCCcore-13.3.0/include -I/rds/bear-apps/2024a/EL8-ice/software/PCRE2/10.43-GCCcore-13.3.0/include -I/rds/bear-apps/2024a/EL8-ice/software/SQLite/3.45.3-GCCcore-13.3.0/include -I/rds/bear-apps/2024a/EL8-ice/software/zlib/1.3.1-GCCcore-13.3.0/include -I/rds/bear-apps/2024a/EL8-ice/software/XZ/5.4.5-GCCcore-13.3.0/include -I/rds/bear-apps/2024a/EL8-ice/software/bzip2/1.0.8-GCCcore-13.3.0/include -I/rds/bear-apps/2024a/EL8-ice/software/ncurses/6.5-GCCcore-13.3.0/include -I/rds/bear-apps/2024a/EL8-ice/software/libreadline/8.2-GCCcore-13.3.0/include -I/rds/bear-apps/2024a/EL8-ice/software/cairo/1.18.0-GCCcore-13.3.0/include -I/rds/bear-apps/2024a/EL8-ice/software/libGLU/9.0.3-GCCcore-13.3.0/include -I/rds/bear-apps/2024a/EL8-ice/software/Mesa/24.1.3-GCCcore-13.3.0/include -I/rds/bear-apps/2024a/EL8-ice/software/X11/20240607-GCCcore-13.3.0/include -I/rds/bear-apps/2024a/EL8-ice/software/pkgconf/2.2.0-GCCcore-13.3.0/include -I/rds/bear-apps/2024a/EL8-ice/software/FFTW/3.3.10-GCC-13.3.0/include -I/rds/bear-apps/2024a/EL8-ice/software/FlexiBLAS/3.4.4-GCC-13.3.0/include -I/rds/bear-apps/2024a/EL8-ice/software/FlexiBLAS/3.4.4-GCC-13.3.0/include/flexiblas   -fpic   -fpic  -O2 -ftree-vectorize -march=native -fno-math-errno   -c stri_stringi.cpp -o stri_stringi.o
g++ -std=gnu++17 -I"/rds/bear-apps/2024a/EL8-ice/software/R/4.5.0-gfbf-2024a/lib64/R/include" -DNDEBUG -I.    -UDEBUG -DNDEBUG -DU_HAVE_ELF_H  -I/rds/bear-apps/2024a/EL8-ice/software/FriBidi/1.0.15-GCCcore-13.3.0/include -I/rds/bear-apps/2024a/EL8-ice/software/HarfBuzz/9.0.0-GCCcore-13.3.0/include -I/rds/bear-apps/2024a/EL8-ice/software/Tk/8.6.14-GCCcore-13.3.0/include -I/rds/bear-apps/2024a/EL8-ice/software/cURL/8.7.1-GCCcore-13.3.0/include -I/rds/bear-apps/2024a/EL8-ice/software/OpenSSL/3/include -I/rds/bear-apps/2024a/EL8-ice/software/libgit2/1.8.1-GCCcore-13.3.0/include -I/rds/bear-apps/2024a/EL8-ice/software/Java/17.0.15/include -I/rds/bear-apps/2024a/EL8-ice/software/LibTIFF/4.6.0-GCCcore-13.3.0/include -I/rds/bear-apps/2024a/EL8-ice/software/libjpeg-turbo/3.0.1-GCCcore-13.3.0/include -I/rds/bear-apps/2024a/EL8-ice/software/libpng/1.6.43-GCCcore-13.3.0/include -I/rds/bear-apps/2024a/EL8-ice/software/PCRE2/10.43-GCCcore-13.3.0/include -I/rds/bear-apps/2024a/EL8-ice/software/SQLite/3.45.3-GCCcore-13.3.0/include -I/rds/bear-apps/2024a/EL8-ice/software/zlib/1.3.1-GCCcore-13.3.0/include -I/rds/bear-apps/2024a/EL8-ice/software/XZ/5.4.5-GCCcore-13.3.0/include -I/rds/bear-apps/2024a/EL8-ice/software/bzip2/1.0.8-GCCcore-13.3.0/include -I/rds/bear-apps/2024a/EL8-ice/software/ncurses/6.5-GCCcore-13.3.0/include -I/rds/bear-apps/2024a/EL8-ice/software/libreadline/8.2-GCCcore-13.3.0/include -I/rds/bear-apps/2024a/EL8-ice/software/cairo/1.18.0-GCCcore-13.3.0/include -I/rds/bear-apps/2024a/EL8-ice/software/libGLU/9.0.3-GCCcore-13.3.0/include -I/rds/bear-apps/2024a/EL8-ice/software/Mesa/24.1.3-GCCcore-13.3.0/include -I/rds/bear-apps/2024a/EL8-ice/software/X11/20240607-GCCcore-13.3.0/include -I/rds/bear-apps/2024a/EL8-ice/software/pkgconf/2.2.0-GCCcore-13.3.0/include -I/rds/bear-apps/2024a/EL8-ice/software/FFTW/3.3.10-GCC-13.3.0/include -I/rds/bear-apps/2024a/EL8-ice/software/FlexiBLAS/3.4.4-GCC-13.3.0/include -I/rds/bear-apps/2024a/EL8-ice/software/FlexiBLAS/3.4.4-GCC-13.3.0/include/flexiblas   -fpic   -fpic  -O2 -ftree-vectorize -march=native -fno-math-errno   -c stri_sub.cpp -o stri_sub.o
g++ -std=gnu++17 -I"/rds/bear-apps/2024a/EL8-ice/software/R/4.5.0-gfbf-2024a/lib64/R/include" -DNDEBUG -I.    -UDEBUG -DNDEBUG -DU_HAVE_ELF_H  -I/rds/bear-apps/2024a/EL8-ice/software/FriBidi/1.0.15-GCCcore-13.3.0/include -I/rds/bear-apps/2024a/EL8-ice/software/HarfBuzz/9.0.0-GCCcore-13.3.0/include -I/rds/bear-apps/2024a/EL8-ice/software/Tk/8.6.14-GCCcore-13.3.0/include -I/rds/bear-apps/2024a/EL8-ice/software/cURL/8.7.1-GCCcore-13.3.0/include -I/rds/bear-apps/2024a/EL8-ice/software/OpenSSL/3/include -I/rds/bear-apps/2024a/EL8-ice/software/libgit2/1.8.1-GCCcore-13.3.0/include -I/rds/bear-apps/2024a/EL8-ice/software/Java/17.0.15/include -I/rds/bear-apps/2024a/EL8-ice/software/LibTIFF/4.6.0-GCCcore-13.3.0/include -I/rds/bear-apps/2024a/EL8-ice/software/libjpeg-turbo/3.0.1-GCCcore-13.3.0/include -I/rds/bear-apps/2024a/EL8-ice/software/libpng/1.6.43-GCCcore-13.3.0/include -I/rds/bear-apps/2024a/EL8-ice/software/PCRE2/10.43-GCCcore-13.3.0/include -I/rds/bear-apps/2024a/EL8-ice/software/SQLite/3.45.3-GCCcore-13.3.0/include -I/rds/bear-apps/2024a/EL8-ice/software/zlib/1.3.1-GCCcore-13.3.0/include -I/rds/bear-apps/2024a/EL8-ice/software/XZ/5.4.5-GCCcore-13.3.0/include -I/rds/bear-apps/2024a/EL8-ice/software/bzip2/1.0.8-GCCcore-13.3.0/include -I/rds/bear-apps/2024a/EL8-ice/software/ncurses/6.5-GCCcore-13.3.0/include -I/rds/bear-apps/2024a/EL8-ice/software/libreadline/8.2-GCCcore-13.3.0/include -I/rds/bear-apps/2024a/EL8-ice/software/cairo/1.18.0-GCCcore-13.3.0/include -I/rds/bear-apps/2024a/EL8-ice/software/libGLU/9.0.3-GCCcore-13.3.0/include -I/rds/bear-apps/2024a/EL8-ice/software/Mesa/24.1.3-GCCcore-13.3.0/include -I/rds/bear-apps/2024a/EL8-ice/software/X11/20240607-GCCcore-13.3.0/include -I/rds/bear-apps/2024a/EL8-ice/software/pkgconf/2.2.0-GCCcore-13.3.0/include -I/rds/bear-apps/2024a/EL8-ice/software/FFTW/3.3.10-GCC-13.3.0/include -I/rds/bear-apps/2024a/EL8-ice/software/FlexiBLAS/3.4.4-GCC-13.3.0/include -I/rds/bear-apps/2024a/EL8-ice/software/FlexiBLAS/3.4.4-GCC-13.3.0/include/flexiblas   -fpic   -fpic  -O2 -ftree-vectorize -march=native -fno-math-errno   -c stri_test.cpp -o stri_test.o
g++ -std=gnu++17 -I"/rds/bear-apps/2024a/EL8-ice/software/R/4.5.0-gfbf-2024a/lib64/R/include" -DNDEBUG -I.    -UDEBUG -DNDEBUG -DU_HAVE_ELF_H  -I/rds/bear-apps/2024a/EL8-ice/software/FriBidi/1.0.15-GCCcore-13.3.0/include -I/rds/bear-apps/2024a/EL8-ice/software/HarfBuzz/9.0.0-GCCcore-13.3.0/include -I/rds/bear-apps/2024a/EL8-ice/software/Tk/8.6.14-GCCcore-13.3.0/include -I/rds/bear-apps/2024a/EL8-ice/software/cURL/8.7.1-GCCcore-13.3.0/include -I/rds/bear-apps/2024a/EL8-ice/software/OpenSSL/3/include -I/rds/bear-apps/2024a/EL8-ice/software/libgit2/1.8.1-GCCcore-13.3.0/include -I/rds/bear-apps/2024a/EL8-ice/software/Java/17.0.15/include -I/rds/bear-apps/2024a/EL8-ice/software/LibTIFF/4.6.0-GCCcore-13.3.0/include -I/rds/bear-apps/2024a/EL8-ice/software/libjpeg-turbo/3.0.1-GCCcore-13.3.0/include -I/rds/bear-apps/2024a/EL8-ice/software/libpng/1.6.43-GCCcore-13.3.0/include -I/rds/bear-apps/2024a/EL8-ice/software/PCRE2/10.43-GCCcore-13.3.0/include -I/rds/bear-apps/2024a/EL8-ice/software/SQLite/3.45.3-GCCcore-13.3.0/include -I/rds/bear-apps/2024a/EL8-ice/software/zlib/1.3.1-GCCcore-13.3.0/include -I/rds/bear-apps/2024a/EL8-ice/software/XZ/5.4.5-GCCcore-13.3.0/include -I/rds/bear-apps/2024a/EL8-ice/software/bzip2/1.0.8-GCCcore-13.3.0/include -I/rds/bear-apps/2024a/EL8-ice/software/ncurses/6.5-GCCcore-13.3.0/include -I/rds/bear-apps/2024a/EL8-ice/software/libreadline/8.2-GCCcore-13.3.0/include -I/rds/bear-apps/2024a/EL8-ice/software/cairo/1.18.0-GCCcore-13.3.0/include -I/rds/bear-apps/2024a/EL8-ice/software/libGLU/9.0.3-GCCcore-13.3.0/include -I/rds/bear-apps/2024a/EL8-ice/software/Mesa/24.1.3-GCCcore-13.3.0/include -I/rds/bear-apps/2024a/EL8-ice/software/X11/20240607-GCCcore-13.3.0/include -I/rds/bear-apps/2024a/EL8-ice/software/pkgconf/2.2.0-GCCcore-13.3.0/include -I/rds/bear-apps/2024a/EL8-ice/software/FFTW/3.3.10-GCC-13.3.0/include -I/rds/bear-apps/2024a/EL8-ice/software/FlexiBLAS/3.4.4-GCC-13.3.0/include -I/rds/bear-apps/2024a/EL8-ice/software/FlexiBLAS/3.4.4-GCC-13.3.0/include/flexiblas   -fpic   -fpic  -O2 -ftree-vectorize -march=native -fno-math-errno   -c stri_time_zone.cpp -o stri_time_zone.o
g++ -std=gnu++17 -I"/rds/bear-apps/2024a/EL8-ice/software/R/4.5.0-gfbf-2024a/lib64/R/include" -DNDEBUG -I.    -UDEBUG -DNDEBUG -DU_HAVE_ELF_H  -I/rds/bear-apps/2024a/EL8-ice/software/FriBidi/1.0.15-GCCcore-13.3.0/include -I/rds/bear-apps/2024a/EL8-ice/software/HarfBuzz/9.0.0-GCCcore-13.3.0/include -I/rds/bear-apps/2024a/EL8-ice/software/Tk/8.6.14-GCCcore-13.3.0/include -I/rds/bear-apps/2024a/EL8-ice/software/cURL/8.7.1-GCCcore-13.3.0/include -I/rds/bear-apps/2024a/EL8-ice/software/OpenSSL/3/include -I/rds/bear-apps/2024a/EL8-ice/software/libgit2/1.8.1-GCCcore-13.3.0/include -I/rds/bear-apps/2024a/EL8-ice/software/Java/17.0.15/include -I/rds/bear-apps/2024a/EL8-ice/software/LibTIFF/4.6.0-GCCcore-13.3.0/include -I/rds/bear-apps/2024a/EL8-ice/software/libjpeg-turbo/3.0.1-GCCcore-13.3.0/include -I/rds/bear-apps/2024a/EL8-ice/software/libpng/1.6.43-GCCcore-13.3.0/include -I/rds/bear-apps/2024a/EL8-ice/software/PCRE2/10.43-GCCcore-13.3.0/include -I/rds/bear-apps/2024a/EL8-ice/software/SQLite/3.45.3-GCCcore-13.3.0/include -I/rds/bear-apps/2024a/EL8-ice/software/zlib/1.3.1-GCCcore-13.3.0/include -I/rds/bear-apps/2024a/EL8-ice/software/XZ/5.4.5-GCCcore-13.3.0/include -I/rds/bear-apps/2024a/EL8-ice/software/bzip2/1.0.8-GCCcore-13.3.0/include -I/rds/bear-apps/2024a/EL8-ice/software/ncurses/6.5-GCCcore-13.3.0/include -I/rds/bear-apps/2024a/EL8-ice/software/libreadline/8.2-GCCcore-13.3.0/include -I/rds/bear-apps/2024a/EL8-ice/software/cairo/1.18.0-GCCcore-13.3.0/include -I/rds/bear-apps/2024a/EL8-ice/software/libGLU/9.0.3-GCCcore-13.3.0/include -I/rds/bear-apps/2024a/EL8-ice/software/Mesa/24.1.3-GCCcore-13.3.0/include -I/rds/bear-apps/2024a/EL8-ice/software/X11/20240607-GCCcore-13.3.0/include -I/rds/bear-apps/2024a/EL8-ice/software/pkgconf/2.2.0-GCCcore-13.3.0/include -I/rds/bear-apps/2024a/EL8-ice/software/FFTW/3.3.10-GCC-13.3.0/include -I/rds/bear-apps/2024a/EL8-ice/software/FlexiBLAS/3.4.4-GCC-13.3.0/include -I/rds/bear-apps/2024a/EL8-ice/software/FlexiBLAS/3.4.4-GCC-13.3.0/include/flexiblas   -fpic   -fpic  -O2 -ftree-vectorize -march=native -fno-math-errno   -c stri_time_calendar.cpp -o stri_time_calendar.o
g++ -std=gnu++17 -I"/rds/bear-apps/2024a/EL8-ice/software/R/4.5.0-gfbf-2024a/lib64/R/include" -DNDEBUG -I.    -UDEBUG -DNDEBUG -DU_HAVE_ELF_H  -I/rds/bear-apps/2024a/EL8-ice/software/FriBidi/1.0.15-GCCcore-13.3.0/include -I/rds/bear-apps/2024a/EL8-ice/software/HarfBuzz/9.0.0-GCCcore-13.3.0/include -I/rds/bear-apps/2024a/EL8-ice/software/Tk/8.6.14-GCCcore-13.3.0/include -I/rds/bear-apps/2024a/EL8-ice/software/cURL/8.7.1-GCCcore-13.3.0/include -I/rds/bear-apps/2024a/EL8-ice/software/OpenSSL/3/include -I/rds/bear-apps/2024a/EL8-ice/software/libgit2/1.8.1-GCCcore-13.3.0/include -I/rds/bear-apps/2024a/EL8-ice/software/Java/17.0.15/include -I/rds/bear-apps/2024a/EL8-ice/software/LibTIFF/4.6.0-GCCcore-13.3.0/include -I/rds/bear-apps/2024a/EL8-ice/software/libjpeg-turbo/3.0.1-GCCcore-13.3.0/include -I/rds/bear-apps/2024a/EL8-ice/software/libpng/1.6.43-GCCcore-13.3.0/include -I/rds/bear-apps/2024a/EL8-ice/software/PCRE2/10.43-GCCcore-13.3.0/include -I/rds/bear-apps/2024a/EL8-ice/software/SQLite/3.45.3-GCCcore-13.3.0/include -I/rds/bear-apps/2024a/EL8-ice/software/zlib/1.3.1-GCCcore-13.3.0/include -I/rds/bear-apps/2024a/EL8-ice/software/XZ/5.4.5-GCCcore-13.3.0/include -I/rds/bear-apps/2024a/EL8-ice/software/bzip2/1.0.8-GCCcore-13.3.0/include -I/rds/bear-apps/2024a/EL8-ice/software/ncurses/6.5-GCCcore-13.3.0/include -I/rds/bear-apps/2024a/EL8-ice/software/libreadline/8.2-GCCcore-13.3.0/include -I/rds/bear-apps/2024a/EL8-ice/software/cairo/1.18.0-GCCcore-13.3.0/include -I/rds/bear-apps/2024a/EL8-ice/software/libGLU/9.0.3-GCCcore-13.3.0/include -I/rds/bear-apps/2024a/EL8-ice/software/Mesa/24.1.3-GCCcore-13.3.0/include -I/rds/bear-apps/2024a/EL8-ice/software/X11/20240607-GCCcore-13.3.0/include -I/rds/bear-apps/2024a/EL8-ice/software/pkgconf/2.2.0-GCCcore-13.3.0/include -I/rds/bear-apps/2024a/EL8-ice/software/FFTW/3.3.10-GCC-13.3.0/include -I/rds/bear-apps/2024a/EL8-ice/software/FlexiBLAS/3.4.4-GCC-13.3.0/include -I/rds/bear-apps/2024a/EL8-ice/software/FlexiBLAS/3.4.4-GCC-13.3.0/include/flexiblas   -fpic   -fpic  -O2 -ftree-vectorize -march=native -fno-math-errno   -c stri_time_symbols.cpp -o stri_time_symbols.o
g++ -std=gnu++17 -I"/rds/bear-apps/2024a/EL8-ice/software/R/4.5.0-gfbf-2024a/lib64/R/include" -DNDEBUG -I.    -UDEBUG -DNDEBUG -DU_HAVE_ELF_H  -I/rds/bear-apps/2024a/EL8-ice/software/FriBidi/1.0.15-GCCcore-13.3.0/include -I/rds/bear-apps/2024a/EL8-ice/software/HarfBuzz/9.0.0-GCCcore-13.3.0/include -I/rds/bear-apps/2024a/EL8-ice/software/Tk/8.6.14-GCCcore-13.3.0/include -I/rds/bear-apps/2024a/EL8-ice/software/cURL/8.7.1-GCCcore-13.3.0/include -I/rds/bear-apps/2024a/EL8-ice/software/OpenSSL/3/include -I/rds/bear-apps/2024a/EL8-ice/software/libgit2/1.8.1-GCCcore-13.3.0/include -I/rds/bear-apps/2024a/EL8-ice/software/Java/17.0.15/include -I/rds/bear-apps/2024a/EL8-ice/software/LibTIFF/4.6.0-GCCcore-13.3.0/include -I/rds/bear-apps/2024a/EL8-ice/software/libjpeg-turbo/3.0.1-GCCcore-13.3.0/include -I/rds/bear-apps/2024a/EL8-ice/software/libpng/1.6.43-GCCcore-13.3.0/include -I/rds/bear-apps/2024a/EL8-ice/software/PCRE2/10.43-GCCcore-13.3.0/include -I/rds/bear-apps/2024a/EL8-ice/software/SQLite/3.45.3-GCCcore-13.3.0/include -I/rds/bear-apps/2024a/EL8-ice/software/zlib/1.3.1-GCCcore-13.3.0/include -I/rds/bear-apps/2024a/EL8-ice/software/XZ/5.4.5-GCCcore-13.3.0/include -I/rds/bear-apps/2024a/EL8-ice/software/bzip2/1.0.8-GCCcore-13.3.0/include -I/rds/bear-apps/2024a/EL8-ice/software/ncurses/6.5-GCCcore-13.3.0/include -I/rds/bear-apps/2024a/EL8-ice/software/libreadline/8.2-GCCcore-13.3.0/include -I/rds/bear-apps/2024a/EL8-ice/software/cairo/1.18.0-GCCcore-13.3.0/include -I/rds/bear-apps/2024a/EL8-ice/software/libGLU/9.0.3-GCCcore-13.3.0/include -I/rds/bear-apps/2024a/EL8-ice/software/Mesa/24.1.3-GCCcore-13.3.0/include -I/rds/bear-apps/2024a/EL8-ice/software/X11/20240607-GCCcore-13.3.0/include -I/rds/bear-apps/2024a/EL8-ice/software/pkgconf/2.2.0-GCCcore-13.3.0/include -I/rds/bear-apps/2024a/EL8-ice/software/FFTW/3.3.10-GCC-13.3.0/include -I/rds/bear-apps/2024a/EL8-ice/software/FlexiBLAS/3.4.4-GCC-13.3.0/include -I/rds/bear-apps/2024a/EL8-ice/software/FlexiBLAS/3.4.4-GCC-13.3.0/include/flexiblas   -fpic   -fpic  -O2 -ftree-vectorize -march=native -fno-math-errno   -c stri_time_format.cpp -o stri_time_format.o
g++ -std=gnu++17 -I"/rds/bear-apps/2024a/EL8-ice/software/R/4.5.0-gfbf-2024a/lib64/R/include" -DNDEBUG -I.    -UDEBUG -DNDEBUG -DU_HAVE_ELF_H  -I/rds/bear-apps/2024a/EL8-ice/software/FriBidi/1.0.15-GCCcore-13.3.0/include -I/rds/bear-apps/2024a/EL8-ice/software/HarfBuzz/9.0.0-GCCcore-13.3.0/include -I/rds/bear-apps/2024a/EL8-ice/software/Tk/8.6.14-GCCcore-13.3.0/include -I/rds/bear-apps/2024a/EL8-ice/software/cURL/8.7.1-GCCcore-13.3.0/include -I/rds/bear-apps/2024a/EL8-ice/software/OpenSSL/3/include -I/rds/bear-apps/2024a/EL8-ice/software/libgit2/1.8.1-GCCcore-13.3.0/include -I/rds/bear-apps/2024a/EL8-ice/software/Java/17.0.15/include -I/rds/bear-apps/2024a/EL8-ice/software/LibTIFF/4.6.0-GCCcore-13.3.0/include -I/rds/bear-apps/2024a/EL8-ice/software/libjpeg-turbo/3.0.1-GCCcore-13.3.0/include -I/rds/bear-apps/2024a/EL8-ice/software/libpng/1.6.43-GCCcore-13.3.0/include -I/rds/bear-apps/2024a/EL8-ice/software/PCRE2/10.43-GCCcore-13.3.0/include -I/rds/bear-apps/2024a/EL8-ice/software/SQLite/3.45.3-GCCcore-13.3.0/include -I/rds/bear-apps/2024a/EL8-ice/software/zlib/1.3.1-GCCcore-13.3.0/include -I/rds/bear-apps/2024a/EL8-ice/software/XZ/5.4.5-GCCcore-13.3.0/include -I/rds/bear-apps/2024a/EL8-ice/software/bzip2/1.0.8-GCCcore-13.3.0/include -I/rds/bear-apps/2024a/EL8-ice/software/ncurses/6.5-GCCcore-13.3.0/include -I/rds/bear-apps/2024a/EL8-ice/software/libreadline/8.2-GCCcore-13.3.0/include -I/rds/bear-apps/2024a/EL8-ice/software/cairo/1.18.0-GCCcore-13.3.0/include -I/rds/bear-apps/2024a/EL8-ice/software/libGLU/9.0.3-GCCcore-13.3.0/include -I/rds/bear-apps/2024a/EL8-ice/software/Mesa/24.1.3-GCCcore-13.3.0/include -I/rds/bear-apps/2024a/EL8-ice/software/X11/20240607-GCCcore-13.3.0/include -I/rds/bear-apps/2024a/EL8-ice/software/pkgconf/2.2.0-GCCcore-13.3.0/include -I/rds/bear-apps/2024a/EL8-ice/software/FFTW/3.3.10-GCC-13.3.0/include -I/rds/bear-apps/2024a/EL8-ice/software/FlexiBLAS/3.4.4-GCC-13.3.0/include -I/rds/bear-apps/2024a/EL8-ice/software/FlexiBLAS/3.4.4-GCC-13.3.0/include/flexiblas   -fpic   -fpic  -O2 -ftree-vectorize -march=native -fno-math-errno   -c stri_trans_casemap.cpp -o stri_trans_casemap.o
g++ -std=gnu++17 -I"/rds/bear-apps/2024a/EL8-ice/software/R/4.5.0-gfbf-2024a/lib64/R/include" -DNDEBUG -I.    -UDEBUG -DNDEBUG -DU_HAVE_ELF_H  -I/rds/bear-apps/2024a/EL8-ice/software/FriBidi/1.0.15-GCCcore-13.3.0/include -I/rds/bear-apps/2024a/EL8-ice/software/HarfBuzz/9.0.0-GCCcore-13.3.0/include -I/rds/bear-apps/2024a/EL8-ice/software/Tk/8.6.14-GCCcore-13.3.0/include -I/rds/bear-apps/2024a/EL8-ice/software/cURL/8.7.1-GCCcore-13.3.0/include -I/rds/bear-apps/2024a/EL8-ice/software/OpenSSL/3/include -I/rds/bear-apps/2024a/EL8-ice/software/libgit2/1.8.1-GCCcore-13.3.0/include -I/rds/bear-apps/2024a/EL8-ice/software/Java/17.0.15/include -I/rds/bear-apps/2024a/EL8-ice/software/LibTIFF/4.6.0-GCCcore-13.3.0/include -I/rds/bear-apps/2024a/EL8-ice/software/libjpeg-turbo/3.0.1-GCCcore-13.3.0/include -I/rds/bear-apps/2024a/EL8-ice/software/libpng/1.6.43-GCCcore-13.3.0/include -I/rds/bear-apps/2024a/EL8-ice/software/PCRE2/10.43-GCCcore-13.3.0/include -I/rds/bear-apps/2024a/EL8-ice/software/SQLite/3.45.3-GCCcore-13.3.0/include -I/rds/bear-apps/2024a/EL8-ice/software/zlib/1.3.1-GCCcore-13.3.0/include -I/rds/bear-apps/2024a/EL8-ice/software/XZ/5.4.5-GCCcore-13.3.0/include -I/rds/bear-apps/2024a/EL8-ice/software/bzip2/1.0.8-GCCcore-13.3.0/include -I/rds/bear-apps/2024a/EL8-ice/software/ncurses/6.5-GCCcore-13.3.0/include -I/rds/bear-apps/2024a/EL8-ice/software/libreadline/8.2-GCCcore-13.3.0/include -I/rds/bear-apps/2024a/EL8-ice/software/cairo/1.18.0-GCCcore-13.3.0/include -I/rds/bear-apps/2024a/EL8-ice/software/libGLU/9.0.3-GCCcore-13.3.0/include -I/rds/bear-apps/2024a/EL8-ice/software/Mesa/24.1.3-GCCcore-13.3.0/include -I/rds/bear-apps/2024a/EL8-ice/software/X11/20240607-GCCcore-13.3.0/include -I/rds/bear-apps/2024a/EL8-ice/software/pkgconf/2.2.0-GCCcore-13.3.0/include -I/rds/bear-apps/2024a/EL8-ice/software/FFTW/3.3.10-GCC-13.3.0/include -I/rds/bear-apps/2024a/EL8-ice/software/FlexiBLAS/3.4.4-GCC-13.3.0/include -I/rds/bear-apps/2024a/EL8-ice/software/FlexiBLAS/3.4.4-GCC-13.3.0/include/flexiblas   -fpic   -fpic  -O2 -ftree-vectorize -march=native -fno-math-errno   -c stri_trans_other.cpp -o stri_trans_other.o
g++ -std=gnu++17 -I"/rds/bear-apps/2024a/EL8-ice/software/R/4.5.0-gfbf-2024a/lib64/R/include" -DNDEBUG -I.    -UDEBUG -DNDEBUG -DU_HAVE_ELF_H  -I/rds/bear-apps/2024a/EL8-ice/software/FriBidi/1.0.15-GCCcore-13.3.0/include -I/rds/bear-apps/2024a/EL8-ice/software/HarfBuzz/9.0.0-GCCcore-13.3.0/include -I/rds/bear-apps/2024a/EL8-ice/software/Tk/8.6.14-GCCcore-13.3.0/include -I/rds/bear-apps/2024a/EL8-ice/software/cURL/8.7.1-GCCcore-13.3.0/include -I/rds/bear-apps/2024a/EL8-ice/software/OpenSSL/3/include -I/rds/bear-apps/2024a/EL8-ice/software/libgit2/1.8.1-GCCcore-13.3.0/include -I/rds/bear-apps/2024a/EL8-ice/software/Java/17.0.15/include -I/rds/bear-apps/2024a/EL8-ice/software/LibTIFF/4.6.0-GCCcore-13.3.0/include -I/rds/bear-apps/2024a/EL8-ice/software/libjpeg-turbo/3.0.1-GCCcore-13.3.0/include -I/rds/bear-apps/2024a/EL8-ice/software/libpng/1.6.43-GCCcore-13.3.0/include -I/rds/bear-apps/2024a/EL8-ice/software/PCRE2/10.43-GCCcore-13.3.0/include -I/rds/bear-apps/2024a/EL8-ice/software/SQLite/3.45.3-GCCcore-13.3.0/include -I/rds/bear-apps/2024a/EL8-ice/software/zlib/1.3.1-GCCcore-13.3.0/include -I/rds/bear-apps/2024a/EL8-ice/software/XZ/5.4.5-GCCcore-13.3.0/include -I/rds/bear-apps/2024a/EL8-ice/software/bzip2/1.0.8-GCCcore-13.3.0/include -I/rds/bear-apps/2024a/EL8-ice/software/ncurses/6.5-GCCcore-13.3.0/include -I/rds/bear-apps/2024a/EL8-ice/software/libreadline/8.2-GCCcore-13.3.0/include -I/rds/bear-apps/2024a/EL8-ice/software/cairo/1.18.0-GCCcore-13.3.0/include -I/rds/bear-apps/2024a/EL8-ice/software/libGLU/9.0.3-GCCcore-13.3.0/include -I/rds/bear-apps/2024a/EL8-ice/software/Mesa/24.1.3-GCCcore-13.3.0/include -I/rds/bear-apps/2024a/EL8-ice/software/X11/20240607-GCCcore-13.3.0/include -I/rds/bear-apps/2024a/EL8-ice/software/pkgconf/2.2.0-GCCcore-13.3.0/include -I/rds/bear-apps/2024a/EL8-ice/software/FFTW/3.3.10-GCC-13.3.0/include -I/rds/bear-apps/2024a/EL8-ice/software/FlexiBLAS/3.4.4-GCC-13.3.0/include -I/rds/bear-apps/2024a/EL8-ice/software/FlexiBLAS/3.4.4-GCC-13.3.0/include/flexiblas   -fpic   -fpic  -O2 -ftree-vectorize -march=native -fno-math-errno   -c stri_trans_normalization.cpp -o stri_trans_normalization.o
g++ -std=gnu++17 -I"/rds/bear-apps/2024a/EL8-ice/software/R/4.5.0-gfbf-2024a/lib64/R/include" -DNDEBUG -I.    -UDEBUG -DNDEBUG -DU_HAVE_ELF_H  -I/rds/bear-apps/2024a/EL8-ice/software/FriBidi/1.0.15-GCCcore-13.3.0/include -I/rds/bear-apps/2024a/EL8-ice/software/HarfBuzz/9.0.0-GCCcore-13.3.0/include -I/rds/bear-apps/2024a/EL8-ice/software/Tk/8.6.14-GCCcore-13.3.0/include -I/rds/bear-apps/2024a/EL8-ice/software/cURL/8.7.1-GCCcore-13.3.0/include -I/rds/bear-apps/2024a/EL8-ice/software/OpenSSL/3/include -I/rds/bear-apps/2024a/EL8-ice/software/libgit2/1.8.1-GCCcore-13.3.0/include -I/rds/bear-apps/2024a/EL8-ice/software/Java/17.0.15/include -I/rds/bear-apps/2024a/EL8-ice/software/LibTIFF/4.6.0-GCCcore-13.3.0/include -I/rds/bear-apps/2024a/EL8-ice/software/libjpeg-turbo/3.0.1-GCCcore-13.3.0/include -I/rds/bear-apps/2024a/EL8-ice/software/libpng/1.6.43-GCCcore-13.3.0/include -I/rds/bear-apps/2024a/EL8-ice/software/PCRE2/10.43-GCCcore-13.3.0/include -I/rds/bear-apps/2024a/EL8-ice/software/SQLite/3.45.3-GCCcore-13.3.0/include -I/rds/bear-apps/2024a/EL8-ice/software/zlib/1.3.1-GCCcore-13.3.0/include -I/rds/bear-apps/2024a/EL8-ice/software/XZ/5.4.5-GCCcore-13.3.0/include -I/rds/bear-apps/2024a/EL8-ice/software/bzip2/1.0.8-GCCcore-13.3.0/include -I/rds/bear-apps/2024a/EL8-ice/software/ncurses/6.5-GCCcore-13.3.0/include -I/rds/bear-apps/2024a/EL8-ice/software/libreadline/8.2-GCCcore-13.3.0/include -I/rds/bear-apps/2024a/EL8-ice/software/cairo/1.18.0-GCCcore-13.3.0/include -I/rds/bear-apps/2024a/EL8-ice/software/libGLU/9.0.3-GCCcore-13.3.0/include -I/rds/bear-apps/2024a/EL8-ice/software/Mesa/24.1.3-GCCcore-13.3.0/include -I/rds/bear-apps/2024a/EL8-ice/software/X11/20240607-GCCcore-13.3.0/include -I/rds/bear-apps/2024a/EL8-ice/software/pkgconf/2.2.0-GCCcore-13.3.0/include -I/rds/bear-apps/2024a/EL8-ice/software/FFTW/3.3.10-GCC-13.3.0/include -I/rds/bear-apps/2024a/EL8-ice/software/FlexiBLAS/3.4.4-GCC-13.3.0/include -I/rds/bear-apps/2024a/EL8-ice/software/FlexiBLAS/3.4.4-GCC-13.3.0/include/flexiblas   -fpic   -fpic  -O2 -ftree-vectorize -march=native -fno-math-errno   -c stri_trans_transliterate.cpp -o stri_trans_transliterate.o
g++ -std=gnu++17 -I"/rds/bear-apps/2024a/EL8-ice/software/R/4.5.0-gfbf-2024a/lib64/R/include" -DNDEBUG -I.    -UDEBUG -DNDEBUG -DU_HAVE_ELF_H  -I/rds/bear-apps/2024a/EL8-ice/software/FriBidi/1.0.15-GCCcore-13.3.0/include -I/rds/bear-apps/2024a/EL8-ice/software/HarfBuzz/9.0.0-GCCcore-13.3.0/include -I/rds/bear-apps/2024a/EL8-ice/software/Tk/8.6.14-GCCcore-13.3.0/include -I/rds/bear-apps/2024a/EL8-ice/software/cURL/8.7.1-GCCcore-13.3.0/include -I/rds/bear-apps/2024a/EL8-ice/software/OpenSSL/3/include -I/rds/bear-apps/2024a/EL8-ice/software/libgit2/1.8.1-GCCcore-13.3.0/include -I/rds/bear-apps/2024a/EL8-ice/software/Java/17.0.15/include -I/rds/bear-apps/2024a/EL8-ice/software/LibTIFF/4.6.0-GCCcore-13.3.0/include -I/rds/bear-apps/2024a/EL8-ice/software/libjpeg-turbo/3.0.1-GCCcore-13.3.0/include -I/rds/bear-apps/2024a/EL8-ice/software/libpng/1.6.43-GCCcore-13.3.0/include -I/rds/bear-apps/2024a/EL8-ice/software/PCRE2/10.43-GCCcore-13.3.0/include -I/rds/bear-apps/2024a/EL8-ice/software/SQLite/3.45.3-GCCcore-13.3.0/include -I/rds/bear-apps/2024a/EL8-ice/software/zlib/1.3.1-GCCcore-13.3.0/include -I/rds/bear-apps/2024a/EL8-ice/software/XZ/5.4.5-GCCcore-13.3.0/include -I/rds/bear-apps/2024a/EL8-ice/software/bzip2/1.0.8-GCCcore-13.3.0/include -I/rds/bear-apps/2024a/EL8-ice/software/ncurses/6.5-GCCcore-13.3.0/include -I/rds/bear-apps/2024a/EL8-ice/software/libreadline/8.2-GCCcore-13.3.0/include -I/rds/bear-apps/2024a/EL8-ice/software/cairo/1.18.0-GCCcore-13.3.0/include -I/rds/bear-apps/2024a/EL8-ice/software/libGLU/9.0.3-GCCcore-13.3.0/include -I/rds/bear-apps/2024a/EL8-ice/software/Mesa/24.1.3-GCCcore-13.3.0/include -I/rds/bear-apps/2024a/EL8-ice/software/X11/20240607-GCCcore-13.3.0/include -I/rds/bear-apps/2024a/EL8-ice/software/pkgconf/2.2.0-GCCcore-13.3.0/include -I/rds/bear-apps/2024a/EL8-ice/software/FFTW/3.3.10-GCC-13.3.0/include -I/rds/bear-apps/2024a/EL8-ice/software/FlexiBLAS/3.4.4-GCC-13.3.0/include -I/rds/bear-apps/2024a/EL8-ice/software/FlexiBLAS/3.4.4-GCC-13.3.0/include/flexiblas   -fpic   -fpic  -O2 -ftree-vectorize -march=native -fno-math-errno   -c stri_ucnv.cpp -o stri_ucnv.o
g++ -std=gnu++17 -I"/rds/bear-apps/2024a/EL8-ice/software/R/4.5.0-gfbf-2024a/lib64/R/include" -DNDEBUG -I.    -UDEBUG -DNDEBUG -DU_HAVE_ELF_H  -I/rds/bear-apps/2024a/EL8-ice/software/FriBidi/1.0.15-GCCcore-13.3.0/include -I/rds/bear-apps/2024a/EL8-ice/software/HarfBuzz/9.0.0-GCCcore-13.3.0/include -I/rds/bear-apps/2024a/EL8-ice/software/Tk/8.6.14-GCCcore-13.3.0/include -I/rds/bear-apps/2024a/EL8-ice/software/cURL/8.7.1-GCCcore-13.3.0/include -I/rds/bear-apps/2024a/EL8-ice/software/OpenSSL/3/include -I/rds/bear-apps/2024a/EL8-ice/software/libgit2/1.8.1-GCCcore-13.3.0/include -I/rds/bear-apps/2024a/EL8-ice/software/Java/17.0.15/include -I/rds/bear-apps/2024a/EL8-ice/software/LibTIFF/4.6.0-GCCcore-13.3.0/include -I/rds/bear-apps/2024a/EL8-ice/software/libjpeg-turbo/3.0.1-GCCcore-13.3.0/include -I/rds/bear-apps/2024a/EL8-ice/software/libpng/1.6.43-GCCcore-13.3.0/include -I/rds/bear-apps/2024a/EL8-ice/software/PCRE2/10.43-GCCcore-13.3.0/include -I/rds/bear-apps/2024a/EL8-ice/software/SQLite/3.45.3-GCCcore-13.3.0/include -I/rds/bear-apps/2024a/EL8-ice/software/zlib/1.3.1-GCCcore-13.3.0/include -I/rds/bear-apps/2024a/EL8-ice/software/XZ/5.4.5-GCCcore-13.3.0/include -I/rds/bear-apps/2024a/EL8-ice/software/bzip2/1.0.8-GCCcore-13.3.0/include -I/rds/bear-apps/2024a/EL8-ice/software/ncurses/6.5-GCCcore-13.3.0/include -I/rds/bear-apps/2024a/EL8-ice/software/libreadline/8.2-GCCcore-13.3.0/include -I/rds/bear-apps/2024a/EL8-ice/software/cairo/1.18.0-GCCcore-13.3.0/include -I/rds/bear-apps/2024a/EL8-ice/software/libGLU/9.0.3-GCCcore-13.3.0/include -I/rds/bear-apps/2024a/EL8-ice/software/Mesa/24.1.3-GCCcore-13.3.0/include -I/rds/bear-apps/2024a/EL8-ice/software/X11/20240607-GCCcore-13.3.0/include -I/rds/bear-apps/2024a/EL8-ice/software/pkgconf/2.2.0-GCCcore-13.3.0/include -I/rds/bear-apps/2024a/EL8-ice/software/FFTW/3.3.10-GCC-13.3.0/include -I/rds/bear-apps/2024a/EL8-ice/software/FlexiBLAS/3.4.4-GCC-13.3.0/include -I/rds/bear-apps/2024a/EL8-ice/software/FlexiBLAS/3.4.4-GCC-13.3.0/include/flexiblas   -fpic   -fpic  -O2 -ftree-vectorize -march=native -fno-math-errno   -c stri_uloc.cpp -o stri_uloc.o
g++ -std=gnu++17 -I"/rds/bear-apps/2024a/EL8-ice/software/R/4.5.0-gfbf-2024a/lib64/R/include" -DNDEBUG -I.    -UDEBUG -DNDEBUG -DU_HAVE_ELF_H  -I/rds/bear-apps/2024a/EL8-ice/software/FriBidi/1.0.15-GCCcore-13.3.0/include -I/rds/bear-apps/2024a/EL8-ice/software/HarfBuzz/9.0.0-GCCcore-13.3.0/include -I/rds/bear-apps/2024a/EL8-ice/software/Tk/8.6.14-GCCcore-13.3.0/include -I/rds/bear-apps/2024a/EL8-ice/software/cURL/8.7.1-GCCcore-13.3.0/include -I/rds/bear-apps/2024a/EL8-ice/software/OpenSSL/3/include -I/rds/bear-apps/2024a/EL8-ice/software/libgit2/1.8.1-GCCcore-13.3.0/include -I/rds/bear-apps/2024a/EL8-ice/software/Java/17.0.15/include -I/rds/bear-apps/2024a/EL8-ice/software/LibTIFF/4.6.0-GCCcore-13.3.0/include -I/rds/bear-apps/2024a/EL8-ice/software/libjpeg-turbo/3.0.1-GCCcore-13.3.0/include -I/rds/bear-apps/2024a/EL8-ice/software/libpng/1.6.43-GCCcore-13.3.0/include -I/rds/bear-apps/2024a/EL8-ice/software/PCRE2/10.43-GCCcore-13.3.0/include -I/rds/bear-apps/2024a/EL8-ice/software/SQLite/3.45.3-GCCcore-13.3.0/include -I/rds/bear-apps/2024a/EL8-ice/software/zlib/1.3.1-GCCcore-13.3.0/include -I/rds/bear-apps/2024a/EL8-ice/software/XZ/5.4.5-GCCcore-13.3.0/include -I/rds/bear-apps/2024a/EL8-ice/software/bzip2/1.0.8-GCCcore-13.3.0/include -I/rds/bear-apps/2024a/EL8-ice/software/ncurses/6.5-GCCcore-13.3.0/include -I/rds/bear-apps/2024a/EL8-ice/software/libreadline/8.2-GCCcore-13.3.0/include -I/rds/bear-apps/2024a/EL8-ice/software/cairo/1.18.0-GCCcore-13.3.0/include -I/rds/bear-apps/2024a/EL8-ice/software/libGLU/9.0.3-GCCcore-13.3.0/include -I/rds/bear-apps/2024a/EL8-ice/software/Mesa/24.1.3-GCCcore-13.3.0/include -I/rds/bear-apps/2024a/EL8-ice/software/X11/20240607-GCCcore-13.3.0/include -I/rds/bear-apps/2024a/EL8-ice/software/pkgconf/2.2.0-GCCcore-13.3.0/include -I/rds/bear-apps/2024a/EL8-ice/software/FFTW/3.3.10-GCC-13.3.0/include -I/rds/bear-apps/2024a/EL8-ice/software/FlexiBLAS/3.4.4-GCC-13.3.0/include -I/rds/bear-apps/2024a/EL8-ice/software/FlexiBLAS/3.4.4-GCC-13.3.0/include/flexiblas   -fpic   -fpic  -O2 -ftree-vectorize -march=native -fno-math-errno   -c stri_utils.cpp -o stri_utils.o
g++ -std=gnu++17 -I"/rds/bear-apps/2024a/EL8-ice/software/R/4.5.0-gfbf-2024a/lib64/R/include" -DNDEBUG -I.    -UDEBUG -DNDEBUG -DU_HAVE_ELF_H  -I/rds/bear-apps/2024a/EL8-ice/software/FriBidi/1.0.15-GCCcore-13.3.0/include -I/rds/bear-apps/2024a/EL8-ice/software/HarfBuzz/9.0.0-GCCcore-13.3.0/include -I/rds/bear-apps/2024a/EL8-ice/software/Tk/8.6.14-GCCcore-13.3.0/include -I/rds/bear-apps/2024a/EL8-ice/software/cURL/8.7.1-GCCcore-13.3.0/include -I/rds/bear-apps/2024a/EL8-ice/software/OpenSSL/3/include -I/rds/bear-apps/2024a/EL8-ice/software/libgit2/1.8.1-GCCcore-13.3.0/include -I/rds/bear-apps/2024a/EL8-ice/software/Java/17.0.15/include -I/rds/bear-apps/2024a/EL8-ice/software/LibTIFF/4.6.0-GCCcore-13.3.0/include -I/rds/bear-apps/2024a/EL8-ice/software/libjpeg-turbo/3.0.1-GCCcore-13.3.0/include -I/rds/bear-apps/2024a/EL8-ice/software/libpng/1.6.43-GCCcore-13.3.0/include -I/rds/bear-apps/2024a/EL8-ice/software/PCRE2/10.43-GCCcore-13.3.0/include -I/rds/bear-apps/2024a/EL8-ice/software/SQLite/3.45.3-GCCcore-13.3.0/include -I/rds/bear-apps/2024a/EL8-ice/software/zlib/1.3.1-GCCcore-13.3.0/include -I/rds/bear-apps/2024a/EL8-ice/software/XZ/5.4.5-GCCcore-13.3.0/include -I/rds/bear-apps/2024a/EL8-ice/software/bzip2/1.0.8-GCCcore-13.3.0/include -I/rds/bear-apps/2024a/EL8-ice/software/ncurses/6.5-GCCcore-13.3.0/include -I/rds/bear-apps/2024a/EL8-ice/software/libreadline/8.2-GCCcore-13.3.0/include -I/rds/bear-apps/2024a/EL8-ice/software/cairo/1.18.0-GCCcore-13.3.0/include -I/rds/bear-apps/2024a/EL8-ice/software/libGLU/9.0.3-GCCcore-13.3.0/include -I/rds/bear-apps/2024a/EL8-ice/software/Mesa/24.1.3-GCCcore-13.3.0/include -I/rds/bear-apps/2024a/EL8-ice/software/X11/20240607-GCCcore-13.3.0/include -I/rds/bear-apps/2024a/EL8-ice/software/pkgconf/2.2.0-GCCcore-13.3.0/include -I/rds/bear-apps/2024a/EL8-ice/software/FFTW/3.3.10-GCC-13.3.0/include -I/rds/bear-apps/2024a/EL8-ice/software/FlexiBLAS/3.4.4-GCC-13.3.0/include -I/rds/bear-apps/2024a/EL8-ice/software/FlexiBLAS/3.4.4-GCC-13.3.0/include/flexiblas   -fpic   -fpic  -O2 -ftree-vectorize -march=native -fno-math-errno   -c stri_wrap.cpp -o stri_wrap.o
g++ -std=gnu++17 -shared -L/rds/bear-apps/2024a/EL8-ice/software/R/4.5.0-gfbf-2024a/lib64/R/lib -L/rds/bear-apps/2024a/EL8-ice/software/FriBidi/1.0.15-GCCcore-13.3.0/lib64 -L/rds/bear-apps/2024a/EL8-ice/software/FriBidi/1.0.15-GCCcore-13.3.0/lib -L/rds/bear-apps/2024a/EL8-ice/software/HarfBuzz/9.0.0-GCCcore-13.3.0/lib64 -L/rds/bear-apps/2024a/EL8-ice/software/HarfBuzz/9.0.0-GCCcore-13.3.0/lib -L/rds/bear-apps/2024a/EL8-ice/software/Tk/8.6.14-GCCcore-13.3.0/lib64 -L/rds/bear-apps/2024a/EL8-ice/software/Tk/8.6.14-GCCcore-13.3.0/lib -L/rds/bear-apps/2024a/EL8-ice/software/cURL/8.7.1-GCCcore-13.3.0/lib64 -L/rds/bear-apps/2024a/EL8-ice/software/cURL/8.7.1-GCCcore-13.3.0/lib -L/rds/bear-apps/2024a/EL8-ice/software/OpenSSL/3/lib64 -L/rds/bear-apps/2024a/EL8-ice/software/OpenSSL/3/lib -L/rds/bear-apps/2024a/EL8-ice/software/libgit2/1.8.1-GCCcore-13.3.0/lib64 -L/rds/bear-apps/2024a/EL8-ice/software/libgit2/1.8.1-GCCcore-13.3.0/lib -L/rds/bear-apps/2024a/EL8-ice/software/Java/17.0.15/lib64 -L/rds/bear-apps/2024a/EL8-ice/software/Java/17.0.15/lib -L/rds/bear-apps/2024a/EL8-ice/software/LibTIFF/4.6.0-GCCcore-13.3.0/lib64 -L/rds/bear-apps/2024a/EL8-ice/software/LibTIFF/4.6.0-GCCcore-13.3.0/lib -L/rds/bear-apps/2024a/EL8-ice/software/libjpeg-turbo/3.0.1-GCCcore-13.3.0/lib64 -L/rds/bear-apps/2024a/EL8-ice/software/libjpeg-turbo/3.0.1-GCCcore-13.3.0/lib -L/rds/bear-apps/2024a/EL8-ice/software/libpng/1.6.43-GCCcore-13.3.0/lib64 -L/rds/bear-apps/2024a/EL8-ice/software/libpng/1.6.43-GCCcore-13.3.0/lib -L/rds/bear-apps/2024a/EL8-ice/software/PCRE2/10.43-GCCcore-13.3.0/lib64 -L/rds/bear-apps/2024a/EL8-ice/software/PCRE2/10.43-GCCcore-13.3.0/lib -L/rds/bear-apps/2024a/EL8-ice/software/SQLite/3.45.3-GCCcore-13.3.0/lib64 -L/rds/bear-apps/2024a/EL8-ice/software/SQLite/3.45.3-GCCcore-13.3.0/lib -L/rds/bear-apps/2024a/EL8-ice/software/zlib/1.3.1-GCCcore-13.3.0/lib64 -L/rds/bear-apps/2024a/EL8-ice/software/zlib/1.3.1-GCCcore-13.3.0/lib -L/rds/bear-apps/2024a/EL8-ice/software/XZ/5.4.5-GCCcore-13.3.0/lib64 -L/rds/bear-apps/2024a/EL8-ice/software/XZ/5.4.5-GCCcore-13.3.0/lib -L/rds/bear-apps/2024a/EL8-ice/software/bzip2/1.0.8-GCCcore-13.3.0/lib64 -L/rds/bear-apps/2024a/EL8-ice/software/bzip2/1.0.8-GCCcore-13.3.0/lib -L/rds/bear-apps/2024a/EL8-ice/software/ncurses/6.5-GCCcore-13.3.0/lib64 -L/rds/bear-apps/2024a/EL8-ice/software/ncurses/6.5-GCCcore-13.3.0/lib -L/rds/bear-apps/2024a/EL8-ice/software/libreadline/8.2-GCCcore-13.3.0/lib64 -L/rds/bear-apps/2024a/EL8-ice/software/libreadline/8.2-GCCcore-13.3.0/lib -L/rds/bear-apps/2024a/EL8-ice/software/cairo/1.18.0-GCCcore-13.3.0/lib64 -L/rds/bear-apps/2024a/EL8-ice/software/cairo/1.18.0-GCCcore-13.3.0/lib -L/rds/bear-apps/2024a/EL8-ice/software/libGLU/9.0.3-GCCcore-13.3.0/lib64 -L/rds/bear-apps/2024a/EL8-ice/software/libGLU/9.0.3-GCCcore-13.3.0/lib -L/rds/bear-apps/2024a/EL8-ice/software/Mesa/24.1.3-GCCcore-13.3.0/lib64 -L/rds/bear-apps/2024a/EL8-ice/software/Mesa/24.1.3-GCCcore-13.3.0/lib -L/rds/bear-apps/2024a/EL8-ice/software/X11/20240607-GCCcore-13.3.0/lib64 -L/rds/bear-apps/2024a/EL8-ice/software/X11/20240607-GCCcore-13.3.0/lib -L/rds/bear-apps/2024a/EL8-ice/software/pkgconf/2.2.0-GCCcore-13.3.0/lib64 -L/rds/bear-apps/2024a/EL8-ice/software/pkgconf/2.2.0-GCCcore-13.3.0/lib -L/rds/bear-apps/2024a/EL8-ice/software/FFTW/3.3.10-GCC-13.3.0/lib64 -L/rds/bear-apps/2024a/EL8-ice/software/FFTW/3.3.10-GCC-13.3.0/lib -L/rds/bear-apps/2024a/EL8-ice/software/FlexiBLAS/3.4.4-GCC-13.3.0/lib64 -L/rds/bear-apps/2024a/EL8-ice/software/FlexiBLAS/3.4.4-GCC-13.3.0/lib -L/rds/bear-apps/2024a/EL8-ice/software/GCCcore/13.3.0/lib64 -L/rds/bear-apps/2024a/EL8-ice/software/GCCcore/13.3.0/lib -o stringi.so stri_brkiter.o stri_callables.o stri_collator.o stri_common.o stri_compare.o stri_container_base.o stri_container_bytesearch.o stri_container_listint.o stri_container_listraw.o stri_container_listutf8.o stri_container_regex.o stri_container_usearch.o stri_container_utf16.o stri_container_utf8.o stri_container_utf8_indexable.o stri_encoding_conversion.o stri_encoding_detection.o stri_encoding_management.o stri_escape.o stri_exception.o stri_ICU_settings.o stri_join.o stri_length.o stri_pad.o stri_prepare_arg.o stri_random.o stri_reverse.o stri_search_class_count.o stri_search_class_detect.o stri_search_class_extract.o stri_search_class_locate.o stri_search_class_replace.o stri_search_class_split.o stri_search_class_startsendswith.o stri_search_class_subset.o stri_search_class_trim.o stri_search_common.o stri_search_coll_count.o stri_search_coll_detect.o stri_search_coll_extract.o stri_search_coll_locate.o stri_search_coll_replace.o stri_search_coll_split.o stri_search_coll_startsendswith.o stri_search_coll_subset.o stri_search_boundaries_count.o stri_search_boundaries_extract.o stri_search_boundaries_locate.o stri_search_boundaries_split.o stri_search_fixed_count.o stri_search_fixed_detect.o stri_search_fixed_extract.o stri_search_fixed_locate.o stri_search_fixed_replace.o stri_search_fixed_split.o stri_search_fixed_subset.o stri_search_fixed_startsendswith.o stri_search_in.o stri_search_other_split.o stri_search_regex_count.o stri_search_regex_detect.o stri_search_regex_extract.o stri_search_regex_locate.o stri_search_regex_match.o stri_search_regex_replace.o stri_search_regex_split.o stri_search_regex_subset.o stri_sort.o stri_sprintf.o stri_stats.o stri_string8.o stri_stringi.o stri_sub.o stri_test.o stri_time_zone.o stri_time_calendar.o stri_time_symbols.o stri_time_format.o stri_trans_casemap.o stri_trans_other.o stri_trans_normalization.o stri_trans_transliterate.o stri_ucnv.o stri_uloc.o stri_utils.o stri_wrap.o -L/rds/bear-apps/2024a/EL8-ice/software/ICU/75.1-GCCcore-13.3.0/lib -licui18n -licuuc -licudata -L/rds/bear-apps/2024a/EL8-ice/software/R/4.5.0-gfbf-2024a/lib64/R/lib -lR
installing via 'install.libs.R' to /rds/homes/a/axv209/R/library/4.5.0/EL8-ice/00LOCK-stringi/00new/stringi
** R
** inst
** byte-compile and prepare package for lazy loading
** help
*** installing help indices
** building package indices
** testing if installed package can be loaded from temporary location
** checking absolute paths in shared objects and dynamic libraries
** testing if installed package can be loaded from final location
** testing if installed package keeps a record of temporary installation path
* DONE (stringi)

The downloaded source packages are in
	‘/tmp/RtmpoQDmvA/downloaded_packages’
[1] "/rds/homes/a/axv209/R/library/4.5.0/EL8-ice"                             
[2] "/rds/bear-apps/2024a/EL8-ice/software/R/4.5.0-gfbf-2024a/lib64/R/library"
[1] "/rds/homes/a/axv209/R/library/4.5.0/EL8-ice"                             
[2] "/rds/bear-apps/2024a/EL8-ice/software/R/4.5.0-gfbf-2024a/lib64/R/library"
[1] "/rds/homes/a/axv209/R/library/4.5.0/EL8-ice"                             
[2] "/rds/bear-apps/2024a/EL8-ice/software/R/4.5.0-gfbf-2024a/lib64/R/library"
[1] "/rds/homes/a/axv209/R/library/4.5.0/EL8-ice"                             
[2] "/rds/bear-apps/2024a/EL8-ice/software/R/4.5.0-gfbf-2024a/lib64/R/library"
[1] "/rds/homes/a/axv209/R/library/4.5.0/EL8-ice"                             
[2] "/rds/bear-apps/2024a/EL8-ice/software/R/4.5.0-gfbf-2024a/lib64/R/library"
[1] "/rds/homes/a/axv209/R/library/4.5.0/EL8-ice"                             
[2] "/rds/bear-apps/2024a/EL8-ice/software/R/4.5.0-gfbf-2024a/lib64/R/library"
[31m

processing file: NLI-AI_Phase3_NatOriented.qmd
[39m1/27                           
2/27 [setup]                   
3/27                           
4/27 [unnamed-chunk-1]         
[31mError in `library()`:
! there is no package called 'dtplyr'
Backtrace:
    ▆
 1. └─base::library("dtplyr", lib.loc = lib_loc)
[39m[31mWarning messages:
1: In png(..., res = dpi, units = "in") :
  unable to open connection to X11 display ''
2: Duplicated chunk option(s) 'label' in both chunk header and pipe comments of the chunk 'setup'. 
[39mError in `quarto::quarto_render()`:
! Error running quarto CLI from R.
Caused by error in `quarto::quarto_render()`:
✖ Error returned by quarto CLI.
  -----------------------------
  
  
  processing file: NLI-AI_Phase3_NatOriented.qmd
  1/27
  2/27 [setup]
  3/27
  4/27 [unnamed-chunk-1]
  [31mError in `library()`:[39m
  ! there is no package called 'dtplyr'
  Backtrace:
  ▆
  1. └─base::library("dtplyr", lib.loc = lib_loc)
  [31mWarning messages:[39m
  1: In png(..., res = dpi, units = "in") :
  unable to open connection to X11 display ''
  2: Duplicated chunk option(s) 'label' in both chunk header and pipe comments
  of the chunk 'setup'.
  
Caused by error:
! System command 'quarto' failed
Backtrace:
     ▆
  1. ├─quarto::quarto_render("NLI-AI_Phase3_NatOriented.qmd")
  2. │ └─quarto:::quarto_run(args, echo = TRUE, quarto_bin = quarto_bin)
  3. │   ├─base::withCallingHandlers(...)
  4. │   └─processx::run(...)
  5. │     └─throw(...)
  6. │       └─base::signalCondition(cond)
  7. └─quarto (local) `<fn>`(`<systm___>`)
  8.   └─quarto:::wrap_quarto_error(e, args, .call = .call)
  9.     └─cli::cli_abort(msg, call = .call, parent = cnd, )
 10.       └─rlang::abort(...)
Execution halted
